"macchina";"terminale";"giorno";"ora_locale";"conto";"ticket";"evento";"tipo";"volume";"simbolo";"prezzo";"ordine_rif"
"VMI3047753";"215D85D7";"20260616";"05:41:39";"50503392";"2164844";"ESEGUITO";"buy";"0.5";"XAUUSD";"4327.98";"2433656"
"VMI3047753";"215D85D7";"20260616";"05:41:50";"50503392";"2164845";"ESEGUITO";"sell";"0.25";"XAUUSD";"4328.12";"2433657"
"VMI3047753";"215D85D7";"20260616";"05:43:22";"50503392";"2164869";"ESEGUITO";"sell";"0.25";"XAUUSD";"4330.92";"2433681"
"VMI3047753";"215D85D7";"20260616";"05:43:31";"50503392";"2164871";"ESEGUITO";"sell";"0.5";"XAUUSD";"4330.66";"2433683"
"VMI3047753";"215D85D7";"20260616";"05:43:40";"50503392";"2164872";"ESEGUITO";"buy";"0.25";"XAUUSD";"4330.00";"2433684"
"VMI3047753";"215D85D7";"20260616";"05:44:03";"50503392";"2164873";"ESEGUITO";"buy";"0.25";"XAUUSD";"4330.57";"2433685"
"VMI3047753";"215D85D7";"20260616";"05:44:19";"50503392";"2164874";"ESEGUITO";"buy";"0.5";"XAUUSD";"4330.73";"2433686"
"VMI3047753";"215D85D7";"20260616";"05:44:37";"50503392";"2164875";"ESEGUITO";"sell";"0.25";"XAUUSD";"4331.07";"2433687"
"VMI3047753";"215D85D7";"20260616";"05:45:16";"50503392";"2164881";"ESEGUITO";"sell";"0.25";"XAUUSD";"4331.15";"2433693"
"VMI3047753";"215D85D7";"20260616";"05:45:17";"50503392";"2164882";"ESEGUITO";"sell";"0.5";"XAUUSD";"4331.00";"2433694"
"VMI3047753";"215D85D7";"20260616";"05:45:27";"50503392";"2164886";"ESEGUITO";"buy";"0.25";"XAUUSD";"4330.65";"2433698"
"VMI3047753";"215D85D7";"20260616";"05:45:50";"50503392";"2164931";"ESEGUITO";"buy";"0.25";"XAUUSD";"4330.94";"2433743"
"VMI3047753";"215D85D7";"20260616";"05:47:03";"50503392";"2164935";"ESEGUITO";"buy";"0.5";"XAUUSD";"4333.05";"2433747"
"VMI3047753";"215D85D7";"20260616";"05:48:24";"50503392";"2164936";"ESEGUITO";"sell";"0.5";"XAUUSD";"4331.77";"2433748"
"VMI3047753";"215D85D7";"20260616";"05:48:54";"50503392";"2164937";"ESEGUITO";"buy";"0.25";"XAUUSD";"4330.99";"2433749"
"VMI3047753";"215D85D7";"20260616";"05:49:51";"50503392";"2164939";"ESEGUITO";"buy";"0.25";"XAUUSD";"4331.65";"2433751"
"VMI3047753";"215D85D7";"20260616";"06:10:06";"50503392";"2165101";"ESEGUITO";"sell";"0.5";"XAUUSD";"4327.84";"2433921"
"VMI3047753";"215D85D7";"20260616";"06:11:38";"50503392";"2165153";"ESEGUITO";"sell";"0.5";"XAUUSD";"4326.49";"2433973"
"VMI3047753";"215D85D7";"20260616";"06:11:50";"50503392";"2165155";"ESEGUITO";"buy";"0.25";"XAUUSD";"4326.30";"2433975"
"VMI3047753";"215D85D7";"20260616";"06:12:35";"50503392";"2165204";"ESEGUITO";"buy";"0.25";"XAUUSD";"4326.51";"2434023"
"VMI3047753";"215D85D7";"20260616";"06:13:43";"50503392";"2165224";"ESEGUITO";"sell";"0.5";"XAUUSD";"4325.89";"2434042"
"VMI3047753";"215D85D7";"20260616";"06:18:51";"50503392";"2165226";"ESEGUITO";"buy";"0.5";"XAUUSD";"4325.38";"2434045"
"VMI3047753";"215D85D7";"20260616";"06:21:55";"50503392";"2165284";"ESEGUITO";"sell";"0.5";"XAUUSD";"4326.14";"2434103"
"VMI3047753";"215D85D7";"20260616";"06:22:08";"50503392";"2165286";"ESEGUITO";"buy";"0.25";"XAUUSD";"4326.01";"2434105"
"VMI3047753";"215D85D7";"20260616";"06:25:02";"50503392";"2165295";"ESEGUITO";"buy";"0.25";"XAUUSD";"4324.77";"2434110"
"VMI3047753";"215D85D7";"20260616";"06:51:03";"50503392";"2165441";"ESEGUITO";"buy";"0.5";"XAUUSD";"4322.82";"2434271"
"VMI3047753";"215D85D7";"20260616";"07:03:09";"50503392";"2165459";"ESEGUITO";"sell";"0.5";"XAUUSD";"4324.31";"2434296"
"VMI3047753";"215D85D7";"20260616";"07:11:23";"50503392";"2165689";"ESEGUITO";"sell";"0.5";"XAUUSD";"4328.23";"2434528"
"VMI3047753";"215D85D7";"20260616";"07:14:06";"50503392";"2165692";"ESEGUITO";"buy";"0.5";"XAUUSD";"4327.32";"2434532"
"VMI3047753";"215D85D7";"20260616";"07:15:21";"50503392";"2165693";"ESEGUITO";"buy";"0.5";"XAUUSD";"4327.46";"2434534"
"VMI3047753";"215D85D7";"20260616";"07:15:28";"50503392";"2165694";"ESEGUITO";"sell";"0.25";"XAUUSD";"4327.35";"2434535"
"VMI3047753";"215D85D7";"20260616";"07:17:55";"50503392";"2165696";"ESEGUITO";"sell";"0.25";"XAUUSD";"4325.97";"2434537"
"VMI3047753";"215D85D7";"20260616";"07:18:03";"50503392";"2165697";"ESEGUITO";"buy";"0.5";"XAUUSD";"4326.61";"2434538"
"VMI3047753";"215D85D7";"20260616";"07:18:46";"50503392";"2165699";"ESEGUITO";"sell";"0.25";"XAUUSD";"4326.88";"2434540"
"VMI3047753";"215D85D7";"20260616";"07:20:06";"50503392";"2165702";"ESEGUITO";"sell";"0.5";"XAUUSD";"4326.29";"2434545"
"VMI3047753";"215D85D7";"20260616";"07:20:39";"50503392";"2165705";"ESEGUITO";"buy";"0.25";"XAUUSD";"4325.33";"2434550"
"VMI3047753";"215D85D7";"20260616";"07:21:21";"50503392";"2165706";"ESEGUITO";"buy";"0.25";"XAUUSD";"4326.11";"2434553"
"VMI3047753";"215D85D7";"20260616";"07:23:44";"50503392";"2165707";"ESEGUITO";"sell";"0.25";"XAUUSD";"4326.89";"2434554"
"VMI3047753";"215D85D7";"20260616";"07:57:18";"50503392";"2166260";"ESEGUITO";"sell";"0.5";"XAUUSD";"4317.56";"2435113"
"VMI3047753";"215D85D7";"20260616";"07:57:44";"50503392";"2166307";"ESEGUITO";"buy";"0.25";"XAUUSD";"4317.34";"2435160"
"VMI3047753";"215D85D7";"20260616";"08:00:00";"50503392";"2166378";"ESEGUITO";"buy";"0.25";"XAUUSD";"4316.27";"2435231"
"VMI3047753";"215D85D7";"20260616";"08:00:01";"50503392";"2166379";"ESEGUITO";"buy";"0.5";"XAUUSD";"4316.68";"2435232"
"VMI3047753";"215D85D7";"20260616";"08:03:05";"50503392";"2166395";"ESEGUITO";"sell";"0.5";"XAUUSD";"4315.47";"2435252"
"VMI3047753";"215D85D7";"20260616";"08:07:34";"50503392";"2166416";"ESEGUITO";"sell";"0.5";"XAUUSD";"4316.67";"2435281"
"VMI3047753";"215D85D7";"20260616";"08:07:58";"50503392";"2166417";"ESEGUITO";"buy";"0.25";"XAUUSD";"4315.90";"2435282"
"VMI3047753";"215D85D7";"20260616";"08:08:43";"50503392";"2166423";"ESEGUITO";"sell";"0.5";"XAUUSD";"4314.84";"2435288"
"VMI3047753";"215D85D7";"20260616";"08:09:31";"50503392";"2166425";"ESEGUITO";"buy";"0.25";"XAUUSD";"4316.64";"2435290"
"VMI3047753";"215D85D7";"20260616";"08:24:24";"50503392";"2166476";"ESEGUITO";"buy";"0.25";"XAUUSD";"4314.79";"2435348"
"VMI3047753";"215D85D7";"20260616";"08:26:31";"50503392";"2166483";"ESEGUITO";"buy";"0.25";"XAUUSD";"4315.76";"2435355"
"VMI3047753";"215D85D7";"20260616";"08:30:45";"50503392";"2166515";"ESEGUITO";"sell";"0.5";"XAUUSD";"4315.73";"2435387"
"VMI3047753";"215D85D7";"20260616";"08:30:55";"50503392";"2166516";"ESEGUITO";"buy";"0.25";"XAUUSD";"4315.57";"2435388"
"VMI3047753";"215D85D7";"20260616";"08:31:08";"50503392";"2166519";"ESEGUITO";"buy";"0.25";"XAUUSD";"4315.54";"2435391"
"VMI3047753";"215D85D7";"20260616";"08:32:11";"50503392";"2166520";"ESEGUITO";"sell";"0.5";"XAUUSD";"4316.73";"2435392"
"VMI3047753";"215D85D7";"20260616";"08:42:00";"50503392";"2166577";"ESEGUITO";"buy";"0.5";"XAUUSD";"4317.09";"2435459"
"VMI3047753";"215D85D7";"20260616";"08:49:51";"50503392";"2166622";"ESEGUITO";"buy";"0.5";"XAUUSD";"4319.17";"2435511"
"VMI3047753";"215D85D7";"20260616";"08:50:10";"50503392";"2166628";"ESEGUITO";"sell";"0.5";"XAUUSD";"4317.65";"2435518"
"VMI3047753";"215D85D7";"20260616";"08:51:51";"50503392";"2166634";"ESEGUITO";"sell";"0.5";"XAUUSD";"4319.69";"2435525"
"VMI3047753";"215D85D7";"20260616";"09:29:33";"50503392";"2167392";"ESEGUITO";"sell";"0.5";"XAUUSD";"4327.15";"2436324"
"VMI3047753";"215D85D7";"20260616";"09:37:41";"50503392";"2167580";"ESEGUITO";"buy";"0.25";"XAUUSD";"4326.66";"2436530"
"VMI3047753";"215D85D7";"20260616";"09:38:21";"50503392";"2167584";"ESEGUITO";"buy";"0.25";"XAUUSD";"4326.99";"2436533"
"VMI3047753";"215D85D7";"20260616";"10:10:14";"50503392";"2168120";"ESEGUITO";"buy";"0.5";"XAUUSD";"4338.72";"2437077"
"VMI3047753";"215D85D7";"20260616";"10:16:11";"50503392";"2168258";"ESEGUITO";"buy";"0.5";"XAUUSD";"4340.11";"2437215"
"VMI3047753";"215D85D7";"20260616";"10:27:26";"50503392";"2168440";"ESEGUITO";"sell";"0.5";"XAUUSD";"4341.21";"2437403"
"VMI3047753";"215D85D7";"20260616";"10:30:43";"50503392";"2168504";"ESEGUITO";"buy";"1";"XAUUSD";"4342.30";"2437467"
"VMI3047753";"215D85D7";"20260616";"10:33:36";"50503392";"2168528";"ESEGUITO";"sell";"1";"XAUUSD";"4340.14";"2437494"
"VMI3047753";"215D85D7";"20260616";"10:34:26";"50503392";"2168539";"ESEGUITO";"buy";"0.5";"XAUUSD";"4342.14";"2437507"
"VMI3047753";"215D85D7";"20260616";"10:37:23";"50503392";"2168562";"ESEGUITO";"sell";"0.5";"XAUUSD";"4342.23";"2437530"
"VMI3047753";"215D85D7";"20260616";"10:39:08";"50503392";"2168587";"ESEGUITO";"buy";"2";"XAUUSD";"4340.50";"2437555"
"VMI3047753";"215D85D7";"20260616";"10:41:22";"50503392";"2168605";"ESEGUITO";"sell";"2";"XAUUSD";"4340.57";"2437576"
"VMI3047753";"215D85D7";"20260616";"10:42:32";"50503392";"2168611";"ESEGUITO";"buy";"2";"XAUUSD";"4341.69";"2437583"
"VMI3047753";"215D85D7";"20260616";"10:44:08";"50503392";"2168630";"ESEGUITO";"sell";"2";"XAUUSD";"4344.55";"2437602"
"VMI3047753";"215D85D7";"20260616";"10:44:13";"50503392";"2168632";"ESEGUITO";"buy";"2";"XAUUSD";"4345.23";"2437604"
"VMI3047753";"215D85D7";"20260616";"10:59:25";"50503392";"2169124";"ESEGUITO";"sell";"2";"XAUUSD";"4347.90";"2438097"
"VMI3047753";"215D85D7";"20260616";"10:59:27";"50503392";"2169127";"ESEGUITO";"buy";"2";"XAUUSD";"4347.75";"2438100"
"VMI3047753";"215D85D7";"20260616";"11:20:36";"50503392";"2169330";"ESEGUITO";"sell";"2";"XAUUSD";"4340.11";"2438307"
"VMI3047753";"215D85D7";"20260616";"11:20:53";"50503392";"2169332";"ESEGUITO";"sell";"2";"XAUUSD";"4340.08";"2438309"
"VMI3047753";"215D85D7";"20260616";"11:30:31";"50503392";"2169455";"ESEGUITO";"buy";"2";"XAUUSD";"4343.80";"2438447"
"VMI3047753";"215D85D7";"20260616";"11:37:27";"50503392";"2169505";"ESEGUITO";"buy";"2";"XAUUSD";"4346.01";"2438506"
"VMI3047753";"215D85D7";"20260616";"11:43:44";"50503392";"2169535";"ESEGUITO";"sell";"2";"XAUUSD";"4343.98";"2438545"
"VMI3047753";"215D85D7";"20260616";"11:46:21";"50503392";"2169676";"ESEGUITO";"sell";"1";"XAUUSD";"4340.60";"2438686"
"VMI3047753";"215D85D7";"20260616";"11:49:34";"50503392";"2169700";"ESEGUITO";"buy";"1";"XAUUSD";"4343.30";"2438714"
"VMI3047753";"215D85D7";"20260616";"11:50:24";"50503392";"2169719";"ESEGUITO";"buy";"1";"XAUUSD";"4344.98";"2438737"
"VMI3047753";"215D85D7";"20260616";"11:54:14";"50503392";"2169742";"ESEGUITO";"sell";"1";"XAUUSD";"4347.16";"2438759"
"VMI3047753";"215D85D7";"20260616";"12:07:27";"50503392";"2170095";"ESEGUITO";"buy";"1";"XAUUSD";"4345.51";"2439127"
"VMI3047753";"215D85D7";"20260616";"12:08:01";"50503392";"2170098";"ESEGUITO";"sell";"1";"XAUUSD";"4344.58";"2439130"
"VMI3047753";"215D85D7";"20260616";"12:09:14";"50503392";"2170105";"ESEGUITO";"buy";"1";"XAUUSD";"4345.58";"2439140"
"VMI3047753";"215D85D7";"20260616";"12:11:02";"50503392";"2170122";"ESEGUITO";"sell";"1";"XAUUSD";"4344.70";"2439155"
"VMI3047753";"215D85D7";"20260616";"12:20:29";"50503392";"2170361";"ESEGUITO";"sell";"1";"XAUUSD";"4343.71";"2439399"
"VMI3047753";"215D85D7";"20260616";"12:21:19";"50503392";"2170369";"ESEGUITO";"buy";"1";"XAUUSD";"4345.31";"2439406"
"VMI3047753";"215D85D7";"20260616";"12:29:04";"50503392";"2170745";"ESEGUITO";"sell";"1";"XAUUSD";"4344.72";"2439798"
"VMI3047753";"215D85D7";"20260616";"12:34:26";"50503392";"2170779";"ESEGUITO";"buy";"1";"XAUUSD";"4343.42";"2439834"
"VMI3047753";"215D85D7";"20260616";"12:47:12";"50503392";"2170876";"ESEGUITO";"sell";"1.5";"XAUUSD";"4347.68";"2439937"
"VMI3047753";"215D85D7";"20260616";"12:50:47";"50503392";"2170910";"ESEGUITO";"buy";"1.5";"XAUUSD";"4348.80";"2439983"
"VMI3047753";"215D85D7";"20260616";"12:52:01";"50503392";"2170920";"ESEGUITO";"buy";"1.5";"XAUUSD";"4348.15";"2439993"
"VMI3047753";"215D85D7";"20260616";"13:00:15";"50503392";"2170992";"ESEGUITO";"sell";"1.5";"XAUUSD";"4349.13";"2440068"
"VMI3047753";"215D85D7";"20260616";"13:03:04";"50503392";"2171019";"ESEGUITO";"buy";"1.5";"XAUUSD";"4347.37";"2440100"
"VMI3047753";"215D85D7";"20260616";"13:04:28";"50503392";"2171023";"ESEGUITO";"sell";"1.5";"XAUUSD";"4346.16";"2440104"
"VMI3047753";"215D85D7";"20260616";"13:08:10";"50503392";"2171066";"ESEGUITO";"buy";"1";"XAUUSD";"4342.77";"2440151"
"VMI3047753";"215D85D7";"20260616";"13:09:15";"50503392";"2171079";"ESEGUITO";"sell";"1";"XAUUSD";"4340.76";"2440165"
"VMI3047753";"215D85D7";"20260616";"13:35:22";"50503392";"2171391";"ESEGUITO";"sell";"1.5";"XAUUSD";"4339.93";"2440590"
"VMI3047753";"215D85D7";"20260616";"13:38:48";"50503392";"2171461";"ESEGUITO";"buy";"1.5";"XAUUSD";"4338.95";"2440652"
"VMI3047753";"215D85D7";"20260616";"13:39:55";"50503392";"2171470";"ESEGUITO";"sell";"1";"XAUUSD";"4338.40";"2440660"
"VMI3047753";"215D85D7";"20260616";"13:45:52";"50503392";"2171551";"ESEGUITO";"buy";"1";"XAUUSD";"4340.86";"2440745"
"VMI3047753";"215D85D7";"20260616";"14:21:05";"50503392";"2172304";"ESEGUITO";"sell";"1";"XAUUSD";"4337.37";"2441515"
"VMI3047753";"215D85D7";"20260616";"14:40:43";"50503392";"2172769";"ESEGUITO";"buy";"0.5";"XAUUSD";"4347.27";"2441996"
"VMI3047753";"215D85D7";"20260616";"14:44:38";"50503392";"2172800";"ESEGUITO";"buy";"1";"XAUUSD";"4348.97";"2442028"
"VMI3047753";"215D85D7";"20260616";"15:31:35";"50503392";"2173674";"ESEGUITO";"sell";"0.1";"XAUUSD";"4339.81";"2442926"
"VMI3047753";"215D85D7";"20260616";"15:34:02";"50503392";"2173727";"ESEGUITO";"buy";"0.1";"XAUUSD";"4338.89";"2442991"
"VMI3047753";"215D85D7";"20260616";"15:35:52";"50503392";"2173754";"ESEGUITO";"sell";"1";"XAUUSD";"4337.35";"2443022"
"VMI3047753";"215D85D7";"20260616";"15:40:12";"50503392";"2173794";"ESEGUITO";"buy";"1";"XAUUSD";"4336.04";"2443069"
"VMI3047753";"215D85D7";"20260616";"15:56:37";"50503392";"2173996";"ESEGUITO";"sell";"0.5";"XAUUSD";"4333.78";"2443294"
"VMI3047753";"215D85D7";"20260616";"16:10:11";"50503392";"2443576";"PIAZZATO";"buy";"0.4";"USDCAD";"1.40031";"2443576"
"VMI3047753";"215D85D7";"20260616";"16:10:11";"50503392";"2174278";"ESEGUITO";"buy";"0.4";"USDCAD";"1.40031";"2443576"
"VMI3047753";"215D85D7";"20260616";"16:12:16";"50503392";"2443589";"PIAZZATO";"sell";"0.4";"GBPNZD";"2.29920";"2443589"
"VMI3047753";"215D85D7";"20260616";"16:12:16";"50503392";"2174289";"ESEGUITO";"sell";"0.4";"GBPNZD";"2.29920";"2443589"
"VMI3047753";"215D85D7";"20260616";"16:12:34";"50503392";"2174293";"ESEGUITO";"sell";"0.4";"USDCAD";"1.39975";"2443592"
"VMI3047753";"215D85D7";"20260616";"16:15:35";"50503392";"2443616";"PIAZZATO";"sell";"0.4";"EURNZD";"1.98728";"2443616"
"VMI3047753";"215D85D7";"20260616";"16:15:35";"50503392";"2174311";"ESEGUITO";"sell";"0.4";"EURNZD";"1.98728";"2443616"
"VMI3047753";"215D85D7";"20260616";"16:17:09";"50503392";"2443663";"PIAZZATO";"buy";"0.4";"CHFJPY";"201.953";"2443663"
"VMI3047753";"215D85D7";"20260616";"16:17:09";"50503392";"2174367";"ESEGUITO";"buy";"0.4";"CHFJPY";"201.953";"2443663"
"VMI3047753";"215D85D7";"20260616";"16:19:23";"50503392";"2174502";"ESEGUITO";"buy";"0.4";"EURNZD";"1.98775";"2443806"
"VMI3047753";"215D85D7";"20260616";"16:21:21";"50503392";"2174626";"ESEGUITO";"sell";"0.4";"CHFJPY";"202.005";"2443932"
"VMI3047753";"215D85D7";"20260616";"16:29:38";"50503392";"2174798";"ESEGUITO";"buy";"0.4";"GBPNZD";"2.29985";"2444110"
"VMI3047753";"215D85D7";"20260616";"16:55:49";"50503392";"2175308";"ESEGUITO";"sell";"0.5";"XAUUSD";"4322.89";"2444655"
"VMI3047753";"215D85D7";"20260616";"17:53:15";"50503392";"2175871";"ESEGUITO";"buy";"0.5";"XAUUSD";"4331.56";"2445221"
"VMI3047753";"215D85D7";"20260616";"17:59:25";"50503392";"2176565";"ESEGUITO";"buy";"0.5";"XAUUSD";"4338.58";"2445908"
"VMI3047753";"215D85D7";"20260616";"18:01:27";"50503392";"2176590";"ESEGUITO";"sell";"0.25";"XAUUSD";"4338.81";"2445935"
"VMI3047753";"215D85D7";"20260616";"18:08:02";"50503392";"2176619";"ESEGUITO";"sell";"0.25";"XAUUSD";"4340.77";"2445970"
"VMI3047753";"215D85D7";"20260616";"20:03:08";"50503392";"2177160";"ESEGUITO";"buy";"0.5";"XAUUSD";"4342.64";"2446602"
"VMI3047753";"215D85D7";"20260616";"20:04:07";"50503392";"2446609";"PIAZZATO";"sell";"0.25";"XAUUSD";"4340.95";"2446609"
"VMI3047753";"215D85D7";"20260616";"20:04:07";"50503392";"2177166";"ESEGUITO";"sell";"0.25";"XAUUSD";"4340.95";"2446609"
"VMI3047753";"215D85D7";"20260616";"21:58:03";"50503392";"2177563";"ESEGUITO";"sell";"0.25";"XAUUSD";"4331.11";"2447016"
"VMI3047753";"215D85D7";"20260617";"07:30:58";"50503392";"2178888";"ESEGUITO";"buy";"0.5";"XAUUSD";"4332.39";"2448433"
"VMI3047753";"215D85D7";"20260617";"07:48:40";"50503392";"2179009";"ESEGUITO";"sell";"0.25";"XAUUSD";"4332.70";"2448555"
"VMI3047753";"215D85D7";"20260617";"07:49:36";"50503392";"2179058";"ESEGUITO";"sell";"0.25";"XAUUSD";"4332.53";"2448604"
"VMI3047753";"215D85D7";"20260617";"08:25:13";"50503392";"2179390";"ESEGUITO";"sell";"0.5";"XAUUSD";"4323.15";"2448943"
"VMI3047753";"215D85D7";"20260617";"08:48:21";"50503392";"2179485";"ESEGUITO";"buy";"0.5";"XAUUSD";"4329.34";"2449064"
"VMI3047753";"215D85D7";"20260617";"08:52:49";"50503392";"2179496";"ESEGUITO";"sell";"0.25";"XAUUSD";"4328.79";"2449077"
"VMI3047753";"215D85D7";"20260617";"08:53:47";"50503392";"2179499";"ESEGUITO";"sell";"0.25";"XAUUSD";"4329.93";"2449080"
"VMI3047753";"215D85D7";"20260617";"08:55:34";"50503392";"2179504";"ESEGUITO";"sell";"0.25";"XAUUSD";"4328.72";"2449084"
"VMI3047753";"215D85D7";"20260617";"08:59:47";"50503392";"2179514";"ESEGUITO";"buy";"0.25";"XAUUSD";"4331.94";"2449098"
"VMI3047753";"215D85D7";"20260617";"09:05:00";"50503392";"2179673";"ESEGUITO";"buy";"0.5";"XAUUSD";"4330.88";"2449261"
"VMI3047753";"215D85D7";"20260617";"09:08:24";"50503392";"2179744";"ESEGUITO";"sell";"0.28";"XAUUSD";"4331.51";"2449348"
"VMI3047753";"215D85D7";"20260617";"09:08:48";"50503392";"2179751";"ESEGUITO";"sell";"0.22";"XAUUSD";"4331.45";"2449354"
"VMI3047753";"215D85D7";"20260617";"09:09:00";"50503392";"2179753";"ESEGUITO";"sell";"0.28";"XAUUSD";"4330.28";"2449356"
"VMI3047753";"215D85D7";"20260617";"09:13:14";"50503392";"2179878";"ESEGUITO";"buy";"0.28";"XAUUSD";"4328.47";"2449480"
"VMI3047753";"215D85D7";"20260617";"09:15:40";"50503392";"2179942";"ESEGUITO";"buy";"0.5";"XAUUSD";"4330.46";"2449547"
"VMI3047753";"215D85D7";"20260617";"09:49:52";"50503392";"2180419";"ESEGUITO";"sell";"0.5";"XAUUSD";"4326.88";"2450045"
"VMI3047753";"215D85D7";"20260617";"09:55:31";"50503392";"2180442";"ESEGUITO";"buy";"0.25";"XAUUSD";"4326.27";"2450068"
"VMI3047753";"215D85D7";"20260617";"09:55:49";"50503392";"2180444";"ESEGUITO";"buy";"0.25";"XAUUSD";"4326.65";"2450071"
"VMI3047753";"215D85D7";"20260617";"09:58:01";"50503392";"2180461";"ESEGUITO";"sell";"0.5";"XAUUSD";"4325.25";"2450088"
"VMI3047753";"215D85D7";"20260617";"10:00:15";"50503392";"2180489";"ESEGUITO";"buy";"0.25";"XAUUSD";"4324.85";"2450116"
"VMI3047753";"215D85D7";"20260617";"10:01:10";"50503392";"2180493";"ESEGUITO";"buy";"0.25";"XAUUSD";"4325.21";"2450124"
"VMI3047753";"215D85D7";"20260617";"10:13:30";"50503392";"2180576";"ESEGUITO";"sell";"0.5";"XAUUSD";"4322.38";"2450216"
"VMI3047753";"215D85D7";"20260617";"10:34:10";"50503392";"2180702";"ESEGUITO";"buy";"0.5";"XAUUSD";"4323.68";"2450356"
"VMI3047753";"215D85D7";"20260617";"10:45:30";"50503392";"2180767";"ESEGUITO";"sell";"0.5";"XAUUSD";"4320.07";"2450429"
"VMI3047753";"215D85D7";"20260617";"10:51:14";"50503392";"2180835";"ESEGUITO";"buy";"0.5";"XAUUSD";"4322.24";"2450496"
"VMI3047753";"215D85D7";"20260617";"12:50:05";"50503392";"2181681";"ESEGUITO";"buy";"0.5";"XAUUSD";"4334.18";"2451457"
"VMI3047753";"215D85D7";"20260617";"12:50:27";"50503392";"2181684";"ESEGUITO";"sell";"0.25";"XAUUSD";"4334.40";"2451459"
"VMI3047753";"215D85D7";"20260617";"12:51:04";"50503392";"2181696";"ESEGUITO";"buy";"0.25";"XAUUSD";"4335.05";"2451470"
"VMI3047753";"215D85D7";"20260617";"12:53:47";"50503392";"2181739";"ESEGUITO";"sell";"0.25";"XAUUSD";"4331.79";"2451515"
"VMI3047753";"215D85D7";"20260617";"12:53:47";"50503392";"2181738";"ESEGUITO";"sell";"0.25";"XAUUSD";"4331.79";"2451514"
"VMI3047753";"215D85D7";"20260617";"15:36:52";"50503392";"2183935";"ESEGUITO";"buy";"0.1";"XAUUSD";"4337.61";"2453807"
"VMI3047753";"215D85D7";"20260617";"15:36:58";"50503392";"2183942";"ESEGUITO";"buy";"0.5";"XAUUSD";"4338.80";"2453815"
"VMI3047753";"215D85D7";"20260617";"15:37:27";"50503392";"2184009";"ESEGUITO";"sell";"0.25";"XAUUSD";"4340.15";"2453880"
"VMI3047753";"215D85D7";"20260617";"15:37:46";"50503392";"2184018";"ESEGUITO";"buy";"1";"XAUUSD";"4339.95";"2453889"
"VMI3047753";"215D85D7";"20260617";"15:38:05";"50503392";"2184021";"ESEGUITO";"sell";"0.1";"XAUUSD";"4338.20";"2453892"
"VMI3047753";"215D85D7";"20260617";"15:43:53";"50503392";"2184141";"ESEGUITO";"sell";"0.25";"XAUUSD";"4341.57";"2454015"
"VMI3047753";"215D85D7";"20260617";"15:46:00";"50503392";"2184295";"ESEGUITO";"sell";"0.5";"XAUUSD";"4341.65";"2454168"
"VMI3047753";"215D85D7";"20260617";"15:50:36";"50503392";"2184373";"ESEGUITO";"buy";"0.5";"XAUUSD";"4343.93";"2454250"
"VMI3047753";"215D85D7";"20260617";"15:54:20";"50503392";"2184466";"ESEGUITO";"sell";"0.5";"XAUUSD";"4340.70";"2454348"
"VMI3047753";"215D85D7";"20260617";"16:00:04";"50503392";"2184551";"ESEGUITO";"sell";"0.5";"XAUUSD";"4338.27";"2454446"
"VMI3047753";"215D85D7";"20260617";"19:33:51";"50503392";"2187405";"ESEGUITO";"buy";"0.5";"XAUUSD";"4376.71";"2457341"
"VMI3047753";"215D85D7";"20260617";"19:34:26";"50503392";"2187433";"ESEGUITO";"sell";"0.25";"XAUUSD";"4377.03";"2457368"
"VMI3047753";"215D85D7";"20260617";"19:34:55";"50503392";"2187438";"ESEGUITO";"sell";"0.25";"XAUUSD";"4376.83";"2457373"
"VMI3047753";"215D85D7";"20260617";"20:00:38";"50503392";"2187849";"ESEGUITO";"sell";"0.5";"XAUUSD";"4351.70";"2457780"
"VMI3047753";"215D85D7";"20260617";"20:01:08";"50503392";"2187977";"ESEGUITO";"buy";"0.5";"XAUUSD";"4347.88";"2457917"
"VMI3047753";"215D85D7";"20260617";"20:01:18";"50503392";"2187987";"ESEGUITO";"buy";"0.5";"XAUUSD";"4351.12";"2457927"
"VMI3047753";"215D85D7";"20260617";"20:02:34";"50503392";"2188071";"ESEGUITO";"sell";"0.5";"XAUUSD";"4336.43";"2458011"
"VMI3047753";"215D85D7";"20260617";"20:02:57";"50503392";"2188100";"ESEGUITO";"buy";"0.5";"XAUUSD";"4333.96";"2458042"
"VMI3047753";"215D85D7";"20260617";"20:03:06";"50503392";"2188120";"ESEGUITO";"sell";"1";"XAUUSD";"4329.75";"2458061"
"VMI3047753";"215D85D7";"20260617";"20:03:17";"50503392";"2188183";"ESEGUITO";"buy";"1";"XAUUSD";"4325.82";"2458122"
"VMI3047753";"215D85D7";"20260617";"20:04:47";"50503392";"2188282";"ESEGUITO";"sell";"1";"XAUUSD";"4320.18";"2458215"
"VMI3047753";"215D85D7";"20260617";"20:04:56";"50503392";"2188289";"ESEGUITO";"buy";"1";"XAUUSD";"4318.04";"2458222"
"VMI3047753";"215D85D7";"20260617";"20:05:38";"50503392";"2188380";"ESEGUITO";"sell";"1";"XAUUSD";"4311.39";"2458311"
"VMI3047753";"215D85D7";"20260617";"20:05:41";"50503392";"2188395";"ESEGUITO";"sell";"0.5";"XAUUSD";"4304.65";"2458323"
"VMI3047753";"215D85D7";"20260617";"20:05:47";"50503392";"2188434";"ESEGUITO";"buy";"1";"XAUUSD";"4306.80";"2458360"
"VMI3047753";"215D85D7";"20260617";"20:05:58";"50503392";"2188455";"ESEGUITO";"sell";"1";"XAUUSD";"4304.98";"2458380"
"VMI3047753";"215D85D7";"20260617";"20:07:00";"50503392";"2188554";"ESEGUITO";"sell";"2";"XAUUSD";"4302.50";"2458476"
"VMI3047753";"215D85D7";"20260617";"20:07:16";"50503392";"2188560";"ESEGUITO";"buy";"1";"XAUUSD";"4303.32";"2458482"
"VMI3047753";"215D85D7";"20260617";"20:08:48";"50503392";"2188672";"ESEGUITO";"buy";"2";"XAUUSD";"4291.39";"2458592"
"VMI3047753";"215D85D7";"20260617";"20:08:56";"50503392";"2188722";"ESEGUITO";"sell";"2";"XAUUSD";"4289.39";"2458642"
"VMI3047753";"215D85D7";"20260617";"20:10:26";"50503392";"2188859";"ESEGUITO";"buy";"2";"XAUUSD";"4287.90";"2458785"
"VMI3047753";"215D85D7";"20260617";"20:12:01";"50503392";"2188957";"ESEGUITO";"sell";"0.5";"XAUUSD";"4285.09";"2458884"
"VMI3047753";"215D85D7";"20260617";"20:13:55";"50503392";"2189088";"ESEGUITO";"buy";"0.5";"XAUUSD";"4279.34";"2459012"
"VMI3047753";"215D85D7";"20260618";"15:31:09";"50503392";"2200326";"ESEGUITO";"buy";"0.5";"XAUUSD";"4269.71";"2470806"
"VMI3047753";"215D85D7";"20260618";"15:31:24";"50503392";"2200344";"ESEGUITO";"sell";"0.25";"XAUUSD";"4270.97";"2470817"
"VMI3047753";"215D85D7";"20260618";"15:32:00";"50503392";"2200379";"ESEGUITO";"buy";"0.5";"XAUUSD";"4274.23";"2470853"
"VMI3047753";"215D85D7";"20260618";"15:32:14";"50503392";"2200398";"ESEGUITO";"sell";"0.25";"XAUUSD";"4275.84";"2470876"
"VMI3047753";"215D85D7";"20260618";"15:33:24";"50503392";"2200453";"ESEGUITO";"sell";"0.25";"XAUUSD";"4274.22";"2470927"
"VMI3047753";"215D85D7";"20260618";"15:33:56";"50503392";"2200476";"ESEGUITO";"sell";"0.25";"XAUUSD";"4269.70";"2470962"
"VMI3047753";"215D85D7";"20260618";"15:34:23";"50503392";"2200490";"ESEGUITO";"buy";"0.5";"XAUUSD";"4271.88";"2470972"
"VMI3047753";"215D85D7";"20260618";"15:34:51";"50503392";"2200502";"ESEGUITO";"sell";"0.25";"XAUUSD";"4272.48";"2470983"
"VMI3047753";"215D85D7";"20260618";"15:40:02";"50503392";"2200738";"ESEGUITO";"sell";"0.25";"XAUUSD";"4271.99";"2471230"
"VMI3047753";"215D85D7";"20260618";"16:07:03";"50503392";"2201504";"ESEGUITO";"sell";"0.5";"XAUUSD";"4243.07";"2472044"
"VMI3047753";"215D85D7";"20260618";"16:08:44";"50503392";"2201517";"ESEGUITO";"buy";"0.25";"XAUUSD";"4242.32";"2472056"
"VMI3047753";"215D85D7";"20260618";"16:09:18";"50503392";"2201527";"ESEGUITO";"buy";"0.25";"XAUUSD";"4242.79";"2472067"
"VMI3047753";"215D85D7";"20260618";"16:10:09";"50503392";"2201531";"ESEGUITO";"sell";"0.5";"XAUUSD";"4242.83";"2472074"
"VMI3047753";"215D85D7";"20260618";"16:10:26";"50503392";"2201534";"ESEGUITO";"buy";"0.25";"XAUUSD";"4242.13";"2472077"
"VMI3047753";"215D85D7";"20260618";"16:14:43";"50503392";"2201597";"ESEGUITO";"buy";"0.25";"XAUUSD";"4242.28";"2472157"
"VMI3047753";"215D85D7";"20260618";"16:20:16";"50503392";"2201748";"ESEGUITO";"sell";"0.5";"XAUUSD";"4247.63";"2472317"
"VMI3047753";"215D85D7";"20260618";"16:29:47";"50503392";"2201891";"ESEGUITO";"buy";"0.25";"XAUUSD";"4245.95";"2472464"
"VMI3047753";"215D85D7";"20260618";"16:30:12";"50503392";"2201902";"ESEGUITO";"buy";"0.25";"XAUUSD";"4246.01";"2472478"
"VMI3047753";"215D85D7";"20260618";"17:10:04";"50503392";"2202346";"ESEGUITO";"sell";"0.5";"XAUUSD";"4252.84";"2472961"
"VMI3047753";"215D85D7";"20260618";"17:10:20";"50503392";"2202347";"ESEGUITO";"buy";"0.25";"XAUUSD";"4251.92";"2472962"
"VMI3047753";"215D85D7";"20260618";"17:10:29";"50503392";"2202348";"ESEGUITO";"buy";"0.25";"XAUUSD";"4252.65";"2472963"
"VMI3047753";"215D85D7";"20260618";"17:14:10";"50503392";"2202372";"ESEGUITO";"buy";"0.5";"XAUUSD";"4250.55";"2472991"
"VMI3047753";"215D85D7";"20260618";"17:14:32";"50503392";"2202374";"ESEGUITO";"sell";"0.25";"XAUUSD";"4250.74";"2472994"
"VMI3047753";"215D85D7";"20260618";"17:18:26";"50503392";"2202665";"ESEGUITO";"sell";"0.25";"XAUUSD";"4242.83";"2473284"
"VMI3047753";"215D85D7";"20260618";"17:26:25";"50503392";"2202704";"ESEGUITO";"sell";"0.5";"XAUUSD";"4238.89";"2473329"
"VMI3047753";"215D85D7";"20260618";"17:26:45";"50503392";"2202707";"ESEGUITO";"buy";"0.25";"XAUUSD";"4238.27";"2473332"
"VMI3047753";"215D85D7";"20260618";"17:27:15";"50503392";"2202715";"ESEGUITO";"buy";"0.25";"XAUUSD";"4238.70";"2473340"
"VMI3047753";"215D85D7";"20260618";"17:29:15";"50503392";"2202724";"ESEGUITO";"sell";"0.5";"XAUUSD";"4238.18";"2473348"
"VMI3047753";"215D85D7";"20260618";"17:29:26";"50503392";"2202728";"ESEGUITO";"buy";"0.25";"XAUUSD";"4237.32";"2473352"
"VMI3047753";"215D85D7";"20260618";"17:30:26";"50503392";"2202779";"ESEGUITO";"sell";"0.5";"XAUUSD";"4231.78";"2473398"
"VMI3047753";"215D85D7";"20260618";"17:30:42";"50503392";"2202822";"ESEGUITO";"buy";"0.25";"XAUUSD";"4232.78";"2473440"
"VMI3047753";"215D85D7";"20260618";"17:32:02";"50503392";"2202853";"ESEGUITO";"buy";"0.25";"XAUUSD";"4233.84";"2473471"
"VMI3047753";"215D85D7";"20260618";"17:33:22";"50503392";"2202885";"ESEGUITO";"sell";"0.5";"XAUUSD";"4228.42";"2473503"
"VMI3047753";"215D85D7";"20260618";"17:34:04";"50503392";"2202891";"ESEGUITO";"buy";"0.25";"XAUUSD";"4231.31";"2473509"
"VMI3047753";"215D85D7";"20260618";"17:39:49";"50503392";"2203061";"ESEGUITO";"buy";"0.5";"XAUUSD";"4228.07";"2473686"
"VMI3047753";"215D85D7";"20260618";"18:48:52";"50503392";"2203809";"ESEGUITO";"sell";"0.5";"XAUUSD";"4217.86";"2474474"
"VMI3047753";"215D85D7";"20260618";"19:02:03";"50503392";"2203871";"ESEGUITO";"buy";"0.5";"XAUUSD";"4222.56";"2474548"
"VMI3047753";"215D85D7";"20260618";"20:31:33";"50503392";"2204260";"ESEGUITO";"sell";"0.5";"XAUUSD";"4224.49";"2474947"
"VMI3047753";"215D85D7";"20260618";"20:31:45";"50503392";"2204262";"ESEGUITO";"buy";"0.25";"XAUUSD";"4223.92";"2474949"
"VMI3047753";"215D85D7";"20260618";"20:34:04";"50503392";"2204275";"ESEGUITO";"buy";"0.25";"XAUUSD";"4223.87";"2474965"
"VMI3047753";"215D85D7";"20260618";"20:36:03";"50503392";"2204276";"ESEGUITO";"sell";"0.5";"XAUUSD";"4221.79";"2474966"
"VMI3047753";"215D85D7";"20260618";"20:36:39";"50503392";"2204277";"ESEGUITO";"buy";"0.25";"XAUUSD";"4221.43";"2474967"
"VMI3047753";"215D85D7";"20260618";"20:40:40";"50503392";"2204308";"ESEGUITO";"buy";"0.25";"XAUUSD";"4221.76";"2474997"
"VMI3047753";"215D85D7";"20260618";"20:48:53";"50503392";"2204344";"ESEGUITO";"sell";"0.5";"XAUUSD";"4221.22";"2475037"
"VMI3047753";"215D85D7";"20260618";"20:51:08";"50503392";"2204363";"ESEGUITO";"buy";"0.25";"XAUUSD";"4219.67";"2475055"
"VMI3047753";"215D85D7";"20260618";"20:52:05";"50503392";"2204365";"ESEGUITO";"buy";"0.25";"XAUUSD";"4220.47";"2475058"
"VMI3047753";"215D85D7";"20260618";"20:59:12";"50503392";"2204378";"ESEGUITO";"sell";"0.5";"XAUUSD";"4219.83";"2475071"
"VMI3047753";"215D85D7";"20260618";"20:59:51";"50503392";"2204382";"ESEGUITO";"buy";"0.25";"XAUUSD";"4219.14";"2475074"
"VMI3047753";"215D85D7";"20260618";"21:01:08";"50503392";"2204403";"ESEGUITO";"sell";"0.5";"XAUUSD";"4217.21";"2475096"
"VMI3047753";"215D85D7";"20260618";"21:02:38";"50503392";"2204422";"ESEGUITO";"sell";"0.5";"XAUUSD";"4213.92";"2475110"
"VMI3047753";"215D85D7";"20260618";"21:03:01";"50503392";"2204448";"ESEGUITO";"buy";"0.5";"XAUUSD";"4213.85";"2475134"
"VMI3047753";"215D85D7";"20260618";"21:03:29";"50503392";"2204456";"ESEGUITO";"sell";"0.5";"XAUUSD";"4212.24";"2475142"
"VMI3047753";"215D85D7";"20260618";"21:07:03";"50503392";"2204500";"ESEGUITO";"buy";"0.5";"XAUUSD";"4211.02";"2475185"
"VMI3047753";"215D85D7";"20260618";"21:08:50";"50503392";"2204510";"ESEGUITO";"buy";"0.5";"XAUUSD";"4209.79";"2475196"
"VMI3047753";"215D85D7";"20260618";"21:12:46";"50503392";"2204564";"ESEGUITO";"sell";"0.5";"XAUUSD";"4204.54";"2475250"
"VMI3047753";"215D85D7";"20260618";"21:19:35";"50503392";"2204620";"ESEGUITO";"buy";"0.25";"XAUUSD";"4204.38";"2475303"
"VMI3047753";"215D85D7";"20260618";"21:30:05";"50503392";"2204655";"ESEGUITO";"buy";"0.5";"XAUUSD";"4204.11";"2475343"
"VMI3047753";"215D85D7";"20260619";"08:10:18";"50503392";"2206431";"ESEGUITO";"buy";"0.5";"XAUUSD";"4144.08";"2477160"
"VMI3047753";"215D85D7";"20260619";"08:42:10";"50503392";"2206686";"ESEGUITO";"sell";"0.5";"XAUUSD";"4135.03";"2477434"
"VMI3047753";"215D85D7";"20260619";"09:02:36";"50503392";"2206830";"ESEGUITO";"buy";"0.5";"XAUUSD";"4151.42";"2477584"
"VMI3047753";"215D85D7";"20260619";"09:02:58";"50503392";"2206836";"ESEGUITO";"sell";"0.25";"XAUUSD";"4151.87";"2477591"
"VMI3047753";"215D85D7";"20260619";"09:04:57";"50503392";"2206863";"ESEGUITO";"sell";"0.25";"XAUUSD";"4155.65";"2477619"
"VMI3047753";"215D85D7";"20260619";"10:09:51";"50503392";"2207379";"ESEGUITO";"buy";"0.5";"XAUUSD";"4162.89";"2478240"
"VMI3047753";"215D85D7";"20260619";"10:10:02";"50503392";"2207399";"ESEGUITO";"sell";"0.25";"XAUUSD";"4164.01";"2478262"
"VMI3047753";"215D85D7";"20260619";"10:10:27";"50503392";"2207409";"ESEGUITO";"buy";"0.5";"XAUUSD";"4166.86";"2478278"
"VMI3047753";"215D85D7";"20260619";"10:11:44";"50503392";"2207447";"ESEGUITO";"sell";"0.25";"XAUUSD";"4164.77";"2478319"
"VMI3047753";"215D85D7";"20260619";"10:27:00";"50503392";"2207656";"ESEGUITO";"sell";"0.25";"XAUUSD";"4174.82";"2478519"
"VMI3047753";"215D85D7";"20260619";"10:38:01";"50503392";"2207756";"ESEGUITO";"sell";"0.25";"XAUUSD";"4171.46";"2478616"
"VMI3047753";"215D85D7";"20260619";"10:56:29";"50503392";"2207865";"ESEGUITO";"sell";"0.25";"XAUUSD";"4167.93";"2478735"
"VMI3047753";"215D85D7";"20260619";"10:56:58";"50503392";"2207867";"ESEGUITO";"buy";"0.1";"XAUUSD";"4167.56";"2478738"
"VMI3047753";"215D85D7";"20260619";"10:59:35";"50503392";"2207883";"ESEGUITO";"buy";"0.15";"XAUUSD";"4167.95";"2478756"
"VMI3047753";"215D85D7";"20260619";"11:00:21";"50503392";"2207900";"ESEGUITO";"buy";"0.5";"XAUUSD";"4170.89";"2478773"
"VMI3047753";"215D85D7";"20260619";"11:14:07";"50503392";"2207966";"ESEGUITO";"buy";"0.25";"XAUUSD";"4164.97";"2478841"
"VMI3047753";"215D85D7";"20260619";"11:18:35";"50503392";"2207992";"ESEGUITO";"sell";"0.25";"XAUUSD";"4165.47";"2478881"
"VMI3047753";"215D85D7";"20260619";"12:02:12";"50503392";"2208400";"ESEGUITO";"sell";"0.5";"XAUUSD";"4159.39";"2479296"
"VMI3047753";"215D85D7";"20260619";"12:46:06";"50503392";"2479640";"PIAZZATO";"sell";"0.1";"XAUUSD";"4152.39";"2479640"
"VMI3047753";"215D85D7";"20260619";"12:46:06";"50503392";"2208735";"ESEGUITO";"sell";"0.1";"XAUUSD";"4152.39";"2479640"
"VMI3047753";"215D85D7";"20260619";"14:37:17";"50503392";"2209508";"ESEGUITO";"sell";"0.5";"XAUUSD";"4151.11";"2480438"
"VMI3047753";"215D85D7";"20260619";"14:37:47";"50503392";"2209524";"ESEGUITO";"buy";"0.5";"XAUUSD";"4151.07";"2480454"
"VMI3047753";"215D85D7";"20260619";"14:37:48";"50503392";"2209525";"ESEGUITO";"buy";"0.1";"XAUUSD";"4151.90";"2480455"
"VMI3047753";"215D85D7";"20260619";"14:38:03";"50503392";"2209527";"ESEGUITO";"sell";"0.5";"XAUUSD";"4149.23";"2480458"
"VMI3047753";"215D85D7";"20260619";"14:49:00";"50503392";"2480520";"PIAZZATO";"sell";"0.11";"XAUUSD";"4149.93";"2480520"
"VMI3047753";"215D85D7";"20260619";"14:49:00";"50503392";"2209583";"ESEGUITO";"sell";"0.11";"XAUUSD";"4149.93";"2480520"
"VMI3047753";"215D85D7";"20260619";"14:50:30";"50503392";"2209590";"ESEGUITO";"buy";"0.5";"XAUUSD";"4155.62";"2480527"
"VMI3047753";"215D85D7";"20260619";"14:50:39";"50503392";"2209592";"ESEGUITO";"buy";"0.11";"XAUUSD";"4156.28";"2480530"
"VMI3047753";"215D85D7";"20260619";"14:51:56";"50503392";"2209739";"ESEGUITO";"buy";"1";"XAUUSD";"4171.06";"2480677"
"VMI3047753";"215D85D7";"20260619";"14:56:16";"50503392";"2209887";"ESEGUITO";"sell";"0.5";"XAUUSD";"4175.14";"2480826"
"VMI3047753";"215D85D7";"20260619";"15:00:23";"50503392";"2209944";"ESEGUITO";"sell";"0.5";"XAUUSD";"4181.00";"2480885"
"VMI3047753";"215D85D7";"20260619";"15:01:07";"50503392";"2209961";"ESEGUITO";"buy";"0.5";"XAUUSD";"4180.49";"2480902"
"VMI3047753";"215D85D7";"20260619";"15:03:03";"50503392";"2209983";"ESEGUITO";"sell";"0.5";"XAUUSD";"4170.91";"2480926"
"VMI3047753";"215D85D7";"20260619";"15:04:09";"50503392";"2210032";"ESEGUITO";"sell";"0.5";"XAUUSD";"4165.22";"2480975"
"VMI3047753";"215D85D7";"20260619";"15:27:36";"50503392";"2210297";"ESEGUITO";"buy";"0.5";"XAUUSD";"4165.00";"2481250"
"VMI3047753";"215D85D7";"20260619";"15:36:46";"50503392";"2210351";"ESEGUITO";"sell";"0.5";"XAUUSD";"4162.69";"2481311"
"VMI3047753";"215D85D7";"20260619";"15:36:59";"50503392";"2210353";"ESEGUITO";"buy";"0.25";"XAUUSD";"4161.99";"2481312"
"VMI3047753";"215D85D7";"20260619";"15:38:33";"50503392";"2210368";"ESEGUITO";"buy";"0.25";"XAUUSD";"4162.26";"2481325"
"VMI3047753";"215D85D7";"20260619";"15:45:18";"50503392";"2210416";"ESEGUITO";"sell";"1";"XAUUSD";"4157.89";"2481373"
"VMI3047753";"215D85D7";"20260619";"15:59:35";"50503392";"2210675";"ESEGUITO";"buy";"1";"XAUUSD";"4151.31";"2481648"
"VMI3047753";"215D85D7";"20260622";"13:18:10";"50503392";"2217378";"ESEGUITO";"sell";"0.14";"XAUUSD";"4208.24";"2488457"
"VMI3047753";"215D85D7";"20260622";"16:08:14";"50503392";"2219763";"ESEGUITO";"buy";"0.14";"XAUUSD";"4208.07";"2490950"
"VMI3047753";"215D85D7";"20260623";"07:09:39";"50503392";"2496658";"PIAZZATO";"buy stop";"0.4";"XAUUSD";"4172.87";"2496658"
"VMI3047753";"215D85D7";"20260623";"07:09:41";"50503392";"2496658";"ANNULLATO";"buy stop";"0.4";"XAUUSD";"";"2496658"
"VMI3047753";"215D85D7";"20260624";"12:59:10";"50503392";"2244227";"ESEGUITO";"sell";"0.25";"XAUUSD";"4054.86";"2516384"
"VMI3047753";"215D85D7";"20260624";"13:01:18";"50503392";"2244284";"ESEGUITO";"buy";"0.25";"XAUUSD";"4058.63";"2516440"
"VMI3047753";"215D85D7";"20260624";"13:03:07";"50503392";"2244333";"ESEGUITO";"sell";"0.25";"XAUUSD";"4054.86";"2516492"
"VMI3047753";"215D85D7";"20260624";"13:04:34";"50503392";"2244356";"ESEGUITO";"buy";"0.25";"XAUUSD";"4052.59";"2516516"
"VMI3047753";"215D85D7";"20260624";"13:06:02";"50503392";"2244412";"ESEGUITO";"sell";"0.25";"XAUUSD";"4047.83";"2516567"
"VMI3047753";"215D85D7";"20260624";"13:15:45";"50503392";"2244616";"ESEGUITO";"buy";"0.25";"XAUUSD";"4042.07";"2516774"
"VMI3047753";"215D85D7";"20260624";"13:16:45";"50503392";"2244652";"ESEGUITO";"sell";"0.25";"XAUUSD";"4038.80";"2516807"
"VMI3047753";"215D85D7";"20260624";"13:38:54";"50503392";"2244836";"ESEGUITO";"buy";"0.25";"XAUUSD";"4051.07";"2516993"
"VMI3047753";"215D85D7";"20260624";"13:40:41";"50503392";"2244851";"ESEGUITO";"sell";"0.5";"XAUUSD";"4048.52";"2517008"
"VMI3047753";"215D85D7";"20260624";"13:45:50";"50503392";"2244875";"ESEGUITO";"buy";"0.5";"XAUUSD";"4043.97";"2517029"
"VMI3047753";"215D85D7";"20260624";"13:48:05";"50503392";"2244902";"ESEGUITO";"sell";"0.5";"XAUUSD";"4040.36";"2517057"
"VMI3047753";"215D85D7";"20260624";"13:50:20";"50503392";"2244930";"ESEGUITO";"buy";"0.5";"XAUUSD";"4047.51";"2517087"
"VMI3047753";"215D85D7";"20260624";"13:52:48";"50503392";"2244967";"ESEGUITO";"buy";"0.5";"XAUUSD";"4056.17";"2517120"
"VMI3047753";"215D85D7";"20260624";"13:55:40";"50503392";"2245022";"ESEGUITO";"sell";"0.5";"XAUUSD";"4050.80";"2517179"
"VMI3047753";"215D85D7";"20260624";"13:59:54";"50503392";"2245096";"ESEGUITO";"sell";"1";"XAUUSD";"4045.88";"2517254"
"VMI3047753";"215D85D7";"20260624";"14:06:04";"50503392";"2245156";"ESEGUITO";"buy";"1";"XAUUSD";"4041.89";"2517319"
"VMI3047753";"215D85D7";"20260624";"14:09:04";"50503392";"2245198";"ESEGUITO";"sell";"0.5";"XAUUSD";"4038.50";"2517362"
"VMI3047753";"215D85D7";"20260624";"14:25:03";"50503392";"2245367";"ESEGUITO";"buy";"0.5";"XAUUSD";"4030.12";"2517555"
"VMI3047753";"215D85D7";"20260624";"14:25:20";"50503392";"2245432";"ESEGUITO";"sell";"0.5";"XAUUSD";"4013.20";"2517588"
"VMI3047753";"215D85D7";"20260624";"14:26:26";"50503392";"2245460";"ESEGUITO";"buy";"0.5";"XAUUSD";"4012.15";"2517620"
"VMI3047753";"215D85D7";"20260624";"14:34:08";"50503392";"2245568";"ESEGUITO";"sell";"0.5";"XAUUSD";"4017.36";"2517730"
"VMI3047753";"215D85D7";"20260624";"14:36:05";"50503392";"2245584";"ESEGUITO";"buy";"0.5";"XAUUSD";"4012.51";"2517745"
"VMI3047753";"215D85D7";"20260624";"14:38:03";"50503392";"2245619";"ESEGUITO";"sell";"0.25";"XAUUSD";"4011.51";"2517782"
"VMI3047753";"215D85D7";"20260624";"14:41:54";"50503392";"2245698";"ESEGUITO";"buy";"0.25";"XAUUSD";"4008.22";"2517857"
"VMI3047753";"215D85D7";"20260624";"18:23:07";"50503392";"2522153";"PIAZZATO";"sell";"0.1";"CADJPY";"113.686";"2522153"
"VMI3047753";"215D85D7";"20260624";"18:23:07";"50503392";"2249887";"ESEGUITO";"sell";"0.1";"CADJPY";"113.686";"2522153"
"VMI3047753";"215D85D7";"20260624";"18:25:26";"50503392";"2522170";"PIAZZATO";"buy";"0.1";"USDCAD";"1.42269";"2522170"
"VMI3047753";"215D85D7";"20260624";"18:25:26";"50503392";"2249904";"ESEGUITO";"buy";"0.1";"USDCAD";"1.42269";"2522170"
"VMI3047753";"215D85D7";"20260624";"18:27:02";"50503392";"2522189";"PIAZZATO";"sell";"0.1";"D30EUR";"24734.50";"2522189"
"VMI3047753";"215D85D7";"20260624";"18:27:02";"50503392";"2249921";"ESEGUITO";"sell";"0.1";"D30EUR";"24734.50";"2522189"
"VMI3047753";"215D85D7";"20260624";"18:29:10";"50503392";"2249931";"ESEGUITO";"sell";"0.1";"USDCAD";"1.42250";"2522198"
"VMI3047753";"215D85D7";"20260624";"18:29:13";"50503392";"2522201";"PIAZZATO";"sell";"0.02";"XAUUSD";"4016.55";"2522201"
"VMI3047753";"215D85D7";"20260624";"18:29:13";"50503392";"2249934";"ESEGUITO";"sell";"0.02";"XAUUSD";"4016.55";"2522201"
"VMI3047753";"215D85D7";"20260624";"18:29:15";"50503392";"2249935";"ESEGUITO";"buy";"0.1";"CADJPY";"113.710";"2522202"
"VMI3047753";"215D85D7";"20260624";"18:35:04";"50503392";"2249977";"ESEGUITO";"buy";"0.1";"D30EUR";"24739.00";"2522244"
"VMI3047753";"215D85D7";"20260624";"18:43:47";"50503392";"2250090";"ESEGUITO";"buy";"0.02";"XAUUSD";"4010.60";"2522355"
"VMI3047753";"215D85D7";"20260624";"19:29:05";"50503392";"2522636";"PIAZZATO";"buy";"0.02";"XAUUSD";"3993.86";"2522636"
"VMI3047753";"215D85D7";"20260624";"19:29:05";"50503392";"2250355";"ESEGUITO";"buy";"0.02";"XAUUSD";"3993.86";"2522636"
"VMI3047753";"215D85D7";"20260624";"19:53:49";"50503392";"";"FALLITO";"market buy 0.1 AUDNZD sl: 1.22050 tp: 1.20850 [Invalid stops]";"";"";"";""
"VMI3047753";"215D85D7";"20260624";"19:53:59";"50503392";"";"FALLITO";"market buy 0.1 AUDNZD sl: 1.22050 tp: 1.20850 [Invalid stops]";"";"";"";""
"VMI3047753";"215D85D7";"20260624";"19:54:12";"50503392";"2522906";"PIAZZATO";"buy";"0.1";"AUDNZD";"1.22093";"2522906"
"VMI3047753";"215D85D7";"20260624";"19:54:12";"50503392";"2250617";"ESEGUITO";"buy";"0.1";"AUDNZD";"1.22093";"2522906"
"VMI3047753";"215D85D7";"20260624";"19:55:11";"50503392";"2250622";"ESEGUITO";"sell";"0.1";"AUDNZD";"1.22100";"2522912"
"VMI3047753";"215D85D7";"20260624";"19:56:18";"50503392";"2522926";"PIAZZATO";"buy";"0.2";"AUDUSD";"0.68872";"2522926"
"VMI3047753";"215D85D7";"20260624";"19:56:18";"50503392";"2250636";"ESEGUITO";"buy";"0.2";"AUDUSD";"0.68872";"2522926"
"VMI3047753";"215D85D7";"20260624";"19:58:02";"50503392";"2250652";"ESEGUITO";"sell";"0.02";"XAUUSD";"3976.57";"2522946"
"VMI3047753";"215D85D7";"20260624";"20:00:23";"50503392";"2522999";"PIAZZATO";"sell";"0.2";"GBPNZD";"2.33313";"2522999"
"VMI3047753";"215D85D7";"20260624";"20:00:23";"50503392";"2250707";"ESEGUITO";"sell";"0.2";"GBPNZD";"2.33313";"2522999"
"VMI3047753";"215D85D7";"20260624";"20:03:54";"50503392";"2250829";"ESEGUITO";"sell";"0.2";"AUDUSD";"0.68825";"2523113"
"VMI3047753";"215D85D7";"20260624";"20:47:22";"50503392";"2251084";"ESEGUITO";"buy";"0.2";"GBPNZD";"2.33402";"2523392"
"VMI3047753";"215D85D7";"20260625";"21:50:56";"50503392";"2263187";"ESEGUITO";"sell";"0.5";"XAUUSD";"4023.15";"2535831"
"VMI3047753";"215D85D7";"20260625";"21:51:47";"50503392";"2263199";"ESEGUITO";"buy";"0.25";"XAUUSD";"4022.83";"2535843"
"VMI3047753";"215D85D7";"20260625";"22:01:20";"50503392";"2263268";"ESEGUITO";"buy";"0.25";"XAUUSD";"4031.43";"2535917"
"VMI3047753";"215D85D7";"20260625";"22:03:11";"50503392";"2263315";"ESEGUITO";"sell";"0.5";"XAUUSD";"4031.84";"2535965"
"VMI3047753";"215D85D7";"20260625";"22:14:05";"50503392";"2263351";"ESEGUITO";"buy";"0.5";"XAUUSD";"4027.67";"2536008"
"VMI3047753";"215D85D7";"20260626";"07:07:54";"50503392";"2264798";"ESEGUITO";"sell";"0.25";"XAUUSD";"4010.01";"2537557"
"VMI3047753";"215D85D7";"20260626";"08:22:04";"50503392";"2265405";"ESEGUITO";"buy";"0.5";"XAUUSD";"4020.14";"2538161"
"VMI3047753";"215D85D7";"20260626";"08:22:26";"50503392";"2265420";"ESEGUITO";"buy";"0.25";"XAUUSD";"4024.82";"2538175"
"VMI3047753";"215D85D7";"20260626";"08:22:28";"50503392";"2265421";"ESEGUITO";"sell";"0.5";"XAUUSD";"4024.77";"2538176"
"VMI3047753";"215D85D7";"20260626";"08:23:06";"50503392";"2265431";"ESEGUITO";"sell";"0.5";"XAUUSD";"4021.02";"2538186"
"VMI3047753";"215D85D7";"20260626";"09:23:26";"50503392";"2266065";"ESEGUITO";"buy";"0.5";"XAUUSD";"4029.50";"2538863"
"VMI3047753";"215D85D7";"20260626";"09:25:09";"50503392";"2266080";"ESEGUITO";"sell";"0.5";"XAUUSD";"4031.57";"2538881"
"VMI3047753";"215D85D7";"20260626";"09:27:06";"50503392";"2266175";"ESEGUITO";"buy";"0.5";"XAUUSD";"4033.83";"2538981"
"VMI3047753";"215D85D7";"20260626";"09:27:48";"50503392";"2266183";"ESEGUITO";"sell";"0.5";"XAUUSD";"4036.69";"2538990"
"VMI3047753";"215D85D7";"20260626";"09:28:20";"50503392";"2266199";"ESEGUITO";"buy";"0.5";"XAUUSD";"4039.42";"2539005"
"VMI3047753";"215D85D7";"20260626";"09:32:35";"50503392";"2266291";"ESEGUITO";"sell";"0.5";"XAUUSD";"4037.37";"2539115"
"VMI3047753";"215D85D7";"20260626";"09:36:13";"50503392";"2266353";"ESEGUITO";"sell";"0.5";"XAUUSD";"4035.69";"2539179"
"VMI3047753";"215D85D7";"20260626";"09:36:45";"50503392";"2266359";"ESEGUITO";"buy";"0.5";"XAUUSD";"4035.59";"2539186"
"VMI3047753";"215D85D7";"20260626";"09:37:24";"50503392";"2266362";"ESEGUITO";"sell";"0.5";"XAUUSD";"4035.08";"2539189"
"VMI3047753";"215D85D7";"20260626";"09:38:32";"50503392";"2266419";"ESEGUITO";"buy";"0.5";"XAUUSD";"4035.37";"2539247"
"VMI3047753";"215D85D7";"20260626";"09:40:04";"50503392";"2266483";"ESEGUITO";"sell";"0.5";"XAUUSD";"4035.88";"2539309"
"VMI3047753";"215D85D7";"20260626";"09:40:32";"50503392";"2266486";"ESEGUITO";"buy";"0.5";"XAUUSD";"4034.65";"2539312"
"VMI3047753";"215D85D7";"20260626";"09:42:16";"50503392";"2266507";"ESEGUITO";"sell";"0.5";"XAUUSD";"4033.67";"2539335"
"VMI3047753";"215D85D7";"20260626";"09:42:50";"50503392";"2266519";"ESEGUITO";"buy";"0.5";"XAUUSD";"4032.14";"2539347"
"VMI3047753";"215D85D7";"20260626";"09:46:12";"50503392";"2266570";"ESEGUITO";"sell";"0.5";"XAUUSD";"4030.30";"2539406"
"VMI3047753";"215D85D7";"20260626";"09:49:25";"50503392";"2266623";"ESEGUITO";"sell";"0.5";"XAUUSD";"4028.60";"2539457"
"VMI3047753";"215D85D7";"20260626";"09:51:24";"50503392";"2266647";"ESEGUITO";"buy";"0.5";"XAUUSD";"4030.27";"2539479"
"VMI3047753";"215D85D7";"20260626";"10:02:28";"50503392";"2266775";"ESEGUITO";"buy";"0.5";"XAUUSD";"4026.93";"2539619"
"VMI3047753";"215D85D7";"20260626";"10:05:15";"50503392";"2266798";"ESEGUITO";"sell";"0.5";"XAUUSD";"4025.87";"2539643"
"VMI3047753";"215D85D7";"20260626";"10:08:30";"50503392";"2266824";"ESEGUITO";"buy";"0.5";"XAUUSD";"4030.81";"2539669"
"VMI3047753";"215D85D7";"20260626";"10:27:21";"50503392";"2267387";"ESEGUITO";"sell";"0.5";"XAUUSD";"4033.34";"2540235"
"VMI3047753";"215D85D7";"20260626";"10:27:49";"50503392";"2267389";"ESEGUITO";"buy";"0.5";"XAUUSD";"4034.10";"2540237"
"VMI3047753";"215D85D7";"20260626";"10:30:09";"50503392";"2267500";"ESEGUITO";"sell";"0.5";"XAUUSD";"4034.12";"2540350"
"VMI3047753";"215D85D7";"20260626";"10:55:04";"50503392";"2267858";"ESEGUITO";"buy";"0.5";"XAUUSD";"4031.47";"2540723"
"VMI3047753";"215D85D7";"20260626";"11:08:13";"50503392";"2268032";"ESEGUITO";"buy";"0.5";"XAUUSD";"4038.71";"2540905"
"VMI3047753";"215D85D7";"20260626";"11:26:30";"50503392";"2268401";"ESEGUITO";"buy";"1";"XAUUSD";"4050.10";"2541267"
"VMI3047753";"215D85D7";"20260626";"11:39:29";"50503392";"2268656";"ESEGUITO";"sell";"0.5";"XAUUSD";"4052.89";"2541523"
"VMI3047753";"215D85D7";"20260626";"11:41:34";"50503392";"2268683";"ESEGUITO";"sell";"0.5";"XAUUSD";"4051.41";"2541546"
"VMI3047753";"215D85D7";"20260626";"11:41:42";"50503392";"2268684";"ESEGUITO";"sell";"0.5";"XAUUSD";"4050.10";"2541548"
"VMI3047753";"215D85D7";"20260626";"11:47:20";"50503392";"2268732";"ESEGUITO";"sell";"0.5";"XAUUSD";"4046.68";"2541595"
"VMI3047753";"215D85D7";"20260626";"11:52:46";"50503392";"2268791";"ESEGUITO";"buy";"0.5";"XAUUSD";"4050.06";"2541660"
"VMI3047753";"215D85D7";"20260626";"11:52:46";"50503392";"2268790";"ESEGUITO";"buy";"0.5";"XAUUSD";"4049.94";"2541659"
"VMI3047753";"215D85D7";"20260626";"13:52:22";"50503392";"2269977";"ESEGUITO";"sell";"0.5";"XAUUSD";"4043.16";"2542929"
"VMI3047753";"215D85D7";"20260626";"14:14:32";"50503392";"2270158";"ESEGUITO";"buy";"0.5";"XAUUSD";"4050.66";"2543125"
"VMI3047753";"215D85D7";"20260626";"14:20:04";"50503392";"2270197";"ESEGUITO";"sell";"0.5";"XAUUSD";"4043.22";"2543165"
"VMI3047753";"215D85D7";"20260626";"14:21:22";"50503392";"2270220";"ESEGUITO";"buy";"0.5";"XAUUSD";"4043.16";"2543189"
"VMI3047753";"215D85D7";"20260626";"14:21:24";"50503392";"2270229";"ESEGUITO";"sell";"0.5";"XAUUSD";"4042.61";"2543197"
"VMI3047753";"215D85D7";"20260626";"14:21:31";"50503392";"2270233";"ESEGUITO";"sell";"0.5";"XAUUSD";"4042.72";"2543201"
"VMI3047753";"215D85D7";"20260626";"14:21:35";"50503392";"2270240";"ESEGUITO";"sell";"0.5";"XAUUSD";"4042.19";"2543207"
"VMI3047753";"215D85D7";"20260626";"14:21:41";"50503392";"2270241";"ESEGUITO";"sell";"0.5";"XAUUSD";"4042.02";"2543208"
"VMI3047753";"215D85D7";"20260626";"14:41:21";"50503392";"2270516";"ESEGUITO";"buy";"0.5";"XAUUSD";"4041.27";"2543492"
"VMI3047753";"215D85D7";"20260626";"14:42:08";"50503392";"2270541";"ESEGUITO";"buy";"0.5";"XAUUSD";"4040.16";"2543517"
"VMI3047753";"215D85D7";"20260626";"14:42:35";"50503392";"2270552";"ESEGUITO";"buy";"0.5";"XAUUSD";"4039.35";"2543527"
"VMI3047753";"215D85D7";"20260626";"14:42:48";"50503392";"2270555";"ESEGUITO";"sell";"1";"XAUUSD";"4038.49";"2543531"
"VMI3047753";"215D85D7";"20260626";"14:43:06";"50503392";"2270560";"ESEGUITO";"sell";"1";"XAUUSD";"4037.31";"2543536"
"VMI3047753";"215D85D7";"20260626";"14:43:37";"50503392";"2270572";"ESEGUITO";"sell";"1";"XAUUSD";"4036.43";"2543552"
"VMI3047753";"215D85D7";"20260626";"14:44:22";"50503392";"2270580";"ESEGUITO";"buy";"1";"XAUUSD";"4038.16";"2543564"
"VMI3047753";"215D85D7";"20260626";"14:44:39";"50503392";"2270585";"ESEGUITO";"buy";"1";"XAUUSD";"4039.58";"2543569"
"VMI3047753";"215D85D7";"20260626";"14:44:39";"50503392";"2270584";"ESEGUITO";"buy";"0.5";"XAUUSD";"4039.60";"2543568"
"VMI3047753";"215D85D7";"20260626";"14:45:23";"50503392";"2270591";"ESEGUITO";"sell";"1";"XAUUSD";"4039.82";"2543575"
"VMI3047753";"215D85D7";"20260626";"14:57:16";"50503392";"2270722";"ESEGUITO";"buy";"1";"XAUUSD";"4050.29";"2543719"
"VMI3047753";"215D85D7";"20260626";"14:57:16";"50503392";"2270721";"ESEGUITO";"buy";"1";"XAUUSD";"4050.19";"2543718"
"VMI3047753";"215D85D7";"20260626";"21:07:38";"50503392";"2276083";"ESEGUITO";"buy";"4";"XAUUSD";"4064.80";"2549242"
"VMI3047753";"215D85D7";"20260626";"22:14:41";"50503392";"2276257";"ESEGUITO";"buy";"4";"XAUUSD";"4068.42";"2549405"
"VMI3047753";"215D85D7";"20260626";"22:22:31";"50503392";"2276265";"ESEGUITO";"sell";"4";"XAUUSD";"4069.13";"2549412"
"VMI3047753";"215D85D7";"20260629";"00:12:40";"50503392";"2276729";"ESEGUITO";"sell";"0.25";"XAUUSD";"4073.46";"2549705"
"VMI3047753";"215D85D7";"20260629";"00:12:50";"50503392";"2276733";"ESEGUITO";"buy";"0.25";"XAUUSD";"4072.37";"2549709"
"VMI3047753";"215D85D7";"20260629";"00:15:08";"50503392";"2276750";"ESEGUITO";"sell";"0.25";"XAUUSD";"4068.77";"2549727"
"VMI3047753";"215D85D7";"20260629";"00:15:17";"50503392";"2276752";"ESEGUITO";"buy";"0.25";"XAUUSD";"4067.98";"2549729"
"VMI3047753";"215D85D7";"20260629";"00:16:08";"50503392";"2276770";"ESEGUITO";"buy";"0.25";"XAUUSD";"4067.22";"2549747"
"VMI3047753";"215D85D7";"20260629";"00:16:50";"50503392";"2276778";"ESEGUITO";"sell";"0.25";"XAUUSD";"4062.44";"2549757"
"VMI3047753";"215D85D7";"20260629";"00:18:14";"50503392";"2276790";"ESEGUITO";"sell";"0.25";"XAUUSD";"4060.73";"2549768"
"VMI3047753";"215D85D7";"20260629";"00:19:02";"50503392";"2276809";"ESEGUITO";"buy";"0.25";"XAUUSD";"4056.29";"2549787"
"VMI3047753";"215D85D7";"20260629";"00:20:05";"50503392";"2276816";"ESEGUITO";"sell";"0.25";"XAUUSD";"4056.32";"2549794"
"VMI3047753";"215D85D7";"20260629";"00:40:24";"50503392";"2277035";"ESEGUITO";"buy";"0.25";"XAUUSD";"4063.01";"2550019"
"VMI3047753";"215D85D7";"20260629";"00:41:25";"50503392";"2277036";"ESEGUITO";"sell";"0.25";"XAUUSD";"4062.65";"2550020"
"VMI3047753";"215D85D7";"20260629";"00:48:01";"50503392";"2277048";"ESEGUITO";"buy";"0.25";"XAUUSD";"4066.68";"2550033"
"VMI3047753";"215D85D7";"20260629";"00:50:42";"50503392";"2277060";"ESEGUITO";"sell";"0.25";"XAUUSD";"4065.64";"2550045"
"VMI3047753";"215D85D7";"20260629";"00:52:05";"50503392";"2277064";"ESEGUITO";"sell";"0.25";"XAUUSD";"4063.64";"2550049"
"VMI3047753";"215D85D7";"20260629";"00:52:15";"50503392";"2277066";"ESEGUITO";"buy";"0.25";"XAUUSD";"4063.33";"2550051"
"VMI3047753";"215D85D7";"20260629";"00:53:56";"50503392";"2277070";"ESEGUITO";"buy";"0.25";"XAUUSD";"4065.13";"2550055"
"VMI3047753";"215D85D7";"20260629";"00:54:13";"50503392";"2277083";"ESEGUITO";"sell";"0.25";"XAUUSD";"4064.09";"2550068"
"VMI3047753";"215D85D7";"20260629";"00:55:53";"50503392";"2277084";"ESEGUITO";"buy";"0.25";"XAUUSD";"4066.30";"2550069"
"VMI3047753";"215D85D7";"20260629";"00:57:03";"50503392";"2277086";"ESEGUITO";"sell";"1";"XAUUSD";"4068.02";"2550071"
"VMI3047753";"215D85D7";"20260629";"00:59:04";"50503392";"2277273";"ESEGUITO";"buy";"1";"XAUUSD";"4066.88";"2550258"
"VMI3047753";"215D85D7";"20260629";"01:00:01";"50503392";"2277279";"ESEGUITO";"sell";"1";"XAUUSD";"4065.92";"2550264"
"VMI3047753";"215D85D7";"20260629";"01:18:16";"50503392";"2277330";"ESEGUITO";"buy";"1";"XAUUSD";"4061.52";"2550317"
"VMI3047753";"215D85D7";"20260629";"15:37:13";"50503392";"2284408";"ESEGUITO";"sell";"0.5";"XAUUSD";"4037.55";"2557684"
"VMI3047753";"215D85D7";"20260629";"15:37:49";"50503392";"2284571";"ESEGUITO";"buy";"0.5";"XAUUSD";"4035.51";"2557848"
"VMI3047753";"215D85D7";"20260629";"15:39:02";"50503392";"2284586";"ESEGUITO";"buy";"0.5";"XAUUSD";"4037.06";"2557864"
"VMI3047753";"215D85D7";"20260629";"15:40:29";"50503392";"2284595";"ESEGUITO";"sell";"0.5";"XAUUSD";"4038.31";"2557873"
"VMI3047753";"215D85D7";"20260629";"15:41:27";"50503392";"2284605";"ESEGUITO";"buy";"0.5";"XAUUSD";"4038.61";"2557883"
"VMI3047753";"215D85D7";"20260629";"15:41:39";"50503392";"2284608";"ESEGUITO";"sell";"0.5";"XAUUSD";"4039.20";"2557885"
"VMI3047753";"215D85D7";"20260629";"15:42:02";"50503392";"2284611";"ESEGUITO";"buy";"0.5";"XAUUSD";"4040.50";"2557889"
"VMI3047753";"215D85D7";"20260629";"15:42:55";"50503392";"2284635";"ESEGUITO";"sell";"0.5";"XAUUSD";"4041.81";"2557914"
"VMI3047753";"215D85D7";"20260629";"15:44:12";"50503392";"2284652";"ESEGUITO";"buy";"0.5";"XAUUSD";"4039.98";"2557933"
"VMI3047753";"215D85D7";"20260629";"15:56:25";"50503392";"2284814";"ESEGUITO";"sell";"0.5";"XAUUSD";"4029.20";"2558108"
"VMI3047753";"215D85D7";"20260629";"15:56:35";"50503392";"2284819";"ESEGUITO";"sell";"0.5";"XAUUSD";"4028.21";"2558114"
"VMI3047753";"215D85D7";"20260629";"16:18:51";"50503392";"2285425";"ESEGUITO";"buy";"0.5";"XAUUSD";"4017.99";"2558727"
"VMI3047753";"215D85D7";"20260629";"21:17:34";"50503392";"2287855";"ESEGUITO";"sell";"0.5";"XAUUSD";"4007.44";"2561257"
"VMI3047753";"215D85D7";"20260629";"21:30:00";"50503392";"2287871";"ESEGUITO";"buy";"0.5";"XAUUSD";"4017.50";"2561276"
"VMI3047753";"215D85D7";"20260629";"21:32:20";"50503392";"2287881";"ESEGUITO";"sell";"0.5";"XAUUSD";"4016.81";"2561287"
"VMI3047753";"215D85D7";"20260629";"21:48:49";"50503392";"2287926";"ESEGUITO";"buy";"0.5";"XAUUSD";"4016.77";"2561328"
"VMI3047753";"215D85D7";"20260629";"21:49:09";"50503392";"2287928";"ESEGUITO";"sell";"0.5";"XAUUSD";"4015.38";"2561330"
"VMI3047753";"215D85D7";"20260629";"21:55:59";"50503392";"2287960";"ESEGUITO";"buy";"0.5";"XAUUSD";"4015.12";"2561365"
"VMI3047753";"215D85D7";"20260629";"21:58:04";"50503392";"2287966";"ESEGUITO";"sell";"0.5";"XAUUSD";"4013.90";"2561371"
"VMI3047753";"215D85D7";"20260629";"21:59:09";"50503392";"2287968";"ESEGUITO";"buy";"0.5";"XAUUSD";"4016.82";"2561373"
"VMI3047753";"215D85D7";"20260629";"22:07:30";"50503392";"2287977";"ESEGUITO";"buy";"0.5";"XAUUSD";"4013.75";"2561380"
"VMI3047753";"215D85D7";"20260629";"22:07:37";"50503392";"2287978";"ESEGUITO";"sell";"0.5";"XAUUSD";"4012.94";"2561381"
"VMI3047753";"215D85D7";"20260629";"22:16:28";"50503392";"2287982";"ESEGUITO";"sell";"0.5";"XAUUSD";"4015.54";"2561388"
"VMI3047753";"215D85D7";"20260629";"22:27:59";"50503392";"2288033";"ESEGUITO";"buy";"0.5";"XAUUSD";"4017.16";"2561438"
"VMI3047753";"215D85D7";"20260630";"07:18:30";"50503392";"2290584";"ESEGUITO";"sell";"0.5";"XAUUSD";"3983.55";"2564025"
"VMI3047753";"215D85D7";"20260630";"07:18:42";"50503392";"2290585";"ESEGUITO";"sell";"0.5";"XAUUSD";"3984.32";"2564026"
"VMI3047753";"215D85D7";"20260630";"08:23:44";"50503392";"2291155";"ESEGUITO";"buy";"0.5";"XAUUSD";"3998.37";"2564603"
"VMI3047753";"215D85D7";"20260630";"08:23:44";"50503392";"2291154";"ESEGUITO";"buy";"0.5";"XAUUSD";"3998.25";"2564602"
"VMI3047753";"215D85D7";"20260630";"10:43:44";"50503392";"2292970";"ESEGUITO";"sell";"0.5";"XAUUSD";"4017.66";"2566570"
"VMI3047753";"215D85D7";"20260630";"10:43:52";"50503392";"2292974";"ESEGUITO";"buy";"0.5";"XAUUSD";"4017.60";"2566574"
"VMI3047753";"215D85D7";"20260630";"13:01:45";"50503392";"2294580";"ESEGUITO";"sell";"0.5";"XAUUSD";"4026.37";"2568226"
"VMI3047753";"215D85D7";"20260630";"13:05:29";"50503392";"2294673";"ESEGUITO";"buy";"0.5";"XAUUSD";"4031.28";"2568324"
"VMI3047753";"215D85D7";"20260630";"15:03:28";"50503392";"2296443";"ESEGUITO";"sell";"0.5";"XAUUSD";"4014.76";"2570131"
"VMI3047753";"215D85D7";"20260630";"15:03:33";"50503392";"2296446";"ESEGUITO";"sell";"0.5";"XAUUSD";"4014.36";"2570134"
"VMI3047753";"215D85D7";"20260630";"15:18:32";"50503392";"2296653";"ESEGUITO";"buy";"0.5";"XAUUSD";"4027.31";"2570353"
"VMI3047753";"215D85D7";"20260630";"15:18:32";"50503392";"2296652";"ESEGUITO";"buy";"0.5";"XAUUSD";"4027.36";"2570352"
"VMI3047753";"215D85D7";"20260630";"15:36:02";"50503392";"2297171";"ESEGUITO";"sell";"4";"XAUUSD";"4019.75";"2570874"
"VMI3047753";"215D85D7";"20260630";"15:37:02";"50503392";"2297226";"ESEGUITO";"buy";"4";"XAUUSD";"4014.66";"2570937"
"VMI3047753";"215D85D7";"20260630";"15:38:42";"50503392";"2297256";"ESEGUITO";"buy";"4";"XAUUSD";"4016.99";"2570970"
"VMI3047753";"215D85D7";"20260630";"15:40:38";"50503392";"2297334";"ESEGUITO";"sell";"4";"XAUUSD";"4018.20";"2571055"
"VMI3047753";"215D85D7";"20260630";"15:42:03";"50503392";"2297377";"ESEGUITO";"sell";"0.5";"XAUUSD";"4019.02";"2571099"
"VMI3047753";"215D85D7";"20260630";"15:42:25";"50503392";"2297412";"ESEGUITO";"buy";"0.5";"XAUUSD";"4017.22";"2571134"
"VMI3047753";"215D85D7";"20260630";"15:44:04";"50503392";"2297433";"ESEGUITO";"buy";"1";"XAUUSD";"4025.06";"2571155"
"VMI3047753";"215D85D7";"20260630";"15:44:32";"50503392";"2297446";"ESEGUITO";"sell";"1";"XAUUSD";"4026.00";"2571169"
"VMI3047753";"215D85D7";"20260630";"15:44:38";"50503392";"2297449";"ESEGUITO";"buy";"1";"XAUUSD";"4025.97";"2571172"
"VMI3047753";"215D85D7";"20260630";"15:47:02";"50503392";"2297485";"ESEGUITO";"sell";"1";"XAUUSD";"4027.18";"2571212"
"VMI3047753";"215D85D7";"20260630";"15:49:02";"50503392";"2297517";"ESEGUITO";"buy";"1";"XAUUSD";"4026.89";"2571245"
"VMI3047753";"215D85D7";"20260630";"15:51:59";"50503392";"2297679";"ESEGUITO";"sell";"1";"XAUUSD";"4027.72";"2571408"
"VMI3047753";"215D85D7";"20260630";"15:52:13";"50503392";"2297712";"ESEGUITO";"buy";"1";"XAUUSD";"4029.04";"2571443"
"VMI3047753";"215D85D7";"20260630";"15:54:45";"50503392";"2297762";"ESEGUITO";"sell";"1";"XAUUSD";"4029.47";"2571496"
"VMI3047753";"215D85D7";"20260630";"15:55:25";"50503392";"2297780";"ESEGUITO";"buy";"1";"XAUUSD";"4029.82";"2571514"
"VMI3047753";"215D85D7";"20260630";"15:55:55";"50503392";"2297793";"ESEGUITO";"buy";"1";"XAUUSD";"4029.90";"2571527"
"VMI3047753";"215D85D7";"20260630";"16:01:55";"50503392";"2297957";"ESEGUITO";"sell";"1";"XAUUSD";"4030.09";"2571698"
"VMI3047753";"215D85D7";"20260630";"16:09:17";"50503392";"2298049";"ESEGUITO";"sell";"1";"XAUUSD";"4035.18";"2571789"
"VMI3047753";"215D85D7";"20260630";"16:11:10";"50503392";"2298173";"ESEGUITO";"buy";"1";"XAUUSD";"4048.21";"2571906"
"VMI3047753";"215D85D7";"20260630";"16:20:31";"50503392";"2298413";"ESEGUITO";"sell";"1";"XAUUSD";"4050.24";"2572140"
"VMI3047753";"215D85D7";"20260630";"18:38:04";"50503392";"2300289";"ESEGUITO";"sell";"1";"XAUUSD";"4027.42";"2574038"
"VMI3047753";"215D85D7";"20260630";"18:46:19";"50503392";"2300330";"ESEGUITO";"buy";"1";"XAUUSD";"4033.87";"2574088"
"VMI3047753";"215D85D7";"20260630";"18:47:01";"50503392";"2300341";"ESEGUITO";"sell";"1";"XAUUSD";"4032.59";"2574093"
"VMI3047753";"215D85D7";"20260630";"18:49:43";"50503392";"2300363";"ESEGUITO";"buy";"1";"XAUUSD";"4031.43";"2574114"
"VMI3047753";"215D85D7";"20260630";"18:58:25";"50503392";"2300446";"ESEGUITO";"sell";"4";"XAUUSD";"4026.72";"2574197"
"VMI3047753";"215D85D7";"20260630";"18:58:43";"50503392";"2300451";"ESEGUITO";"buy";"4";"XAUUSD";"4026.57";"2574202"
"VMI3047753";"215D85D7";"20260630";"19:01:03";"50503392";"2300479";"ESEGUITO";"sell";"3";"XAUUSD";"4025.70";"2574239"
"VMI3047753";"215D85D7";"20260630";"19:01:13";"50503392";"2300486";"ESEGUITO";"buy";"3";"XAUUSD";"4025.20";"2574246"
"VMI3047753";"215D85D7";"20260630";"19:03:02";"50503392";"2300506";"ESEGUITO";"buy";"3";"XAUUSD";"4027.79";"2574267"
"VMI3047753";"215D85D7";"20260630";"19:05:07";"50503392";"2300535";"ESEGUITO";"sell";"3";"XAUUSD";"4025.94";"2574294"
"VMI3047753";"215D85D7";"20260630";"19:05:15";"50503392";"2300539";"ESEGUITO";"sell";"3";"XAUUSD";"4025.18";"2574298"
"VMI3047753";"215D85D7";"20260630";"19:05:34";"50503392";"2300541";"ESEGUITO";"buy";"3";"XAUUSD";"4024.68";"2574300"
"VMI3047753";"215D85D7";"20260630";"19:06:06";"50503392";"2300546";"ESEGUITO";"sell";"3";"XAUUSD";"4024.02";"2574306"
"VMI3047753";"215D85D7";"20260630";"19:09:13";"50503392";"2300572";"ESEGUITO";"buy";"1.5";"XAUUSD";"4022.76";"2574332"
"VMI3047753";"215D85D7";"20260630";"19:11:02";"50503392";"2300581";"ESEGUITO";"sell";"4";"XAUUSD";"4022.15";"2574341"
"VMI3047753";"215D85D7";"20260630";"19:16:57";"50503392";"2300614";"ESEGUITO";"buy";"1.5";"XAUUSD";"4025.72";"2574375"
"VMI3047753";"215D85D7";"20260630";"19:16:57";"50503392";"2300613";"ESEGUITO";"buy";"4";"XAUUSD";"4025.68";"2574374"
"VMI3047753";"215D85D7";"20260630";"19:16:57";"50503392";"2300612";"ESEGUITO";"buy";"4";"XAUUSD";"4025.62";"2574373"
"VMI3047753";"215D85D7";"20260630";"19:18:01";"50503392";"2300640";"ESEGUITO";"buy";"3";"XAUUSD";"4027.59";"2574401"
"VMI3047753";"215D85D7";"20260630";"19:18:11";"50503392";"2300641";"ESEGUITO";"sell";"4";"XAUUSD";"4027.78";"2574402"
"VMI3047753";"215D85D7";"20260630";"19:18:24";"50503392";"2300643";"ESEGUITO";"sell";"3";"XAUUSD";"4027.79";"2574404"
"VMI3047753";"215D85D7";"20260630";"19:19:05";"50503392";"2300650";"ESEGUITO";"buy";"3";"XAUUSD";"4027.60";"2574411"
"VMI3047753";"215D85D7";"20260630";"19:20:16";"50503392";"2300656";"ESEGUITO";"sell";"3";"XAUUSD";"4025.71";"2574417"
"VMI3047753";"215D85D7";"20260630";"19:20:22";"50503392";"2300658";"ESEGUITO";"sell";"3";"XAUUSD";"4025.62";"2574419"
"VMI3047753";"215D85D7";"20260630";"19:21:04";"50503392";"2300662";"ESEGUITO";"sell";"3";"XAUUSD";"4025.82";"2574423"
"VMI3047753";"215D85D7";"20260630";"19:27:27";"50503392";"2300682";"ESEGUITO";"buy";"3";"XAUUSD";"4022.96";"2574443"
"VMI3047753";"215D85D7";"20260630";"19:28:26";"50503392";"2300688";"ESEGUITO";"buy";"3";"XAUUSD";"4024.82";"2574449"
"VMI3047753";"215D85D7";"20260630";"20:37:12";"50503392";"2300937";"ESEGUITO";"sell";"3";"XAUUSD";"4030.18";"2574705"
"VMI3047753";"215D85D7";"20260630";"20:51:09";"50503392";"2301059";"ESEGUITO";"buy";"3";"XAUUSD";"4032.37";"2574828"
"VMI3047753";"215D85D7";"20260630";"21:03:56";"50503392";"2301112";"ESEGUITO";"sell";"3";"XAUUSD";"4027.78";"2574881"
"VMI3047753";"215D85D7";"20260630";"21:04:17";"50503392";"2301114";"ESEGUITO";"sell";"3";"XAUUSD";"4027.23";"2574883"
"VMI3047753";"215D85D7";"20260630";"21:06:46";"50503392";"2301132";"ESEGUITO";"buy";"3";"XAUUSD";"4025.36";"2574902"
"VMI3047753";"215D85D7";"20260630";"21:07:08";"50503392";"2301134";"ESEGUITO";"buy";"3";"XAUUSD";"4026.00";"2574904"
"VMI3047753";"215D85D7";"20260630";"21:12:26";"50503392";"2301175";"ESEGUITO";"sell";"3";"XAUUSD";"4023.85";"2574949"
"VMI3047753";"215D85D7";"20260630";"21:25:13";"50503392";"2301259";"ESEGUITO";"buy";"3";"XAUUSD";"4021.94";"2575035"
"VMI3047753";"215D85D7";"20260630";"21:33:57";"50503392";"2301302";"ESEGUITO";"sell";"3";"XAUUSD";"4021.97";"2575084"
"VMI3047753";"215D85D7";"20260630";"21:35:47";"50503392";"2301318";"ESEGUITO";"buy";"3";"XAUUSD";"4021.53";"2575100"
"VMI3047753";"215D85D7";"20260701";"06:01:17";"50503392";"2303063";"ESEGUITO";"sell";"3";"XAUUSD";"3979.21";"2576634"
"VMI3047753";"215D85D7";"20260701";"06:02:17";"50503392";"2303068";"ESEGUITO";"buy";"3";"XAUUSD";"3976.92";"2576640"
"VMI3047753";"215D85D7";"20260701";"06:03:23";"50503392";"2303069";"ESEGUITO";"sell";"3";"XAUUSD";"3975.01";"2576641"
"VMI3047753";"215D85D7";"20260701";"06:27:19";"50503392";"2303109";"ESEGUITO";"buy";"3";"XAUUSD";"3977.96";"2576682"
"VMI3047753";"215D85D7";"20260701";"06:29:21";"50503392";"2303110";"ESEGUITO";"sell";"0.5";"XAUUSD";"3977.45";"2576683"
"VMI3047753";"215D85D7";"20260701";"06:31:50";"50503392";"2303120";"ESEGUITO";"buy";"0.5";"XAUUSD";"3980.70";"2576698"
"VMI3047753";"215D85D7";"20260701";"06:32:22";"50503392";"2303140";"ESEGUITO";"sell";"3";"XAUUSD";"3979.89";"2576718"
"VMI3047753";"215D85D7";"20260701";"06:32:34";"50503392";"2303141";"ESEGUITO";"buy";"3";"XAUUSD";"3979.38";"2576719"
"VMI3047753";"215D85D7";"20260701";"06:33:05";"50503392";"2303145";"ESEGUITO";"sell";"3";"XAUUSD";"3979.07";"2576722"
"VMI3047753";"215D85D7";"20260701";"06:33:15";"50503392";"2303147";"ESEGUITO";"buy";"3";"XAUUSD";"3978.00";"2576724"
"VMI3047753";"215D85D7";"20260701";"06:34:03";"50503392";"2303149";"ESEGUITO";"buy";"3";"XAUUSD";"3978.83";"2576726"
"VMI3047753";"215D85D7";"20260701";"06:36:10";"50503392";"2303151";"ESEGUITO";"sell";"3";"XAUUSD";"3976.74";"2576728"
"VMI3047753";"215D85D7";"20260701";"06:36:30";"50503392";"2303152";"ESEGUITO";"buy";"3";"XAUUSD";"3975.63";"2576729"
"VMI3047753";"215D85D7";"20260701";"06:40:08";"50503392";"2303189";"ESEGUITO";"sell";"4";"XAUUSD";"3973.56";"2576778"
"VMI3047753";"215D85D7";"20260701";"06:42:02";"50503392";"2303191";"ESEGUITO";"sell";"3";"XAUUSD";"3973.12";"2576780"
"VMI3047753";"215D85D7";"20260701";"06:42:28";"50503392";"2303193";"ESEGUITO";"sell";"4";"XAUUSD";"3972.49";"2576782"
"VMI3047753";"215D85D7";"20260701";"06:48:30";"50503392";"2303261";"ESEGUITO";"buy";"4";"XAUUSD";"3978.10";"2576850"
"VMI3047753";"215D85D7";"20260701";"06:48:40";"50503392";"2303262";"ESEGUITO";"buy";"4";"XAUUSD";"3978.24";"2576851"
"VMI3047753";"215D85D7";"20260701";"06:52:02";"50503392";"2303279";"ESEGUITO";"sell";"5";"XAUUSD";"3980.68";"2576870"
"VMI3047753";"215D85D7";"20260701";"06:53:06";"50503392";"2303281";"ESEGUITO";"sell";"1";"XAUUSD";"3979.38";"2576872"
"VMI3047753";"215D85D7";"20260701";"07:03:01";"50503392";"2303477";"ESEGUITO";"buy";"1";"XAUUSD";"3972.99";"2577068"
"VMI3047753";"215D85D7";"20260701";"07:03:01";"50503392";"2303476";"ESEGUITO";"buy";"5";"XAUUSD";"3973.06";"2577067"
"VMI3047753";"215D85D7";"20260701";"07:17:07";"50503392";"2303632";"ESEGUITO";"sell";"3";"XAUUSD";"3970.31";"2577218"
"VMI3047753";"215D85D7";"20260701";"07:23:40";"50503392";"2303642";"ESEGUITO";"buy";"3";"XAUUSD";"3974.41";"2577229"
"VMI3047753";"215D85D7";"20260701";"07:29:58";"50503392";"2303644";"ESEGUITO";"sell";"3";"XAUUSD";"3972.83";"2577231"
"VMI3047753";"215D85D7";"20260701";"07:32:10";"50503392";"2303645";"ESEGUITO";"buy";"3";"XAUUSD";"3975.71";"2577232"
"VMI3047753";"215D85D7";"20260701";"07:35:18";"50503392";"2303652";"ESEGUITO";"sell";"3";"XAUUSD";"3976.59";"2577239"
"VMI3047753";"215D85D7";"20260701";"07:35:56";"50503392";"2303659";"ESEGUITO";"sell";"2";"XAUUSD";"3975.60";"2577246"
"VMI3047753";"215D85D7";"20260701";"08:05:53";"50503392";"2303812";"ESEGUITO";"buy";"2";"XAUUSD";"3970.84";"2577400"
"VMI3047753";"215D85D7";"20260701";"08:05:53";"50503392";"2303811";"ESEGUITO";"buy";"3";"XAUUSD";"3970.75";"2577399"
"VMI3047753";"215D85D7";"20260701";"08:15:04";"50503392";"2303897";"ESEGUITO";"sell";"3";"XAUUSD";"3964.68";"2577493"
"VMI3047753";"215D85D7";"20260701";"08:21:25";"50503392";"2303927";"ESEGUITO";"buy";"3";"XAUUSD";"3969.07";"2577525"
"VMI3047753";"215D85D7";"20260701";"08:28:09";"50503392";"2303967";"ESEGUITO";"sell";"3";"XAUUSD";"3967.40";"2577580"
"VMI3047753";"215D85D7";"20260701";"09:07:32";"50503392";"2304493";"ESEGUITO";"buy";"3";"XAUUSD";"3962.63";"2578127"
"VMI3047753";"215D85D7";"20260701";"09:15:26";"50503392";"2304653";"ESEGUITO";"sell";"3";"XAUUSD";"3961.05";"2578306"
"VMI3047753";"215D85D7";"20260701";"09:18:58";"50503392";"2304738";"ESEGUITO";"buy";"3";"XAUUSD";"3966.64";"2578391"
"VMI3047753";"215D85D7";"20260701";"09:36:33";"50503392";"2304930";"ESEGUITO";"buy";"3";"XAUUSD";"3967.91";"2578592"
"VMI3047753";"215D85D7";"20260701";"09:36:57";"50503392";"2304938";"ESEGUITO";"buy";"3";"XAUUSD";"3968.16";"2578602"
"VMI3047753";"215D85D7";"20260701";"09:42:21";"50503392";"2304974";"ESEGUITO";"sell";"3";"XAUUSD";"3970.23";"2578639"
"VMI3047753";"215D85D7";"20260701";"09:42:28";"50503392";"2304975";"ESEGUITO";"sell";"3";"XAUUSD";"3970.49";"2578640"
"VMI3047753";"215D85D7";"20260701";"09:43:36";"50503392";"2304978";"ESEGUITO";"sell";"3";"XAUUSD";"3968.72";"2578644"
"VMI3047753";"215D85D7";"20260701";"09:43:47";"50503392";"2304980";"ESEGUITO";"sell";"3";"XAUUSD";"3969.13";"2578646"
"VMI3047753";"215D85D7";"20260701";"12:02:13";"50503392";"2306617";"ESEGUITO";"buy";"3";"XAUUSD";"3987.21";"2580344"
"VMI3047753";"215D85D7";"20260701";"12:56:59";"50503392";"2307248";"ESEGUITO";"buy";"3";"XAUUSD";"3996.78";"2581003"
"VMI3047753";"215D85D7";"20260701";"17:51:05";"50503392";"2311854";"ESEGUITO";"buy";"0.5";"XAUUSD";"4086.04";"2585727"
"VMI3047753";"215D85D7";"20260701";"17:55:34";"50503392";"2311875";"ESEGUITO";"sell";"0.5";"XAUUSD";"4083.00";"2585752"
"VMI3047753";"215D85D7";"20260701";"21:31:21";"50503392";"2312946";"ESEGUITO";"sell";"0.5";"XAUUSD";"4058.66";"2586874"
"VMI3047753";"215D85D7";"20260701";"21:52:11";"50503392";"2313180";"ESEGUITO";"buy";"0.5";"XAUUSD";"4041.01";"2587105"
"VMI3047753";"215D85D7";"20260702";"05:42:36";"50503392";"2314638";"ESEGUITO";"buy";"0.03";"XAUUSD";"4067.44";"2588590"
"VMI3047753";"215D85D7";"20260702";"07:10:57";"50503392";"2314908";"ESEGUITO";"sell";"0.06";"XAUUSD";"4056.64";"2588873"
"VMI3047753";"215D85D7";"20260702";"07:13:24";"50503392";"2314912";"ESEGUITO";"sell";"0.03";"XAUUSD";"4055.21";"2588878"
"VMI3047753";"215D85D7";"20260702";"07:24:44";"50503392";"2314975";"ESEGUITO";"buy";"0.06";"XAUUSD";"4062.20";"2588940"
"VMI3047753";"215D85D7";"20260702";"08:05:59";"50503392";"2315521";"ESEGUITO";"buy";"0.06";"XAUUSD";"4069.36";"2589539"
"VMI3047753";"215D85D7";"20260702";"08:55:19";"50503392";"2317066";"ESEGUITO";"sell";"0.06";"XAUUSD";"4073.20";"2591183"
"VMI3047753";"215D85D7";"20260702";"13:12:41";"50503392";"2323664";"ESEGUITO";"buy";"0.01";"XAUUSD";"4062.33";"2598611"
"VMI3047753";"215D85D7";"20260702";"13:13:14";"50503392";"2323666";"ESEGUITO";"buy";"0.01";"XAUUSD";"4061.78";"2598613"
"VMI3047753";"215D85D7";"20260702";"13:43:05";"50503392";"2323980";"ESEGUITO";"sell";"0.01";"XAUUSD";"4068.56";"2598959"
"VMI3047753";"215D85D7";"20260702";"14:14:19";"50503392";"2324516";"ESEGUITO";"sell";"0.01";"XAUUSD";"4062.38";"2599520"
"VMI3047753";"215D85D7";"20260702";"20:51:10";"50503392";"2330820";"ESEGUITO";"buy";"0.04";"XAUUSD";"4123.71";"2607711"
"VMI3047753";"215D85D7";"20260702";"21:16:20";"50503392";"2330929";"ESEGUITO";"sell";"0.04";"XAUUSD";"4112.87";"2607841"
"VMI3047753";"215D85D7";"20260702";"21:25:51";"50503392";"2330954";"ESEGUITO";"sell";"0.04";"XAUUSD";"4108.41";"2607868"
"VMI3047753";"215D85D7";"20260702";"21:51:44";"50503392";"2331060";"ESEGUITO";"buy";"0.04";"XAUUSD";"4118.68";"2607982"
"VMI3047753";"215D85D7";"20260703";"07:25:41";"50503392";"2332973";"ESEGUITO";"sell";"0.04";"XAUUSD";"4174.22";"2610062"
"VMI3047753";"215D85D7";"20260703";"07:30:26";"50503392";"2333165";"ESEGUITO";"buy";"0.04";"XAUUSD";"4179.35";"2610257"
"VMI3047753";"215D85D7";"20260703";"07:44:13";"50503392";"2333330";"ESEGUITO";"buy";"0.04";"XAUUSD";"4175.26";"2610423"
"VMI3047753";"215D85D7";"20260703";"07:46:39";"50503392";"2333418";"ESEGUITO";"sell";"0.04";"XAUUSD";"4173.72";"2610512"
"VMI3047753";"215D85D7";"20260703";"09:00:12";"50503392";"2612597";"PIAZZATO";"buy";"0.5";"D30EUR";"25760.00";"2612597"
"VMI3047753";"215D85D7";"20260703";"09:00:12";"50503392";"2335332";"ESEGUITO";"buy";"0.5";"D30EUR";"25760.00";"2612597"
"VMI3047753";"215D85D7";"20260703";"09:05:32";"50503392";"2335376";"ESEGUITO";"buy";"0.5";"XAUUSD";"4176.34";"2612643"
"VMI3047753";"215D85D7";"20260703";"09:12:44";"50503392";"2335500";"ESEGUITO";"sell";"0.5";"XAUUSD";"4176.02";"2612769"
"VMI3047753";"215D85D7";"20260703";"09:24:13";"50503392";"2612923";"PIAZZATO";"buy stop";"0.5";"D30EUR";"25800.00";"2612923"
"VMI3047753";"215D85D7";"20260703";"09:24:55";"50503392";"2612929";"PIAZZATO";"buy stop";"0.5";"D30EUR";"25800.00";"2612929"
"VMI3047753";"215D85D7";"20260703";"09:26:55";"50503392";"2612960";"PIAZZATO";"sell stop";"0.5";"D30EUR";"25698.00";"2612960"
"VMI3047753";"215D85D7";"20260703";"09:27:34";"50503392";"2612966";"PIAZZATO";"sell stop";"0.5";"D30EUR";"25698.00";"2612966"
"VMI3047753";"215D85D7";"20260703";"09:44:42";"50503392";"2335843";"ESEGUITO";"sell";"0.5";"D30EUR";"25698.00";"2612966"
"VMI3047753";"215D85D7";"20260703";"09:44:42";"50503392";"2335842";"ESEGUITO";"sell";"0.5";"D30EUR";"25698.00";"2612960"
"VMI3047753";"215D85D7";"20260703";"10:12:07";"50503392";"2336306";"ESEGUITO";"buy";"0.5";"XAUUSD";"4183.88";"2613652"
"VMI3047753";"215D85D7";"20260703";"10:21:25";"50503392";"2613766";"PIAZZATO";"buy stop";"0.5";"XAUUSD";"4203.00";"2613766"
"VMI3047753";"215D85D7";"20260703";"10:22:04";"50503392";"2613770";"PIAZZATO";"buy stop";"0.5";"XAUUSD";"4203.00";"2613770"
"VMI3047753";"215D85D7";"20260703";"10:22:44";"50503392";"2613774";"PIAZZATO";"sell stop";"0.5";"XAUUSD";"4168.00";"2613774"
"VMI3047753";"215D85D7";"20260703";"10:23:16";"50503392";"2613780";"PIAZZATO";"sell stop";"0.5";"XAUUSD";"4168.00";"2613780"
"VMI3047753";"215D85D7";"20260703";"10:51:26";"50503392";"2336627";"ESEGUITO";"buy";"0.5";"D30EUR";"25650.00";"2614001"
"VMI3047753";"215D85D7";"20260703";"11:23:48";"50503392";"2337002";"ESEGUITO";"sell";"0.5";"XAUUSD";"4174.05";"2614395"
"VMI3047753";"215D85D7";"20260703";"11:24:11";"50503392";"2337007";"ESEGUITO";"sell";"0.5";"XAUUSD";"4173.74";"2614399"
"VMI3047753";"215D85D7";"20260703";"11:27:54";"50503392";"2337039";"ESEGUITO";"buy";"0.5";"XAUUSD";"4171.44";"2614433"
"VMI3047753";"215D85D7";"20260703";"11:35:59";"50503392";"2337295";"ESEGUITO";"sell";"0.5";"XAUUSD";"4169.68";"2614695"
"VMI3047753";"215D85D7";"20260703";"11:45:07";"50503392";"2337327";"ESEGUITO";"buy";"0.5";"XAUUSD";"4172.75";"2614728"
"VMI3047753";"215D85D7";"20260703";"11:52:53";"50503392";"2613766";"ANNULLATO";"buy stop";"0.5";"XAUUSD";"";"2613766"
"VMI3047753";"215D85D7";"20260703";"11:52:54";"50503392";"2613770";"ANNULLATO";"buy stop";"0.5";"XAUUSD";"";"2613770"
"VMI3047753";"215D85D7";"20260703";"11:52:55";"50503392";"2613774";"ANNULLATO";"sell stop";"0.5";"XAUUSD";"";"2613774"
"VMI3047753";"215D85D7";"20260703";"11:52:59";"50503392";"2613780";"ANNULLATO";"sell stop";"0.5";"XAUUSD";"";"2613780"
"VMI3047753";"215D85D7";"20260703";"11:53:54";"50503392";"2614782";"PIAZZATO";"buy stop";"0.5";"XAUUSD";"4203.00";"2614782"
"VMI3047753";"215D85D7";"20260703";"11:54:16";"50503392";"2614784";"PIAZZATO";"buy stop";"0.5";"XAUUSD";"4203.00";"2614784"
"VMI3047753";"215D85D7";"20260703";"12:20:13";"50503392";"2337581";"ESEGUITO";"buy";"0.5";"XAUUSD";"4180.18";"2614986"
"VMI3047753";"215D85D7";"20260703";"12:32:41";"50503392";"2337729";"ESEGUITO";"sell";"0.5";"XAUUSD";"4177.57";"2615139"
"VMI3047753";"215D85D7";"20260703";"13:12:36";"50503392";"2338169";"ESEGUITO";"buy";"1";"XAUUSD";"4180.40";"2615594"
"VMI3047753";"215D85D7";"20260703";"13:57:38";"50503392";"2338451";"ESEGUITO";"sell";"1";"XAUUSD";"4178.97";"2615889"
"VMI3047753";"215D85D7";"20260703";"14:16:34";"50503392";"2338801";"ESEGUITO";"sell";"1";"XAUUSD";"4176.16";"2616228"
"VMI3047753";"215D85D7";"20260703";"14:33:31";"50503392";"2338932";"ESEGUITO";"buy";"1";"XAUUSD";"4176.04";"2616362"
"VMI3047753";"215D85D7";"20260703";"14:49:36";"50503392";"2339176";"ESEGUITO";"buy";"0.5";"D30EUR";"25746.00";"2616613"
"VMI3047753";"215D85D7";"20260703";"15:10:03";"50503392";"2339865";"ESEGUITO";"sell";"1";"XAUUSD";"4166.54";"2617307"
"VMI3047753";"215D85D7";"20260703";"15:37:14";"50503392";"2340355";"ESEGUITO";"buy";"1";"XAUUSD";"4165.38";"2617835"
"VMI3047753";"215D85D7";"20260703";"16:08:28";"50503392";"2340852";"ESEGUITO";"sell";"1";"XAUUSD";"4160.45";"2618339"
"VMI3047753";"215D85D7";"20260703";"16:08:51";"50503392";"2340873";"ESEGUITO";"buy";"1";"XAUUSD";"4159.32";"2618360"
"VMI3047753";"215D85D7";"20260703";"16:08:59";"50503392";"2340901";"ESEGUITO";"sell";"1";"XAUUSD";"4156.89";"2618386"
"VMI3047753";"215D85D7";"20260703";"16:10:54";"50503392";"2340979";"ESEGUITO";"buy";"1";"XAUUSD";"4163.22";"2618465"
"VMI3047753";"215D85D7";"20260703";"16:11:05";"50503392";"2340986";"ESEGUITO";"sell";"1";"XAUUSD";"4162.66";"2618471"
"VMI3047753";"215D85D7";"20260703";"16:57:41";"50503392";"2341456";"ESEGUITO";"buy";"1";"XAUUSD";"4169.37";"2618952"
"VMI3047753";"215D85D7";"20260706";"11:30:38";"50503392";"2348466";"ESEGUITO";"sell";"0.07";"XAUUSD";"4140.00";"2625639"
"VMI3047753";"215D85D7";"20260706";"12:18:46";"50503392";"2348889";"ESEGUITO";"buy";"0.07";"XAUUSD";"4150.00";"2626544"
"VMI3047753";"215D85D7";"20260706";"13:16:46";"50503392";"2349149";"ESEGUITO";"sell";"0.5";"D30EUR";"25761.10";"2626846"
"VMI3047753";"215D85D7";"20260707";"05:21:07";"50503392";"2355147";"ESEGUITO";"buy";"0.07";"XAUUSD";"4137.32";"2633170"
"VMI3047753";"215D85D7";"20260707";"05:21:07";"50503392";"2355146";"ESEGUITO";"buy";"0.07";"XAUUSD";"4137.32";"2633169"
"VMI3047753";"215D85D7";"20260707";"05:24:37";"50503392";"2355150";"ESEGUITO";"sell";"0.07";"XAUUSD";"4132.44";"2633175"
"VMI3047753";"215D85D7";"20260707";"05:43:33";"50503392";"2355262";"ESEGUITO";"sell";"0.07";"XAUUSD";"4127.85";"2633287"
"VMI3047753";"215D85D7";"20260707";"06:20:02";"50503392";"2355657";"ESEGUITO";"sell";"0.07";"XAUUSD";"4132.41";"2633690"
"VMI3047753";"215D85D7";"20260707";"06:42:28";"50503392";"2355758";"ESEGUITO";"buy";"0.07";"XAUUSD";"4131.71";"2633788"
"VMI3047753";"215D85D7";"20260707";"09:17:45";"50503392";"2356366";"ESEGUITO";"sell";"0.07";"XAUUSD";"4130.91";"2634477"
"VMI3047753";"215D85D7";"20260707";"09:36:51";"50503392";"2356523";"ESEGUITO";"buy";"0.07";"XAUUSD";"4130.17";"2634645"
"VMI3047753";"215D85D7";"20260707";"10:41:02";"50503392";"2357307";"ESEGUITO";"buy";"0.07";"XAUUSD";"4132.34";"2635494"
"VMI3047753";"215D85D7";"20260707";"10:52:10";"50503392";"2357391";"ESEGUITO";"sell";"0.07";"XAUUSD";"4125.97";"2635591"
"VMI3047753";"215D85D7";"20260707";"12:57:02";"50503392";"2358855";"ESEGUITO";"sell";"0.07";"XAUUSD";"4135.59";"2637119"
"VMI3047753";"215D85D7";"20260707";"13:16:09";"50503392";"2359077";"ESEGUITO";"buy";"0.07";"XAUUSD";"4135.46";"2637360"
"VMI3047753";"215D85D7";"20260707";"13:40:22";"50503392";"2359609";"ESEGUITO";"buy";"0.07";"XAUUSD";"4145.64";"2637894"
"VMI3047753";"215D85D7";"20260707";"14:07:28";"50503392";"2360238";"ESEGUITO";"sell";"0.07";"XAUUSD";"4163.82";"2638523"
"VMI3047753";"215D85D7";"20260707";"14:45:36";"50503392";"2361095";"ESEGUITO";"buy";"0.07";"XAUUSD";"4167.98";"2639397"
"VMI3047753";"215D85D7";"20260707";"15:02:05";"50503392";"2361316";"ESEGUITO";"sell";"0.07";"XAUUSD";"4168.16";"2639628"
"VMI3047753";"215D85D7";"20260707";"15:11:28";"50503392";"2361482";"ESEGUITO";"buy";"0.07";"XAUUSD";"4163.85";"2639797"
"VMI3047753";"215D85D7";"20260707";"15:36:12";"50503392";"2361951";"ESEGUITO";"sell";"0.07";"XAUUSD";"4175.16";"2640292"
"VMI3047753";"215D85D7";"20260707";"15:37:18";"50503392";"2362000";"ESEGUITO";"buy";"0.07";"XAUUSD";"4178.00";"2640345"
"VMI3047753";"215D85D7";"20260707";"15:42:50";"50503392";"2362414";"ESEGUITO";"sell";"0.07";"XAUUSD";"4178.19";"2640769"
"VMI3047753";"215D85D7";"20260707";"16:16:57";"50503392";"2363548";"ESEGUITO";"buy";"0.07";"XAUUSD";"4158.06";"2641926"
"VMI3047753";"215D85D7";"20260707";"16:35:15";"50503392";"2363734";"ESEGUITO";"sell";"0.07";"XAUUSD";"4149.24";"2642113"
"VMI3047753";"215D85D7";"20260707";"17:10:58";"50503392";"2370864";"ESEGUITO";"sell";"0.07";"XAUUSD";"4151.94";"2645850"
"VMI3047753";"215D85D7";"20260707";"19:00:39";"50503392";"2376808";"ESEGUITO";"buy";"0.07";"XAUUSD";"4145.63";"2647374"
"VMI3047753";"215D85D7";"20260707";"19:21:48";"50503392";"2376851";"ESEGUITO";"buy";"0.07";"XAUUSD";"4143.55";"2647418"
"VMI3047753";"215D85D7";"20260707";"19:31:40";"50503392";"2376869";"ESEGUITO";"sell";"0.07";"XAUUSD";"4148.03";"2647436"
"VMI3047753";"215D85D7";"20260707";"19:48:42";"50503392";"2376911";"ESEGUITO";"buy";"0.07";"XAUUSD";"4146.50";"2647479"
"VMI3047753";"215D85D7";"20260707";"20:10:11";"50503392";"2376957";"ESEGUITO";"sell";"0.07";"XAUUSD";"4141.02";"2647527"
"VMI3047753";"215D85D7";"20260707";"21:47:05";"50503392";"2377483";"ESEGUITO";"sell";"0.07";"XAUUSD";"4111.24";"2648043"
"VMI3047753";"215D85D7";"20260707";"22:26:03";"50503392";"2377573";"ESEGUITO";"buy";"0.07";"XAUUSD";"4110.41";"2648133"
"VMI3047753";"215D85D7";"20260708";"09:21:49";"50503392";"2381226";"ESEGUITO";"sell";"0.07";"XAUUSD";"4115.70";"2652025"
"VMI3047753";"215D85D7";"20260708";"09:32:08";"50503392";"2381618";"ESEGUITO";"buy";"0.07";"XAUUSD";"4125.74";"2652436"
"VMI3047753";"215D85D7";"20260708";"09:37:20";"50503392";"2381836";"ESEGUITO";"sell";"0.07";"XAUUSD";"4119.52";"2652660"
"VMI3047753";"215D85D7";"20260708";"10:37:08";"50503392";"2383762";"ESEGUITO";"buy";"0.07";"XAUUSD";"4071.05";"2654601"
"VMI3047753";"215D85D7";"20260708";"13:03:53";"50503392";"2385401";"ESEGUITO";"buy";"0.5";"D30EUR";"24924.80";"2656480"
"VMI3047753";"215D85D7";"20260708";"13:51:10";"50503392";"2385881";"ESEGUITO";"buy";"0.07";"XAUUSD";"4061.83";"2656983"
"VMI3047753";"215D85D7";"20260708";"16:00:31";"50503392";"2387443";"ESEGUITO";"sell";"0.07";"XAUUSD";"4063.78";"2658970"
"VMI3047753";"215D85D7";"20260708";"16:45:43";"50503392";"2388518";"ESEGUITO";"sell";"0.5";"D30EUR";"24933.20";"2660221"
"VMI3047753";"215D85D7";"20260708";"17:00:28";"50503392";"2389065";"ESEGUITO";"sell";"0.07";"XAUUSD";"4038.77";"2660780"
"VMI3047753";"215D85D7";"20260708";"17:45:28";"50503392";"2389819";"ESEGUITO";"sell";"0.5";"D30EUR";"24891.40";"2661564"
"VMI3047753";"215D85D7";"20260708";"18:23:10";"50503392";"2390040";"ESEGUITO";"buy";"0.5";"D30EUR";"24960.70";"2661795"
"VMI3047753";"215D85D7";"20260708";"18:40:49";"50503392";"2390185";"ESEGUITO";"buy";"0.07";"XAUUSD";"4050.53";"2661943"
"VMI3047753";"215D85D7";"20260709";"10:32:52";"50503392";"2394779";"ESEGUITO";"sell";"0.6";"D30EUR";"24949.20";"2670014"
"VMI3047753";"215D85D7";"20260709";"10:37:25";"50503392";"2394827";"ESEGUITO";"buy";"0.1";"D30EUR";"24928.60";"2670075"
"VMI3047753";"215D85D7";"20260709";"11:18:02";"50503392";"2395327";"ESEGUITO";"buy";"0.5";"D30EUR";"24948.60";"2670714"
"VMI3047753";"215D85D7";"20260709";"11:59:05";"50503392";"2395837";"ESEGUITO";"sell";"0.6";"SPXUSD";"7494.20";"2671268"
"VMI3047753";"215D85D7";"20260709";"12:01:19";"50503392";"2395869";"ESEGUITO";"buy";"0.5";"USOIL";"73.850";"2671301"
"VMI3047753";"215D85D7";"20260709";"12:46:28";"50503392";"2396188";"ESEGUITO";"sell";"0.5";"USOIL";"74.215";"2671654"
"VMI3047753";"215D85D7";"20260709";"12:46:47";"50503392";"2396197";"ESEGUITO";"buy";"0.6";"SPXUSD";"7488.90";"2671664"
"VMI3047753";"215D85D7";"20260709";"15:56:42";"50503392";"2399014";"ESEGUITO";"sell";"0.7";"USOIL";"72.887";"2674413"
"VMI3047753";"215D85D7";"20260709";"15:56:42";"50503392";"2399013";"ESEGUITO";"sell";"0.7";"USOIL";"72.881";"2674350"
"VMI3047753";"215D85D7";"20260709";"16:32:55";"50503392";"2399751";"ESEGUITO";"buy";"0.6";"D30EUR";"25064.20";"2674268"
"VMI3047753";"215D85D7";"20260709";"17:44:32";"50503392";"2400397";"ESEGUITO";"buy";"0.7";"USOIL";"72.186";"2677348"
"VMI3047753";"215D85D7";"20260709";"21:51:59";"50503392";"2403369";"ESEGUITO";"sell";"0.01";"XAGUSD";"59.916";"2682845"
"VMI3047753";"215D85D7";"20260710";"01:06:20";"50503392";"2404036";"ESEGUITO";"sell";"0.6";"D30EUR";"25134.90";"2684503"
"VMI3047753";"215D85D7";"20260710";"03:00:09";"50503392";"2404910";"ESEGUITO";"buy";"0.01";"XAGUSD";"60.270";"2685837"
"VMI3047753";"215D85D7";"20260710";"04:54:00";"50503392";"2408129";"ESEGUITO";"buy";"0.7";"USOIL";"72.600";"2689315"
"VMI3047753";"215D85D7";"20260710";"08:19:47";"50503392";"2414487";"ESEGUITO";"sell";"0.7";"USOIL";"72.060";"2695703"
"VMI3047753";"215D85D7";"20260710";"08:20:50";"50503392";"2414494";"ESEGUITO";"sell";"0.7";"USOIL";"72.060";"2695712"
"VMI3047753";"215D85D7";"20260710";"08:22:12";"50503392";"2414508";"ESEGUITO";"sell";"0.7";"NASUSD";"29585.60";"2695727"
"VMI3047753";"215D85D7";"20260710";"08:23:45";"50503392";"2414513";"ESEGUITO";"sell";"0.7";"NASUSD";"29576.90";"2695731"
"VMI3047753";"215D85D7";"20260710";"08:43:41";"50503392";"2414588";"ESEGUITO";"buy";"0.7";"USOIL";"72.371";"2695821"
"VMI3047753";"215D85D7";"20260710";"09:17:43";"50503392";"2414798";"ESEGUITO";"buy";"0.6";"D30EUR";"25140.70";"2696167"
"VMI3047753";"215D85D7";"20260710";"09:30:45";"50503392";"2414926";"ESEGUITO";"buy";"0.6";"D30EUR";"25182.60";"2696299"
"VMI3047753";"215D85D7";"20260710";"09:40:53";"50503392";"2414993";"ESEGUITO";"sell";"0.6";"D30EUR";"25200.60";"2696374"
"VMI3047753";"215D85D7";"20260710";"09:47:12";"50503392";"2415092";"ESEGUITO";"sell";"0.6";"D30EUR";"25123.20";"2696496"
"VMI3047753";"215D85D7";"20260710";"09:54:01";"50503392";"2415167";"ESEGUITO";"buy";"0.7";"NASUSD";"29561.90";"2696602"
"VMI3047753";"215D85D7";"20260710";"10:14:06";"50503392";"2415409";"ESEGUITO";"sell";"0.03";"XAGUSD";"59.855";"2696886"
"VMI3047753";"215D85D7";"20260710";"10:32:10";"50503392";"2415513";"ESEGUITO";"buy";"0.7";"USOIL";"72.050";"2697076"
"VMI3047753";"215D85D7";"20260710";"10:45:01";"50503392";"2415604";"ESEGUITO";"buy";"0.7";"NASUSD";"29576.50";"2697202"
"VMI3047753";"215D85D7";"20260710";"10:47:11";"50503392";"2415614";"ESEGUITO";"buy";"0.03";"XAGUSD";"59.532";"2697215"
"VMI3047753";"215D85D7";"20260710";"11:05:04";"50503392";"2415770";"ESEGUITO";"sell";"0.7";"D30EUR";"25079.00";"2697397"
"VMI3047753";"215D85D7";"20260710";"12:46:19";"50503392";"2417215";"ESEGUITO";"buy";"0.7";"NASUSD";"29642.90";"2698872"
"VMI3047753";"215D85D7";"20260710";"12:47:15";"50503392";"2417217";"ESEGUITO";"buy";"0.7";"NASUSD";"29642.80";"2698873"
"VMI3047753";"215D85D7";"20260710";"13:01:01";"50503392";"2417346";"ESEGUITO";"buy";"0.7";"USOIL";"72.470";"2699004"
"VMI3047753";"215D85D7";"20260710";"14:04:04";"50503392";"2417840";"ESEGUITO";"sell";"0.7";"NASUSD";"29579.90";"2699509"
"VMI3047753";"215D85D7";"20260710";"14:04:28";"50503392";"2417841";"ESEGUITO";"sell";"0.7";"NASUSD";"29579.60";"2699510"
"VMI3047753";"215D85D7";"20260710";"14:12:06";"50503392";"2417915";"ESEGUITO";"sell";"0.7";"USOIL";"72.606";"2699588"
"VMI3047753";"215D85D7";"20260710";"14:13:55";"50503392";"2417998";"ESEGUITO";"buy";"0.7";"D30EUR";"25164.90";"2699669"
"VMI3047753";"215D85D7";"20260710";"18:45:54";"50503392";"2422152";"ESEGUITO";"buy";"0.07";"XAUUSD";"4108.88";"2704230"
"VMI3047753";"215D85D7";"20260710";"18:46:57";"50503392";"2422154";"ESEGUITO";"buy";"0.07";"XAUUSD";"4108.86";"2704232"
"VMI3047753";"215D85D7";"20260710";"22:15:48";"50503392";"2422920";"ESEGUITO";"sell";"0.07";"XAUUSD";"4110.97";"2705031"
"VMI3047753";"215D85D7";"20260710";"22:15:53";"50503392";"2422922";"ESEGUITO";"sell";"0.07";"XAUUSD";"4110.97";"2705033"
"VMI3047753";"215D85D7";"20260713";"00:40:35";"50503392";"2423389";"ESEGUITO";"sell";"0.07";"XAUUSD";"4079.88";"2705345"
"VMI3047753";"215D85D7";"20260713";"07:09:27";"50503392";"2425011";"ESEGUITO";"buy";"0.07";"XAUUSD";"4070.86";"2707097"
"VMI3047753";"215D85D7";"20260713";"09:37:14";"50503392";"2426731";"ESEGUITO";"sell";"0.7";"USOIL";"74.049";"2708637"
"VMI3047753";"215D85D7";"20260713";"10:15:23";"50503392";"2427552";"ESEGUITO";"buy";"0.07";"XAGUSD";"59.008";"2709843"
"VMI3047753";"215D85D7";"20260713";"10:23:14";"50503392";"2427693";"ESEGUITO";"buy";"0.07";"XAUUSD";"4079.84";"2709920"
"VMI3047753";"215D85D7";"20260713";"11:51:32";"50503392";"2428409";"ESEGUITO";"sell";"0.07";"XAGUSD";"58.441";"2710895"
"VMI3047753";"215D85D7";"20260713";"12:30:24";"50503392";"2428687";"ESEGUITO";"buy";"0.7";"USOIL";"73.940";"2711209"
"VMI3047753";"215D85D7";"20260713";"12:41:12";"50503392";"2428802";"ESEGUITO";"sell";"0.07";"XAUUSD";"4063.61";"2711360"
"VMI3047753";"215D85D7";"20260714";"07:12:27";"50503392";"2437382";"ESEGUITO";"buy";"0.3";"D30EUR";"24961.00";"2726998"
"VMI3047753";"215D85D7";"20260714";"07:12:30";"50503392";"2437384";"ESEGUITO";"buy";"0.3";"D30EUR";"24962.00";"2726996"
"VMI3047753";"215D85D7";"20260714";"07:12:30";"50503392";"2437383";"ESEGUITO";"buy";"0.3";"D30EUR";"24962.30";"2726995"
"VMI3047753";"215D85D7";"20260714";"08:56:51";"50503392";"2437751";"ESEGUITO";"sell";"0.3";"D30EUR";"24895.60";"2731827"
"VMI3047753";"215D85D7";"20260714";"08:56:51";"50503392";"2437750";"ESEGUITO";"sell";"0.3";"D30EUR";"24895.90";"2731826"
"VMI3047753";"215D85D7";"20260714";"08:56:51";"50503392";"2437749";"ESEGUITO";"sell";"0.3";"D30EUR";"24895.40";"2731825"
"VMI3047753";"215D85D7";"20260714";"19:14:20";"50503392";"2446603";"ESEGUITO";"sell";"0.01";"XAUUSD";"4056.60";"2764965"
"VMI3047753";"215D85D7";"20260714";"19:14:20";"50503392";"2446602";"ESEGUITO";"sell";"0.01";"XAUUSD";"4056.60";"2764737"
"VMI3047753";"215D85D7";"20260714";"19:14:20";"50503392";"2446601";"ESEGUITO";"sell";"0.01";"XAUUSD";"4056.60";"2764545"
"VMI3047753";"215D85D7";"20260715";"03:43:01";"50503392";"2461807";"ESEGUITO";"buy";"0.01";"XAUUSD";"4037.23";"2792226"
"VMI3047753";"215D85D7";"20260715";"09:54:11";"50503392";"2464433";"ESEGUITO";"buy";"0.5";"USOIL";"80.530";"2794553"
"VMI3047753";"215D85D7";"20260715";"09:54:11";"50503392";"2464432";"ESEGUITO";"buy";"0.5";"USOIL";"80.530";"2794547"
"VMI3047753";"215D85D7";"20260715";"09:54:11";"50503392";"2464431";"ESEGUITO";"buy";"0.5";"USOIL";"80.530";"2794535"
"VMI3047753";"215D85D7";"20260715";"10:14:08";"50503392";"2464845";"ESEGUITO";"buy";"0.01";"XAUUSD";"4017.86";"2795462"
"VMI3047753";"215D85D7";"20260715";"10:29:01";"50503392";"2464979";"ESEGUITO";"sell";"0.5";"USOIL";"80.070";"2795598"
"VMI3047753";"215D85D7";"20260715";"10:29:01";"50503392";"2464978";"ESEGUITO";"sell";"0.5";"USOIL";"80.070";"2795597"
"VMI3047753";"215D85D7";"20260715";"10:29:01";"50503392";"2464977";"ESEGUITO";"sell";"0.5";"USOIL";"80.070";"2795596"
"VMI3047753";"215D85D7";"20260715";"10:36:31";"50503392";"2465181";"ESEGUITO";"buy";"0.3";"D30EUR";"25001.60";"2795798"
"VMI3047753";"215D85D7";"20260715";"11:59:24";"50503392";"2465798";"ESEGUITO";"sell";"0.3";"D30EUR";"24934.10";"2796461"
"VMI3047753";"215D85D7";"20260715";"14:35:03";"50503392";"2467747";"ESEGUITO";"buy";"0.01";"XAUUSD";"4054.91";"2798485"
"VMI3047753";"215D85D7";"20260715";"17:20:33";"50503392";"2470073";"ESEGUITO";"sell";"0.03";"XAUUSD";"4042.18";"2800861"
"VMI3047753";"215D85D7";"20260715";"17:20:33";"50503392";"2470071";"ESEGUITO";"sell";"0.03";"XAUUSD";"4042.42";"2800869"
"VMI3047753";"215D85D7";"20260715";"17:20:33";"50503392";"2470070";"ESEGUITO";"sell";"0.03";"XAUUSD";"4042.42";"2800865"
"VMI3047753";"215D85D7";"20260715";"18:35:15";"50503392";"2470711";"ESEGUITO";"buy";"0.03";"XAUUSD";"4028.59";"2801587"
"VMI3047753";"215D85D7";"20260715";"19:29:02";"50503392";"2471256";"ESEGUITO";"buy";"0.03";"XAUUSD";"4042.42";"2802147"
"VMI3047753";"215D85D7";"20260715";"19:29:02";"50503392";"2471255";"ESEGUITO";"buy";"0.03";"XAUUSD";"4042.42";"2802146"
"VMI3047753";"215D85D7";"20260716";"09:31:02";"50503392";"2475359";"ESEGUITO";"sell";"0.03";"XAUUSD";"4023.49";"2805957"
"VMI3047753";"215D85D7";"20260716";"13:48:51";"50503392";"2482071";"ESEGUITO";"buy";"0.03";"XAUUSD";"4041.50";"2813457"
"VMI3047753";"215D85D7";"20260716";"14:04:37";"50503392";"2482634";"ESEGUITO";"buy";"0.02";"XAUUSD";"4043.06";"2813991"
"VMI3047753";"215D85D7";"20260716";"14:04:44";"50503392";"2482639";"ESEGUITO";"buy";"0.02";"XAUUSD";"4043.19";"2814014"
"VMI3047753";"215D85D7";"20260716";"14:04:44";"50503392";"2482638";"ESEGUITO";"buy";"0.02";"XAUUSD";"4043.19";"2814009"
"VMI3047753";"215D85D7";"20260716";"14:07:26";"50503392";"2482885";"ESEGUITO";"sell";"0.02";"XAUUSD";"4033.56";"2814275"
"VMI3047753";"215D85D7";"20260716";"14:07:26";"50503392";"2482884";"ESEGUITO";"sell";"0.02";"XAUUSD";"4033.54";"2814274"
"VMI3047753";"215D85D7";"20260716";"14:09:11";"50503392";"2482907";"ESEGUITO";"sell";"0.02";"XAUUSD";"4033.54";"2814297"
"VMI3047753";"215D85D7";"20260716";"14:18:39";"50503392";"2483329";"ESEGUITO";"buy";"0.4";"USOIL";"80.470";"2814716"
"VMI3047753";"215D85D7";"20260716";"14:25:43";"50503392";"2483817";"ESEGUITO";"sell";"0.4";"USOIL";"80.770";"2815208"
"VMI3047753";"215D85D7";"20260716";"14:46:55";"50503392";"2484473";"ESEGUITO";"sell";"0.01";"XAUUSD";"4008.75";"2815885"
"VMI3047753";"215D85D7";"20260716";"14:47:58";"50503392";"2484645";"ESEGUITO";"sell";"0.01";"XAUUSD";"3999.71";"2816027"
"VMI3047753";"215D85D7";"20260716";"14:47:58";"50503392";"2484644";"ESEGUITO";"sell";"0.01";"XAUUSD";"3999.73";"2815839"
"VMI3047753";"215D85D7";"20260716";"14:47:58";"50503392";"2484643";"ESEGUITO";"buy";"0.01";"XAUUSD";"3999.83";"2816056"
"VMI3047753";"215D85D7";"20260716";"15:02:38";"50503392";"2485126";"ESEGUITO";"buy";"0.01";"XAUUSD";"3985.58";"2816543"
"VMI3047753";"215D85D7";"20260716";"15:24:22";"50503392";"2485741";"ESEGUITO";"buy";"0.01";"XAUUSD";"3998.45";"2817164"
"VMI3047753";"215D85D7";"20260716";"16:55:28";"50503392";"2488616";"ESEGUITO";"sell";"0.4";"USOIL";"79.730";"2819968"
"VMI3047753";"215D85D7";"20260716";"16:55:28";"50503392";"2488615";"ESEGUITO";"sell";"0.4";"USOIL";"79.730";"2819963"
"VMI3047753";"215D85D7";"20260716";"16:55:28";"50503392";"2488614";"ESEGUITO";"sell";"0.4";"USOIL";"79.730";"2819962"
"VMI3047753";"215D85D7";"20260716";"17:08:41";"50503392";"2488789";"ESEGUITO";"buy";"0.3";"D30EUR";"24837.30";"2820257"
"VMI3047753";"215D85D7";"20260716";"17:08:41";"50503392";"2488788";"ESEGUITO";"buy";"0.3";"D30EUR";"24837.30";"2820252"
"VMI3047753";"215D85D7";"20260716";"17:08:41";"50503392";"2488787";"ESEGUITO";"buy";"0.3";"D30EUR";"24837.30";"2820245"
"VMI3047753";"215D85D7";"20260716";"17:34:57";"50503392";"2489378";"ESEGUITO";"sell";"0.3";"D30EUR";"24907.40";"2820858"
"VMI3047753";"215D85D7";"20260716";"18:20:23";"50503392";"2489982";"ESEGUITO";"sell";"0.3";"D30EUR";"24834.80";"2821500"
"VMI3047753";"215D85D7";"20260716";"18:20:27";"50503392";"2489985";"ESEGUITO";"buy";"0.4";"USOIL";"80.320";"2821503"
"VMI3047753";"215D85D7";"20260716";"18:20:27";"50503392";"2489984";"ESEGUITO";"buy";"0.4";"USOIL";"80.320";"2821502"
"VMI3047753";"215D85D7";"20260716";"18:20:27";"50503392";"2489983";"ESEGUITO";"buy";"0.4";"USOIL";"80.320";"2821501"
"VMI3047753";"215D85D7";"20260716";"18:20:53";"50503392";"2489989";"ESEGUITO";"sell";"0.3";"D30EUR";"24833.20";"2821507"
"VMI3047753";"215D85D7";"20260716";"19:25:49";"50503392";"2491116";"ESEGUITO";"sell";"0.01";"XAUUSD";"3982.96";"2822655"
"VMI3047753";"215D85D7";"20260716";"19:25:49";"50503392";"2491115";"ESEGUITO";"sell";"0.01";"XAUUSD";"3983.41";"2822656"
"VMI3047753";"215D85D7";"20260716";"19:25:49";"50503392";"2491114";"ESEGUITO";"sell";"0.01";"XAUUSD";"3983.37";"2822652"
"VMI3047753";"215D85D7";"20260717";"05:19:11";"50503392";"2503267";"ESEGUITO";"buy";"0.01";"XAUUSD";"4000.48";"2834962"
"VMI3047753";"215D85D7";"20260717";"05:19:11";"50503392";"2503266";"ESEGUITO";"buy";"0.01";"XAUUSD";"4000.48";"2834961"
"VMI3047753";"215D85D7";"20260717";"05:19:11";"50503392";"2503265";"ESEGUITO";"buy";"0.01";"XAUUSD";"4000.48";"2834960"
"VMI3047753";"215D85D7";"20260717";"07:19:34";"50503392";"2503824";"ESEGUITO";"sell";"0.03";"XAUUSD";"3976.47";"2835527"
"VMI3047753";"215D85D7";"20260717";"07:41:34";"50503392";"2504168";"ESEGUITO";"buy";"0.03";"XAUUSD";"3987.95";"2835883"
"VMI3047753";"215D85D7";"20260717";"15:00:01";"50503392";"2509549";"ESEGUITO";"sell";"0.03";"XAUUSD";"3964.00";"2841401"
"VMI3047753";"215D85D7";"20260717";"15:00:01";"50503392";"2509548";"ESEGUITO";"sell";"0.03";"XAUUSD";"3964.00";"2841386"
"VMI3047753";"215D85D7";"20260717";"15:04:52";"50503392";"2509658";"ESEGUITO";"buy";"0.03";"XAUUSD";"3975.94";"2841541"
"VMI3047753";"215D85D7";"20260717";"15:04:53";"50503392";"2509660";"ESEGUITO";"buy";"0.03";"XAUUSD";"3976.00";"2841543"
"VMI3047753";"215D85D7";"20260717";"15:39:30";"50503392";"2510421";"ESEGUITO";"buy";"0.5";"XAUUSD";"4002.86";"2842353"
"VMI3047753";"215D85D7";"20260717";"15:40:31";"50503392";"2510465";"ESEGUITO";"sell";"0.5";"XAUUSD";"3986.36";"2842397"
"VMI3047753";"215D85D7";"20260720";"08:02:40";"50503392";"2515526";"ESEGUITO";"sell";"0.3";"D30EUR";"24767.90";"2847555"
"VMI3047753";"215D85D7";"20260720";"08:03:43";"50503392";"2515528";"ESEGUITO";"sell";"0.3";"D30EUR";"24767.00";"2847559"
"VMI3047753";"215D85D7";"20260720";"08:04:32";"50503392";"2515532";"ESEGUITO";"sell";"0.3";"D30EUR";"24767.00";"2847564"
"VMI3047753";"215D85D7";"20260720";"08:59:00";"50503392";"";"FALLITO";"sell stop 2.4 D30EUR at 24751.90 sl: 24796.50 tp: 24573.50 [Invalid price]";"";"";"";""
"VMI3047753";"215D85D7";"20260720";"08:59:00";"50503392";"2847812";"PIAZZATO";"buy stop";"2.4";"D30EUR";"24892.20";"2847812"
"VMI3047753";"215D85D7";"20260720";"09:00:00";"50503392";"2847863";"PIAZZATO";"sell stop";"2.7";"D30EUR";"24722.60";"2847863"
"VMI3047753";"215D85D7";"20260720";"09:00:00";"50503392";"2847862";"PIAZZATO";"buy stop";"2.7";"D30EUR";"24761.10";"2847862"
"VMI3047753";"215D85D7";"20260720";"09:00:21";"50503392";"2515728";"ESEGUITO";"buy";"2.7";"D30EUR";"24761.10";"2847862"
"VMI3047753";"215D85D7";"20260720";"09:01:34";"50503392";"2515756";"ESEGUITO";"buy";"0.3";"D30EUR";"24783.20";"2847884"
"VMI3047753";"215D85D7";"20260720";"09:01:35";"50503392";"2847863";"ANNULLATO";"sell stop";"2.7";"D30EUR";"";"2847863"
"VMI3047753";"215D85D7";"20260720";"09:01:35";"50503392";"2515758";"ESEGUITO";"buy";"0.3";"D30EUR";"24783.50";"2847887"
"VMI3047753";"215D85D7";"20260720";"09:01:35";"50503392";"2515757";"ESEGUITO";"buy";"0.3";"D30EUR";"24783.50";"2847886"
"VMI3047753";"215D85D7";"20260720";"09:15:00";"50503392";"2848061";"PIAZZATO";"buy stop";"1.4";"D30EUR";"24800.60";"2848061"
"VMI3047753";"215D85D7";"20260720";"09:23:01";"50503392";"2848151";"PIAZZATO";"sell";"1.3";"D30EUR";"24800.10";"2848151"
"VMI3047753";"215D85D7";"20260720";"09:23:01";"50503392";"2515983";"ESEGUITO";"sell";"1.3";"D30EUR";"24800.10";"2848151"
"VMI3047753";"215D85D7";"20260720";"09:23:01";"50503392";"2515981";"ESEGUITO";"buy";"1.4";"D30EUR";"24800.60";"2848061"
"VMI3047753";"215D85D7";"20260720";"09:44:52";"50503392";"2848570";"PIAZZATO";"sell";"0.6";"D30EUR";"24876.70";"2848570"
"VMI3047753";"215D85D7";"20260720";"09:44:52";"50503392";"2516356";"ESEGUITO";"sell";"0.6";"D30EUR";"24876.70";"2848570"
"VMI3047753";"215D85D7";"20260720";"09:44:52";"50503392";"2516355";"ESEGUITO";"sell";"1.4";"D30EUR";"24876.60";"2848569"
"VMI3047753";"215D85D7";"20260720";"09:45:37";"50503392";"2516373";"ESEGUITO";"buy";"2.4";"D30EUR";"24892.20";"2847812"
"VMI3047753";"215D85D7";"20260720";"09:50:09";"50503392";"2516447";"ESEGUITO";"sell";"0.8";"D30EUR";"24846.80";"2848665"
"VMI3047753";"215D85D7";"20260720";"09:50:09";"50503392";"2516446";"ESEGUITO";"sell";"2.4";"D30EUR";"24847.60";"2848664"
"VMI3047753";"215D85D7";"20260720";"12:18:00";"50503392";"2849981";"PIAZZATO";"sell";"0.6";"D30EUR";"24860.70";"2849981"
"VMI3047753";"215D85D7";"20260720";"12:18:00";"50503392";"2517702";"ESEGUITO";"sell";"0.6";"D30EUR";"24860.70";"2849981"
"VMI3047753";"215D85D7";"20260720";"12:39:16";"50503392";"2850099";"PIAZZATO";"buy";"0.2";"D30EUR";"24839.00";"2850099"
"VMI3047753";"215D85D7";"20260720";"12:39:16";"50503392";"2517805";"ESEGUITO";"buy";"0.2";"D30EUR";"24839.00";"2850099"
"VMI3047753";"215D85D7";"20260720";"12:47:12";"50503392";"2517819";"ESEGUITO";"sell";"1";"D30EUR";"24824.30";"2850119"
"VMI3047753";"215D85D7";"20260720";"12:57:42";"50503392";"2517876";"ESEGUITO";"buy";"0.4";"D30EUR";"24860.70";"2850193"
"VMI3047753";"215D85D7";"20260720";"13:00:54";"50503392";"2850229";"PIAZZATO";"sell stop";"1.6";"D30EUR";"24751.90";"2850229"
"VMI3047753";"215D85D7";"20260720";"13:00:54";"50503392";"2850228";"PIAZZATO";"buy stop";"1.6";"D30EUR";"24892.20";"2850228"
"VMI3047753";"215D85D7";"20260720";"13:00:55";"50503392";"2850228";"ANNULLATO";"buy stop";"1.6";"D30EUR";"";"2850228"
"VMI3047753";"215D85D7";"20260720";"13:00:55";"50503392";"2850229";"ANNULLATO";"sell stop";"1.6";"D30EUR";"";"2850229"
"VMI3047753";"215D85D7";"20260720";"13:04:47";"50503392";"2517926";"ESEGUITO";"buy";"1";"D30EUR";"24878.00";"2850261"
"VMI3047753";"215D85D7";"20260720";"14:20:07";"50503392";"2519075";"ESEGUITO";"sell";"0.02";"XAUUSD";"4010.83";"2851455"
"VMI3047753";"215D85D7";"20260720";"14:20:07";"50503392";"2519074";"ESEGUITO";"sell";"0.02";"XAUUSD";"4010.83";"2851448"
"VMI3047753";"215D85D7";"20260720";"14:21:14";"50503392";"2519084";"ESEGUITO";"sell";"0.02";"XAUUSD";"4010.83";"2851473"
"VMI3047753";"215D85D7";"20260720";"15:30:01";"50503392";"2852310";"PIAZZATO";"sell stop";"1.1";"NASUSD";"28833.90";"2852310"
"VMI3047753";"215D85D7";"20260720";"15:30:01";"50503392";"2852311";"PIAZZATO";"buy stop";"1";"NASUSD";"28901.10";"2852311"
"VMI3047753";"215D85D7";"20260720";"15:30:01";"50503392";"2852312";"PIAZZATO";"sell stop";"1";"NASUSD";"28801.20";"2852312"
"VMI3047753";"215D85D7";"20260720";"15:30:01";"50503392";"2852307";"PIAZZATO";"buy stop";"2.1";"NASUSD";"28887.90";"2852307"
"VMI3047753";"215D85D7";"20260720";"15:30:01";"50503392";"2852308";"PIAZZATO";"buy stop";"1.1";"NASUSD";"28890.90";"2852308"
"VMI3047753";"215D85D7";"20260720";"15:30:01";"50503392";"2852309";"PIAZZATO";"sell stop";"2.1";"NASUSD";"28836.90";"2852309"
"VMI3047753";"215D85D7";"20260720";"15:30:04";"50503392";"2852309";"ANNULLATO";"sell stop";"2.1";"NASUSD";"";"2852309"
"VMI3047753";"215D85D7";"20260720";"15:30:04";"50503392";"2519819";"ESEGUITO";"buy";"2.1";"NASUSD";"28887.90";"2852307"
"VMI3047753";"215D85D7";"20260720";"15:30:51";"50503392";"2519835";"ESEGUITO";"buy";"1.1";"NASUSD";"28890.90";"2852308"
"VMI3047753";"215D85D7";"20260720";"15:31:02";"50503392";"2852301";"ANNULLATO";"sell stop";"1.1";"NASUSD";"";"2852301"
"VMI3047753";"215D85D7";"20260720";"15:31:02";"50503392";"2852311";"ANNULLATO";"buy stop";"1";"NASUSD";"";"2852311"
"VMI3047753";"215D85D7";"20260720";"15:31:02";"50503392";"2519843";"ESEGUITO";"buy";"1.1";"NASUSD";"28898.30";"2852300"
"VMI3047753";"215D85D7";"20260720";"15:35:35";"50503392";"2520000";"ESEGUITO";"sell";"0.5";"NASUSD";"28969.60";"2852496"
"VMI3047753";"215D85D7";"20260720";"15:36:01";"50503392";"";"FALLITO";"modify #2852307 buy 1.1 NASUSD sl: 28887.90, tp: 29040.90 -> sl: 28950.30, tp: 29040.90 [Invalid stops]";"";"";"";""
"VMI3047753";"215D85D7";"20260720";"15:36:01";"50503392";"";"FALLITO";"modify #2852307 buy 1.1 NASUSD sl: 28887.90, tp: 29040.90 -> sl: 28950.30, tp: 29040.90 [Invalid stops]";"";"";"";""
"VMI3047753";"215D85D7";"20260720";"15:36:01";"50503392";"";"FALLITO";"modify #2852307 buy 1.1 NASUSD sl: 28887.90, tp: 29040.90 -> sl: 28950.30, tp: 29040.90 [Invalid stops]";"";"";"";""
"VMI3047753";"215D85D7";"20260720";"15:36:01";"50503392";"2520011";"ESEGUITO";"sell";"0.6";"NASUSD";"28950.30";"2852508"
"VMI3047753";"215D85D7";"20260720";"15:36:01";"50503392";"2520012";"ESEGUITO";"sell";"1";"NASUSD";"28949.90";"2852509"
"VMI3047753";"215D85D7";"20260720";"15:36:01";"50503392";"2852509";"PIAZZATO";"sell";"1";"NASUSD";"28949.90";"2852509"
"VMI3047753";"215D85D7";"20260720";"15:37:55";"50503392";"2520090";"ESEGUITO";"sell";"1.1";"NASUSD";"28984.90";"2852588"
"VMI3047753";"215D85D7";"20260720";"15:39:05";"50503392";"2520111";"ESEGUITO";"sell";"1.1";"NASUSD";"28968.60";"2852608"
"VMI3047753";"215D85D7";"20260720";"15:39:05";"50503392";"";"FALLITO";"cancel order #2852608 sell 1.1 NASUSD at 28968.60000 [Invalid request]";"";"";"";""
"VMI3047753";"215D85D7";"20260720";"15:57:21";"50503392";"2520455";"ESEGUITO";"sell";"1.1";"NASUSD";"28833.90";"2852310"
"VMI3047753";"215D85D7";"20260720";"16:10:07";"50503392";"2520664";"ESEGUITO";"buy";"0.02";"XAUUSD";"3999.60";"2853195"
"VMI3047753";"215D85D7";"20260720";"16:15:04";"50503392";"2853278";"PIAZZATO";"buy";"0.5";"NASUSD";"28785.70";"2853278"
"VMI3047753";"215D85D7";"20260720";"16:15:04";"50503392";"2520748";"ESEGUITO";"buy";"0.5";"NASUSD";"28785.70";"2853278"
"VMI3047753";"215D85D7";"20260720";"16:21:20";"50503392";"2520823";"ESEGUITO";"buy";"0.6";"NASUSD";"28739.90";"2853352"
"VMI3047753";"215D85D7";"20260720";"18:30:00";"50503392";"2853931";"ANNULLATO";"sell stop";"1.7";"D30EUR";"";"2853931"
"VMI3047753";"215D85D7";"20260720";"23:41:05";"50503392";"";"FALLITO";"modify #2851455 sell 0.02 XAUUSD sl: 4022.05, tp: 3988.38 -> sl: 4010.16, tp: 3988.38 [Market closed]";"";"";"";""
"VMI3047753";"215D85D7";"20260720";"23:41:14";"50503392";"";"FALLITO";"modify #2851455 sell 0.02 XAUUSD sl: 4022.05, tp: 3988.38 -> sl: 4010.62, tp: 3988.38 [Market closed]";"";"";"";""
"VMI3047753";"215D85D7";"20260720";"23:41:36";"50503392";"";"FALLITO";"modify #2851455 sell 0.02 XAUUSD sl: 4022.05, tp: 3988.38 -> sl: 4012.93, tp: 3988.38 [Market closed]";"";"";"";""
"VMI3047753";"215D85D7";"20260720";"23:41:38";"50503392";"";"FALLITO";"modify #2851455 sell 0.02 XAUUSD sl: 4022.05, tp: 3988.38 -> sl: 4017.54, tp: 3988.38 [Market closed]";"";"";"";""
"VMI3047753";"215D85D7";"20260720";"23:41:57";"50503392";"";"FALLITO";"modify #2851455 sell 0.02 XAUUSD sl: 4022.05, tp: 3988.38 -> sl: 4010.62, tp: 3988.38 [Market closed]";"";"";"";""
"VMI3047753";"215D85D7";"20260721";"00:05:00";"50503392";"2857106";"PIAZZATO";"sell limit";"0.2";"D30EUR";"24993.20";"2857106"
"VMI3047753";"215D85D7";"20260721";"00:05:00";"50503392";"2857105";"PIAZZATO";"sell limit";"0.1";"D30EUR";"24930.30";"2857105"
"VMI3047753";"215D85D7";"20260721";"00:06:45";"50503392";"2857117";"PIAZZATO";"sell limit";"1.36";"XPDUSD";"1288.20";"2857117"
"VMI3047753";"215D85D7";"20260721";"00:06:45";"50503392";"2857116";"PIAZZATO";"sell limit";"0.94";"XPDUSD";"1278.56";"2857116"
"VMI3047753";"215D85D7";"20260721";"02:36:29";"50503392";"2524904";"ESEGUITO";"buy";"0.02";"XAUUSD";"4022.05";"2857965"
"VMI3047753";"215D85D7";"20260721";"02:36:29";"50503392";"2524903";"ESEGUITO";"buy";"0.02";"XAUUSD";"4022.05";"2857964"
"VMI3047753";"215D85D7";"20260721";"05:36:10";"50503392";"2525460";"ESEGUITO";"sell";"0.5";"XAUUSD";"4044.59";"2859037"
"VMI3047753";"215D85D7";"20260721";"05:39:34";"50503392";"2525462";"ESEGUITO";"buy";"0.5";"XAUUSD";"4044.46";"2859039"
"VMI3047753";"215D85D7";"20260721";"06:08:16";"50503392";"2857116";"ANNULLATO";"sell limit";"0.94";"XPDUSD";"";"2857116"
"VMI3047753";"215D85D7";"20260721";"06:08:17";"50503392";"2857117";"ANNULLATO";"sell limit";"1.36";"XPDUSD";"";"2857117"
"VMI3047753";"215D85D7";"20260721";"08:00:00";"50503392";"2859625";"PIAZZATO";"sell stop";"0.99";"GBPUSD";"1.34356";"2859625"
"VMI3047753";"215D85D7";"20260721";"08:00:00";"50503392";"2859624";"PIAZZATO";"buy stop";"0.99";"GBPUSD";"1.34490";"2859624"
"VMI3047753";"215D85D7";"20260721";"08:00:02";"50503392";"2525956";"ESEGUITO";"sell";"0.99";"GBPUSD";"1.34423";"2859626"
"VMI3047753";"215D85D7";"20260721";"08:00:02";"50503392";"2859625";"ANNULLATO";"sell stop";"0.99";"GBPUSD";"";"2859625"
"VMI3047753";"215D85D7";"20260721";"08:00:02";"50503392";"2525954";"ESEGUITO";"buy";"0.99";"GBPUSD";"1.34490";"2859624"
"VMI3047753";"215D85D7";"20260721";"08:59:00";"50503392";"2860196";"PIAZZATO";"sell stop";"3.5";"D30EUR";"24651.50";"2860196"
"VMI3047753";"215D85D7";"20260721";"08:59:00";"50503392";"";"FALLITO";"buy stop 3.5 D30EUR at 24838.60 sl: 24806.50 tp: 24967.00 [Invalid price]";"";"";"";""
"VMI3047753";"215D85D7";"20260721";"09:00:00";"50503392";"2860208";"PIAZZATO";"sell stop";"2.6";"D30EUR";"24832.00";"2860208"
"VMI3047753";"215D85D7";"20260721";"09:00:00";"50503392";"2860207";"PIAZZATO";"buy stop";"2.6";"D30EUR";"24875.40";"2860207"
"VMI3047753";"215D85D7";"20260721";"09:00:17";"50503392";"2860208";"ANNULLATO";"sell stop";"2.6";"D30EUR";"";"2860208"
"VMI3047753";"215D85D7";"20260721";"09:00:17";"50503392";"2526296";"ESEGUITO";"buy";"2.6";"D30EUR";"24875.40";"2860207"
"VMI3047753";"215D85D7";"20260721";"09:02:20";"50503392";"2860275";"PIAZZATO";"sell";"1.3";"D30EUR";"24923.10";"2860275"
"VMI3047753";"215D85D7";"20260721";"09:02:20";"50503392";"2526353";"ESEGUITO";"sell";"1.3";"D30EUR";"24923.10";"2860275"
"VMI3047753";"215D85D7";"20260721";"09:02:29";"50503392";"2526362";"ESEGUITO";"sell";"0.1";"D30EUR";"24930.30";"2857105"
"VMI3047753";"215D85D7";"20260721";"09:11:40";"50503392";"2526502";"ESEGUITO";"sell";"1.3";"D30EUR";"24875.40";"2860441"
"VMI3047753";"215D85D7";"20260721";"09:15:00";"50503392";"2860472";"PIAZZATO";"buy stop";"1.3";"D30EUR";"24936.20";"2860472"
"VMI3047753";"215D85D7";"20260721";"09:30:00";"50503392";"2860196";"ANNULLATO";"sell stop";"3.5";"D30EUR";"";"2860196"
"VMI3047753";"215D85D7";"20260721";"15:30:00";"50503392";"2865435";"PIAZZATO";"sell stop";"1";"NASUSD";"28994.60";"2865435"
"VMI3047753";"215D85D7";"20260721";"15:30:00";"50503392";"2865436";"PIAZZATO";"sell stop";"1.3";"NASUSD";"28935.00";"2865436"
"VMI3047753";"215D85D7";"20260721";"15:30:00";"50503392";"2865434";"PIAZZATO";"buy stop";"1";"NASUSD";"29059.30";"2865434"
"VMI3047753";"215D85D7";"20260721";"15:30:00";"50503392";"";"FALLITO";"buy stop 1.3 NASUSD at 29023.80 sl: 28935.00 tp: 29290.20 [Invalid price]";"";"";"";""
"VMI3047753";"215D85D7";"20260721";"15:30:12";"50503392";"2865435";"ANNULLATO";"sell stop";"1";"NASUSD";"";"2865435"
"VMI3047753";"215D85D7";"20260721";"15:30:12";"50503392";"2531308";"ESEGUITO";"buy";"1";"NASUSD";"29059.30";"2865434"
"VMI3047753";"215D85D7";"20260721";"15:31:26";"50503392";"2531335";"ESEGUITO";"sell";"1";"NASUSD";"29004.60";"2865484"
"VMI3047753";"215D85D7";"20260721";"15:36:05";"50503392";"2531512";"ESEGUITO";"buy";"0.5";"XAUUSD";"4057.44";"2865664"
"VMI3047753";"215D85D7";"20260721";"15:37:47";"50503392";"2531590";"ESEGUITO";"sell";"0.5";"XAUUSD";"4051.39";"2865736"
"VMI3047753";"215D85D7";"20260721";"15:47:32";"50503392";"2531841";"ESEGUITO";"sell";"1.3";"NASUSD";"28935.00";"2865436"
"VMI3047753";"215D85D7";"20260721";"16:10:35";"50503392";"2866394";"PIAZZATO";"buy";"0.6";"NASUSD";"28900.00";"2866394"
"VMI3047753";"215D85D7";"20260721";"16:10:35";"50503392";"2532187";"ESEGUITO";"buy";"0.6";"NASUSD";"28900.00";"2866394"
"VMI3047753";"215D85D7";"20260721";"16:11:49";"50503392";"2532255";"ESEGUITO";"buy";"0.7";"NASUSD";"28918.40";"2866458"
"VMI3047753";"215D85D7";"20260721";"17:21:24";"50503392";"2533590";"ESEGUITO";"sell";"0.2";"D30EUR";"24993.20";"2857106"
"VMI3047753";"215D85D7";"20260721";"18:55:30";"50503392";"2870026";"PIAZZATO";"buy limit";"0.05";"USDJPY";"161.979";"2870026"
"VMI3047753";"215D85D7";"20260721";"18:55:30";"50503392";"2870027";"PIAZZATO";"buy limit";"0.18";"USDJPY";"161.727";"2870027"
"VMI3047753";"215D85D7";"20260721";"18:55:30";"50503392";"2870024";"PIAZZATO";"sell limit";"0.03";"GBPUSD";"1.34788";"2870024"
"VMI3047753";"215D85D7";"20260721";"18:55:30";"50503392";"2870025";"PIAZZATO";"sell limit";"0.1";"GBPUSD";"1.35053";"2870025"
"VMI3047753";"215D85D7";"20260721";"18:55:31";"50503392";"2870027";"ANNULLATO";"buy limit";"0.18";"USDJPY";"";"2870027"
"VMI3047753";"215D85D7";"20260721";"18:55:31";"50503392";"2870026";"ANNULLATO";"buy limit";"0.05";"USDJPY";"";"2870026"
"VMI3047753";"215D85D7";"20260721";"18:55:31";"50503392";"2870025";"ANNULLATO";"sell limit";"0.1";"GBPUSD";"";"2870025"
"VMI3047753";"215D85D7";"20260721";"18:55:31";"50503392";"2870024";"ANNULLATO";"sell limit";"0.03";"GBPUSD";"";"2870024"
"VMI3047753";"215D85D7";"20260721";"21:00:00";"50503392";"2871146";"PIAZZATO";"sell limit";"0.1";"GBPUSD";"1.35053";"2871146"
"VMI3047753";"215D85D7";"20260721";"21:00:00";"50503392";"2871142";"ANNULLATO";"buy limit";"0.18";"USDJPY";"";"2871142"
"VMI3047753";"215D85D7";"20260721";"21:00:00";"50503392";"2871141";"ANNULLATO";"buy limit";"0.05";"USDJPY";"";"2871141"
"VMI3047753";"215D85D7";"20260721";"21:00:00";"50503392";"2871141";"PIAZZATO";"buy limit";"0.05";"USDJPY";"161.979";"2871141"
"VMI3047753";"215D85D7";"20260721";"21:00:00";"50503392";"2871142";"PIAZZATO";"buy limit";"0.18";"USDJPY";"161.727";"2871142"
"VMI3047753";"215D85D7";"20260721";"21:00:00";"50503392";"2871145";"PIAZZATO";"sell limit";"0.03";"GBPUSD";"1.34788";"2871145"
"VMI3047753";"215D85D7";"20260721";"21:00:01";"50503392";"2871145";"ANNULLATO";"sell limit";"0.03";"GBPUSD";"";"2871145"
"VMI3047753";"215D85D7";"20260721";"21:00:01";"50503392";"2871146";"ANNULLATO";"sell limit";"0.1";"GBPUSD";"";"2871146"
"VMI3047753";"215D85D7";"20260722";"01:00:01";"50503392";"2871809";"PIAZZATO";"buy limit";"0.18";"USDJPY";"161.727";"2871809"
"VMI3047753";"215D85D7";"20260722";"01:00:01";"50503392";"2871808";"PIAZZATO";"buy limit";"0.05";"USDJPY";"161.979";"2871808"
"VMI3047753";"215D85D7";"20260722";"01:00:05";"50503392";"2871811";"PIAZZATO";"sell limit";"0.1";"GBPUSD";"1.35053";"2871811"
"VMI3047753";"215D85D7";"20260722";"01:00:05";"50503392";"2871810";"PIAZZATO";"sell limit";"0.03";"GBPUSD";"1.34788";"2871810"
"VMI3047753";"215D85D7";"20260722";"05:00:00";"50503392";"2873218";"PIAZZATO";"sell limit";"0.01";"XAUUSD";"4166.33";"2873218"
"VMI3047753";"215D85D7";"20260722";"05:00:00";"50503392";"2873217";"PIAZZATO";"sell limit";"0.01";"XAUUSD";"4152.57";"2873217"
"VMI3047753";"215D85D7";"20260722";"06:00:00";"50503392";"2873480";"PIAZZATO";"buy limit";"1.01";"EURUSD";"1.13971";"2873480"
"VMI3047753";"215D85D7";"20260722";"06:00:00";"50503392";"2873479";"PIAZZATO";"sell limit";"1.01";"EURUSD";"1.14100";"2873479"
"VMI3047753";"215D85D7";"20260722";"08:00:00";"50503392";"2873971";"PIAZZATO";"buy stop";"0.79";"GBPUSD";"1.33895";"2873971"
"VMI3047753";"215D85D7";"20260722";"08:00:00";"50503392";"2873972";"PIAZZATO";"sell stop";"0.79";"GBPUSD";"1.33735";"2873972"
"VMI3047753";"215D85D7";"20260722";"08:00:00";"50503392";"2873480";"ANNULLATO";"buy limit";"1.01";"EURUSD";"";"2873480"
"VMI3047753";"215D85D7";"20260722";"08:00:00";"50503392";"2873479";"ANNULLATO";"sell limit";"1.01";"EURUSD";"";"2873479"
"VMI3047753";"215D85D7";"20260722";"08:03:01";"50503392";"2873972";"ANNULLATO";"sell stop";"0.79";"GBPUSD";"";"2873972"
"VMI3047753";"215D85D7";"20260722";"08:03:01";"50503392";"2539589";"ESEGUITO";"buy";"0.79";"GBPUSD";"1.33895";"2873971"
"VMI3047753";"215D85D7";"20260722";"08:18:35";"50503392";"2539617";"ESEGUITO";"sell";"0.79";"GBPUSD";"1.33815";"2874013"
"VMI3047753";"215D85D7";"20260722";"08:59:00";"50503392";"";"FALLITO";"sell stop 2.9 D30EUR at 25032.00 sl: 25069.50 tp: 24882.00 [Invalid price]";"";"";"";""
"VMI3047753";"215D85D7";"20260722";"08:59:00";"50503392";"2874280";"PIAZZATO";"buy stop";"2.9";"D30EUR";"25112.40";"2874280"
"VMI3047753";"215D85D7";"20260722";"09:00:00";"50503392";"2874286";"PIAZZATO";"sell stop";"3.3";"D30EUR";"24949.90";"2874286"
"VMI3047753";"215D85D7";"20260722";"09:00:00";"50503392";"2874285";"PIAZZATO";"buy stop";"3.3";"D30EUR";"24982.60";"2874285"
"VMI3047753";"215D85D7";"20260722";"09:00:01";"50503392";"2539849";"ESEGUITO";"buy";"3.3";"D30EUR";"24982.60";"2874285"
"VMI3047753";"215D85D7";"20260722";"09:15:00";"50503392";"2874462";"PIAZZATO";"sell stop";"1.5";"D30EUR";"24968.80";"2874462"
"VMI3047753";"215D85D7";"20260722";"09:15:12";"50503392";"2539995";"ESEGUITO";"buy";"2.1";"NASUSD";"28936.60";"2874464"
"VMI3047753";"215D85D7";"20260722";"09:19:08";"50503392";"2540020";"ESEGUITO";"sell";"2.1";"NASUSD";"28945.00";"2874487"
"VMI3047753";"215D85D7";"20260722";"09:27:45";"50503392";"2540169";"ESEGUITO";"sell";"3.3";"D30EUR";"25080.70";"2874629"
"VMI3047753";"215D85D7";"20260722";"09:30:00";"50503392";"2874280";"ANNULLATO";"buy stop";"2.9";"D30EUR";"";"2874280"
"VMI3047753";"215D85D7";"20260722";"10:04:56";"50503392";"2540921";"ESEGUITO";"buy";"0.2";"D30EUR";"25132.90";"2875413"
"VMI3047753";"215D85D7";"20260722";"10:04:56";"50503392";"2540920";"ESEGUITO";"buy";"0.1";"D30EUR";"25132.90";"2875412"
"VMI3047753";"215D85D7";"20260722";"13:00:00";"50503392";"2877685";"PIAZZATO";"buy limit";"0.2";"D30EUR";"24895.20";"2877685"
"VMI3047753";"215D85D7";"20260722";"13:00:00";"50503392";"2877684";"PIAZZATO";"buy limit";"0.1";"D30EUR";"24959.30";"2877684"
"VMI3047753";"215D85D7";"20260722";"15:30:00";"50503392";"2879993";"PIAZZATO";"sell stop";"1";"NASUSD";"28795.90";"2879993"
"VMI3047753";"215D85D7";"20260722";"15:30:00";"50503392";"";"FALLITO";"buy stop 1 NASUSD at 28908.80 sl: 28795.90 tp: 29247.50 [Invalid price]";"";"";"";""
"VMI3047753";"215D85D7";"20260722";"15:30:00";"50503392";"2545236";"ESEGUITO";"buy";"3";"NASUSD";"28939.90";"2879989"
"VMI3047753";"215D85D7";"20260722";"15:30:00";"50503392";"2545235";"ESEGUITO";"buy";"1.6";"NASUSD";"28942.90";"2879985"
"VMI3047753";"215D85D7";"20260722";"15:30:00";"50503392";"2879987";"PIAZZATO";"sell stop";"1.6";"NASUSD";"28898.60";"2879987"
"VMI3047753";"215D85D7";"20260722";"15:30:00";"50503392";"2879985";"PIAZZATO";"buy stop";"1.6";"NASUSD";"28942.90";"2879985"
"VMI3047753";"215D85D7";"20260722";"15:30:00";"50503392";"2879990";"PIAZZATO";"sell stop";"3";"NASUSD";"28901.60";"2879990"
"VMI3047753";"215D85D7";"20260722";"15:30:00";"50503392";"2879989";"PIAZZATO";"buy stop";"3";"NASUSD";"28939.90";"2879989"
"VMI3047753";"215D85D7";"20260722";"15:30:01";"50503392";"2879987";"ANNULLATO";"sell stop";"1.6";"NASUSD";"";"2879987"
"VMI3047753";"215D85D7";"20260722";"15:37:41";"50503392";"2880253";"PIAZZATO";"sell";"0.8";"NASUSD";"28994.40";"2880253"
"VMI3047753";"215D85D7";"20260722";"15:37:41";"50503392";"2545509";"ESEGUITO";"sell";"0.8";"NASUSD";"28994.40";"2880253"
"VMI3047753";"215D85D7";"20260722";"15:42:33";"50503392";"2880340";"PIAZZATO";"sell";"1.5";"NASUSD";"29011.70";"2880340"
"VMI3047753";"215D85D7";"20260722";"15:42:33";"50503392";"2879990";"ANNULLATO";"sell stop";"3";"NASUSD";"";"2879990"
"VMI3047753";"215D85D7";"20260722";"15:42:33";"50503392";"2545590";"ESEGUITO";"sell";"0.8";"NASUSD";"29011.50";"2880339"
"VMI3047753";"215D85D7";"20260722";"15:42:33";"50503392";"2545591";"ESEGUITO";"sell";"1.5";"NASUSD";"29011.70";"2880340"
"VMI3047753";"215D85D7";"20260722";"15:47:05";"50503392";"2545721";"ESEGUITO";"sell";"1.5";"NASUSD";"29029.90";"2880469"
"VMI3047753";"215D85D7";"20260722";"15:58:52";"50503392";"2545914";"ESEGUITO";"sell";"0.01";"XAUUSD";"4152.57";"2873217"
"VMI3047753";"215D85D7";"20260722";"18:45:00";"50503392";"2871809";"ANNULLATO";"buy limit";"0.18";"USDJPY";"";"2871809"
"VMI3047753";"215D85D7";"20260722";"18:45:00";"50503392";"2871808";"ANNULLATO";"buy limit";"0.05";"USDJPY";"";"2871808"
"VMI3047753";"215D85D7";"20260722";"18:45:00";"50503392";"2871811";"ANNULLATO";"sell limit";"0.1";"GBPUSD";"";"2871811"
"VMI3047753";"215D85D7";"20260722";"18:45:00";"50503392";"2871810";"ANNULLATO";"sell limit";"0.03";"GBPUSD";"";"2871810"
"VMI3047753";"215D85D7";"20260722";"19:19:59";"50503392";"2548910";"ESEGUITO";"buy";"0.1";"NASUSD";"29143.80";"2883753"
"VMI3047753";"215D85D7";"20260722";"20:48:12";"50503392";"2549300";"ESEGUITO";"sell";"0.1";"NASUSD";"29079.70";"2884145"
"VMI3047753";"215D85D7";"20260723";"06:00:00";"50503392";"2886212";"PIAZZATO";"buy limit";"1.17";"EURUSD";"1.14057";"2886212"
"VMI3047753";"215D85D7";"20260723";"06:00:00";"50503392";"2886211";"PIAZZATO";"sell limit";"1.17";"EURUSD";"1.14305";"2886211"
"VMI3047753";"215D85D7";"20260723";"06:07:39";"50503392";"2551289";"ESEGUITO";"sell";"1.17";"EURUSD";"1.14305";"2886211"
"VMI3047753";"215D85D7";"20260723";"08:00:00";"50503392";"2886656";"PIAZZATO";"sell stop";"1.19";"GBPUSD";"1.33790";"2886656"
"VMI3047753";"215D85D7";"20260723";"08:00:00";"50503392";"2886655";"PIAZZATO";"buy stop";"1.17";"GBPUSD";"1.33907";"2886655"
"VMI3047753";"215D85D7";"20260723";"08:00:00";"50503392";"2886212";"ANNULLATO";"buy limit";"1.17";"EURUSD";"";"2886212"
"VMI3047753";"215D85D7";"20260723";"08:04:02";"50503392";"2886656";"ANNULLATO";"sell stop";"1.19";"GBPUSD";"";"2886656"
"VMI3047753";"215D85D7";"20260723";"08:04:02";"50503392";"2551664";"ESEGUITO";"buy";"1.17";"GBPUSD";"1.33907";"2886655"
"VMI3047753";"215D85D7";"20260723";"08:31:58";"50503392";"2551777";"ESEGUITO";"sell";"1.17";"GBPUSD";"1.33848";"2886853"
"VMI3047753";"215D85D7";"20260723";"08:59:00";"50503392";"";"FALLITO";"sell stop 2.7 D30EUR at 25086.80 sl: 25130.80 tp: 24910.80 [Invalid price]";"";"";"";""
"VMI3047753";"215D85D7";"20260723";"08:59:00";"50503392";"2887091";"PIAZZATO";"buy stop";"2.7";"D30EUR";"25223.60";"2887091"
"VMI3047753";"215D85D7";"20260723";"09:00:00";"50503392";"2887101";"PIAZZATO";"sell stop";"2.5";"D30EUR";"24996.90";"2887101"
"VMI3047753";"215D85D7";"20260723";"09:00:00";"50503392";"2887100";"PIAZZATO";"buy stop";"2.5";"D30EUR";"25044.80";"2887100"
"VMI3047753";"215D85D7";"20260723";"09:00:02";"50503392";"2887100";"ANNULLATO";"buy stop";"2.5";"D30EUR";"";"2887100"
"VMI3047753";"215D85D7";"20260723";"09:00:02";"50503392";"2552002";"ESEGUITO";"sell";"2.5";"D30EUR";"24996.90";"2887101"
"VMI3047753";"215D85D7";"20260723";"09:09:47";"50503392";"2552148";"ESEGUITO";"buy";"0.1";"D30EUR";"24959.30";"2877684"
"VMI3047753";"215D85D7";"20260723";"09:13:06";"50503392";"2552262";"ESEGUITO";"buy";"0.2";"D30EUR";"24895.20";"2877685"
"VMI3047753";"215D85D7";"20260723";"09:15:00";"50503392";"2887411";"PIAZZATO";"sell stop";"0.9";"D30EUR";"24891.00";"2887411"
"VMI3047753";"215D85D7";"20260723";"09:15:00";"50503392";"2887409";"PIAZZATO";"buy stop";"0.9";"D30EUR";"25018.00";"2887409"
"VMI3047753";"215D85D7";"20260723";"09:25:00";"50503392";"2887508";"PIAZZATO";"sell stop";"0.9";"D30EUR";"24888.00";"2887508"
"VMI3047753";"215D85D7";"20260723";"09:25:00";"50503392";"2887507";"PIAZZATO";"buy stop";"0.9";"D30EUR";"25021.00";"2887507"
"VMI3047753";"215D85D7";"20260723";"09:30:00";"50503392";"2887091";"ANNULLATO";"buy stop";"2.7";"D30EUR";"";"2887091"
"VMI3047753";"215D85D7";"20260723";"10:08:55";"50503392";"2552915";"ESEGUITO";"buy";"0.9";"D30EUR";"25018.00";"2887409"
"VMI3047753";"215D85D7";"20260723";"10:09:48";"50503392";"2552927";"ESEGUITO";"buy";"0.9";"D30EUR";"25021.00";"2887507"
"VMI3047753";"215D85D7";"20260723";"10:10:15";"50503392";"2888112";"PIAZZATO";"sell";"0.1";"D30EUR";"25033.00";"2888112"
"VMI3047753";"215D85D7";"20260723";"10:10:15";"50503392";"2552947";"ESEGUITO";"sell";"0.1";"D30EUR";"25033.00";"2888112"
"VMI3047753";"215D85D7";"20260723";"10:10:16";"50503392";"2552948";"ESEGUITO";"sell";"0.1";"D30EUR";"25032.90";"2888113"
"VMI3047753";"215D85D7";"20260723";"10:16:05";"50503392";"2553142";"ESEGUITO";"buy";"1.17";"EURUSD";"1.14181";"2888345"
"VMI3047753";"215D85D7";"20260723";"10:21:00";"50503392";"2888415";"PIAZZATO";"buy";"0.5";"D30EUR";"25041.70";"2888415"
"VMI3047753";"215D85D7";"20260723";"10:21:00";"50503392";"2553206";"ESEGUITO";"buy";"0.5";"D30EUR";"25041.70";"2888415"
"VMI3047753";"215D85D7";"20260723";"10:26:33";"50503392";"2553261";"ESEGUITO";"buy";"2.5";"D30EUR";"25044.80";"2888472"
"VMI3047753";"215D85D7";"20260723";"10:55:16";"50503392";"2553662";"ESEGUITO";"sell";"0.02";"XAUUSD";"4092.96";"2888889"
"VMI3047753";"215D85D7";"20260723";"10:57:00";"50503392";"2888911";"PIAZZATO";"buy";"1";"D30EUR";"25017.40";"2888911"
"VMI3047753";"215D85D7";"20260723";"10:57:00";"50503392";"2553682";"ESEGUITO";"buy";"1";"D30EUR";"25017.40";"2888911"
"VMI3047753";"215D85D7";"20260723";"11:00:00";"50503392";"2888939";"PIAZZATO";"buy";"0.8";"D30EUR";"25026.40";"2888939"
"VMI3047753";"215D85D7";"20260723";"11:00:00";"50503392";"2553709";"ESEGUITO";"buy";"0.8";"D30EUR";"25026.40";"2888939"
"VMI3047753";"215D85D7";"20260723";"12:11:49";"50503392";"2554176";"ESEGUITO";"sell";"0.8";"D30EUR";"24957.20";"2889428"
"VMI3047753";"215D85D7";"20260723";"12:11:49";"50503392";"2554175";"ESEGUITO";"sell";"1";"D30EUR";"24957.20";"2889427"
"VMI3047753";"215D85D7";"20260723";"12:48:00";"50503392";"2889622";"PIAZZATO";"buy";"0.8";"D30EUR";"25018.30";"2889622"
"VMI3047753";"215D85D7";"20260723";"12:48:00";"50503392";"2554356";"ESEGUITO";"buy";"0.8";"D30EUR";"25018.30";"2889622"
"VMI3047753";"215D85D7";"20260723";"13:00:00";"50503392";"2889724";"PIAZZATO";"sell limit";"0.11";"EURUSD";"1.14875";"2889724"
"VMI3047753";"215D85D7";"20260723";"13:00:00";"50503392";"2889722";"PIAZZATO";"sell limit";"0.03";"EURUSD";"1.14599";"2889722"
"VMI3047753";"215D85D7";"20260723";"13:33:50";"50503392";"2554786";"ESEGUITO";"sell";"0.8";"D30EUR";"24949.90";"2890072"
"VMI3047753";"215D85D7";"20260723";"13:35:41";"50503392";"2554818";"ESEGUITO";"sell";"0.5";"D30EUR";"24933.00";"2890107"
"VMI3047753";"215D85D7";"20260723";"14:31:23";"50503392";"2555573";"ESEGUITO";"buy";"0.02";"XAUUSD";"4069.17";"2890880"
"VMI3047753";"215D85D7";"20260723";"14:39:19";"50503392";"2555675";"ESEGUITO";"sell";"0.9";"D30EUR";"24891.00";"2890989"
"VMI3047753";"215D85D7";"20260723";"14:39:27";"50503392";"2555680";"ESEGUITO";"sell";"0.9";"D30EUR";"24888.00";"2890992"
"VMI3047753";"215D85D7";"20260723";"14:46:23";"50503392";"2555832";"ESEGUITO";"buy";"0.01";"XAUUSD";"4063.89";"2891134"
"VMI3047753";"215D85D7";"20260723";"15:27:16";"50503392";"2556904";"ESEGUITO";"sell";"0.1";"D30EUR";"24753.00";"2892292"
"VMI3047753";"215D85D7";"20260723";"15:30:00";"50503392";"2892379";"PIAZZATO";"sell stop";"2.8";"NASUSD";"28525.20";"2892379"
"VMI3047753";"215D85D7";"20260723";"15:30:00";"50503392";"2892380";"PIAZZATO";"buy stop";"0.5";"NASUSD";"28803.40";"2892380"
"VMI3047753";"215D85D7";"20260723";"15:30:00";"50503392";"";"FALLITO";"sell stop 0.5 NASUSD at 28586.90 sl: 28803.40 tp: 27937.40 [Invalid price]";"";"";"";""
"VMI3047753";"215D85D7";"20260723";"15:30:00";"50503392";"2892375";"PIAZZATO";"buy stop";"1.5";"NASUSD";"28567.80";"2892375"
"VMI3047753";"215D85D7";"20260723";"15:30:00";"50503392";"2892377";"PIAZZATO";"sell stop";"1.5";"NASUSD";"28522.20";"2892377"
"VMI3047753";"215D85D7";"20260723";"15:30:00";"50503392";"2892378";"PIAZZATO";"buy stop";"2.8";"NASUSD";"28564.80";"2892378"
"VMI3047753";"215D85D7";"20260723";"15:30:09";"50503392";"2557027";"ESEGUITO";"sell";"1.5";"NASUSD";"28522.20";"2892377"
"VMI3047753";"215D85D7";"20260723";"15:30:09";"50503392";"2892375";"ANNULLATO";"buy stop";"1.5";"NASUSD";"";"2892375"
"VMI3047753";"215D85D7";"20260723";"15:30:09";"50503392";"2557024";"ESEGUITO";"sell";"2.8";"NASUSD";"28525.20";"2892379"
"VMI3047753";"215D85D7";"20260723";"15:30:09";"50503392";"2892378";"ANNULLATO";"buy stop";"2.8";"NASUSD";"";"2892378"
"VMI3047753";"215D85D7";"20260723";"15:31:55";"50503392";"2557120";"ESEGUITO";"buy";"1.5";"NASUSD";"28557.80";"2892489"
"VMI3047753";"215D85D7";"20260723";"15:32:01";"50503392";"2557128";"ESEGUITO";"buy";"2.8";"NASUSD";"28564.80";"2892500"
"VMI3047753";"215D85D7";"20260723";"15:45:00";"50503392";"2893105";"PIAZZATO";"buy";"0.5";"D30EUR";"24844.80";"2893105"
"VMI3047753";"215D85D7";"20260723";"15:45:00";"50503392";"2557732";"ESEGUITO";"buy";"0.5";"D30EUR";"24844.80";"2893105"
"VMI3047753";"215D85D7";"20260723";"15:55:12";"50503392";"2893334";"PIAZZATO";"sell";"0.2";"D30EUR";"24865.10";"2893334"
"VMI3047753";"215D85D7";"20260723";"15:55:12";"50503392";"2557951";"ESEGUITO";"sell";"0.2";"D30EUR";"24865.10";"2893334"
"VMI3047753";"215D85D7";"20260723";"15:56:34";"50503392";"2558031";"ESEGUITO";"sell";"0.3";"D30EUR";"24844.80";"2893413"
"VMI3047753";"215D85D7";"20260723";"17:00:00";"50503392";"2894473";"PIAZZATO";"sell limit";"0.12";"GBPUSD";"1.34368";"2894473"
"VMI3047753";"215D85D7";"20260723";"17:00:00";"50503392";"2894472";"PIAZZATO";"sell limit";"0.03";"GBPUSD";"1.34136";"2894472"
"VMI3047753";"215D85D7";"20260723";"18:30:00";"50503392";"2895478";"ANNULLATO";"buy stop";"0.8";"D30EUR";"";"2895478"
"VMI3047753";"215D85D7";"20260723";"18:45:00";"50503392";"2889724";"ANNULLATO";"sell limit";"0.11";"EURUSD";"";"2889724"
"VMI3047753";"215D85D7";"20260723";"18:45:00";"50503392";"2889722";"ANNULLATO";"sell limit";"0.03";"EURUSD";"";"2889722"
"VMI3047753";"215D85D7";"20260723";"18:45:00";"50503392";"2894473";"ANNULLATO";"sell limit";"0.12";"GBPUSD";"";"2894473"
"VMI3047753";"215D85D7";"20260723";"18:45:00";"50503392";"2894472";"ANNULLATO";"sell limit";"0.03";"GBPUSD";"";"2894472"
"VMI3047753";"215D85D7";"20260723";"21:00:00";"50503392";"2896582";"ANNULLATO";"sell limit";"0.03";"GBPUSD";"";"2896582"
"VMI3047753";"215D85D7";"20260723";"21:00:00";"50503392";"2896583";"ANNULLATO";"sell limit";"0.12";"GBPUSD";"";"2896583"
"VMI3047753";"215D85D7";"20260723";"21:00:00";"50503392";"2896584";"ANNULLATO";"sell limit";"0.03";"EURUSD";"";"2896584"
"VMI3047753";"215D85D7";"20260723";"21:00:00";"50503392";"2896585";"ANNULLATO";"sell limit";"0.1";"EURUSD";"";"2896585"
"VMI3047753";"215D85D7";"20260723";"21:00:00";"50503392";"2896583";"PIAZZATO";"sell limit";"0.12";"GBPUSD";"1.34368";"2896583"
"VMI3047753";"215D85D7";"20260723";"21:00:00";"50503392";"2896582";"PIAZZATO";"sell limit";"0.03";"GBPUSD";"1.34136";"2896582"
"VMI3047753";"215D85D7";"20260723";"21:00:00";"50503392";"2896585";"PIAZZATO";"sell limit";"0.1";"EURUSD";"1.14875";"2896585"
"VMI3047753";"215D85D7";"20260723";"21:00:00";"50503392";"2896584";"PIAZZATO";"sell limit";"0.03";"EURUSD";"1.14599";"2896584"
"VMI3047753";"215D85D7";"20260723";"23:17:35";"50503392";"2896840";"PIAZZATO";"sell limit";"0.03";"EURUSD";"1.14599";"2896840"
"VMI3047753";"215D85D7";"20260723";"23:17:35";"50503392";"2896841";"PIAZZATO";"sell limit";"0.1";"EURUSD";"1.14875";"2896841"
"VMI3047753";"215D85D7";"20260723";"23:17:35";"50503392";"2896838";"PIAZZATO";"sell limit";"0.03";"GBPUSD";"1.34136";"2896838"
"VMI3047753";"215D85D7";"20260723";"23:17:35";"50503392";"2896839";"PIAZZATO";"sell limit";"0.12";"GBPUSD";"1.34368";"2896839"
"VMI3047753";"215D85D7";"20260723";"23:18:02";"50503392";"2896841";"ANNULLATO";"sell limit";"0.1";"EURUSD";"";"2896841"
"VMI3047753";"215D85D7";"20260723";"23:18:02";"50503392";"2896840";"ANNULLATO";"sell limit";"0.03";"EURUSD";"";"2896840"
"VMI3047753";"215D85D7";"20260723";"23:18:02";"50503392";"2896839";"ANNULLATO";"sell limit";"0.12";"GBPUSD";"";"2896839"
"VMI3047753";"215D85D7";"20260723";"23:18:02";"50503392";"2896838";"ANNULLATO";"sell limit";"0.03";"GBPUSD";"";"2896838"
"VMI3047753";"215D85D7";"20260724";"01:00:00";"50503392";"2896991";"PIAZZATO";"sell limit";"0.12";"GBPUSD";"1.34368";"2896991"
"VMI3047753";"215D85D7";"20260724";"01:00:00";"50503392";"2896992";"PIAZZATO";"sell limit";"0.03";"EURUSD";"1.14599";"2896992"
"VMI3047753";"215D85D7";"20260724";"01:00:00";"50503392";"2896993";"PIAZZATO";"sell limit";"0.1";"EURUSD";"1.14875";"2896993"
"VMI3047753";"215D85D7";"20260724";"01:00:00";"50503392";"2896987";"PIAZZATO";"sell limit";"0.1";"D30EUR";"24934.90";"2896987"
"VMI3047753";"215D85D7";"20260724";"01:00:00";"50503392";"2896988";"PIAZZATO";"sell limit";"0.1";"D30EUR";"24997.40";"2896988"
"VMI3047753";"215D85D7";"20260724";"01:00:00";"50503392";"2896990";"PIAZZATO";"sell limit";"0.03";"GBPUSD";"1.34136";"2896990"
"VMI3047753";"215D85D7";"20260724";"06:00:00";"50503392";"2897811";"PIAZZATO";"buy limit";"0.92";"EURUSD";"1.13732";"2897811"
"VMI3047753";"215D85D7";"20260724";"06:00:00";"50503392";"2897810";"PIAZZATO";"sell limit";"0.92";"EURUSD";"1.13876";"2897810"
"VMI3047753";"215D85D7";"20260724";"08:00:00";"50503392";"2898214";"PIAZZATO";"buy stop";"0.92";"GBPUSD";"1.33193";"2898214"
"VMI3047753";"215D85D7";"20260724";"08:00:00";"50503392";"2898215";"PIAZZATO";"sell stop";"0.91";"GBPUSD";"1.33056";"2898215"
"VMI3047753";"215D85D7";"20260724";"08:00:00";"50503392";"2897811";"ANNULLATO";"buy limit";"0.92";"EURUSD";"";"2897811"
"VMI3047753";"215D85D7";"20260724";"08:00:00";"50503392";"2897810";"ANNULLATO";"sell limit";"0.92";"EURUSD";"";"2897810"
"VMI3047753";"215D85D7";"20260724";"08:20:05";"50503392";"2898215";"ANNULLATO";"sell stop";"0.91";"GBPUSD";"";"2898215"
"VMI3047753";"215D85D7";"20260724";"08:20:05";"50503392";"2562738";"ESEGUITO";"buy";"0.92";"GBPUSD";"1.33193";"2898214"
"VMI3047753";"215D85D7";"20260724";"08:59:00";"50503392";"2898579";"PIAZZATO";"sell stop";"2.5";"D30EUR";"24684.60";"2898579"
"VMI3047753";"215D85D7";"20260724";"08:59:00";"50503392";"2898578";"PIAZZATO";"buy stop";"2.5";"D30EUR";"24801.40";"2898578"
"VMI3047753";"215D85D7";"20260724";"09:00:00";"50503392";"2898604";"PIAZZATO";"sell stop";"2.1";"D30EUR";"24710.40";"2898604"
"VMI3047753";"215D85D7";"20260724";"09:00:00";"50503392";"2898603";"PIAZZATO";"buy stop";"2.1";"D30EUR";"24760.90";"2898603"
"VMI3047753";"215D85D7";"20260724";"09:00:24";"50503392";"2898604";"ANNULLATO";"sell stop";"2.1";"D30EUR";"";"2898604"
"VMI3047753";"215D85D7";"20260724";"09:00:24";"50503392";"2562971";"ESEGUITO";"buy";"2.1";"D30EUR";"24760.90";"2898603"
"VMI3047753";"215D85D7";"20260724";"09:01:08";"50503392";"2898579";"ANNULLATO";"sell stop";"2.5";"D30EUR";"";"2898579"
"VMI3047753";"215D85D7";"20260724";"09:01:08";"50503392";"2563036";"ESEGUITO";"buy";"2.5";"D30EUR";"24801.40";"2898578"
"VMI3047753";"215D85D7";"20260724";"09:03:49";"50503392";"2563098";"ESEGUITO";"sell";"0.92";"GBPUSD";"1.33270";"2898736"
"VMI3047753";"215D85D7";"20260724";"09:06:42";"50503392";"2898801";"PIAZZATO";"sell";"1.2";"D30EUR";"24845.20";"2898801"
"VMI3047753";"215D85D7";"20260724";"09:06:42";"50503392";"2563159";"ESEGUITO";"sell";"1.2";"D30EUR";"24845.20";"2898801"
"VMI3047753";"215D85D7";"20260724";"09:15:00";"50503392";"2899183";"PIAZZATO";"sell stop";"0.6";"D30EUR";"24730.70";"2899183"
"VMI3047753";"215D85D7";"20260724";"09:15:00";"50503392";"2899181";"PIAZZATO";"buy stop";"0.6";"D30EUR";"24899.20";"2899181"
"VMI3047753";"215D85D7";"20260724";"09:17:28";"50503392";"2563584";"ESEGUITO";"buy";"0.6";"D30EUR";"24899.20";"2899181"
"VMI3047753";"215D85D7";"20260724";"09:17:34";"50503392";"2563586";"ESEGUITO";"sell";"1";"D30EUR";"24901.40";"2899252"
"VMI3047753";"215D85D7";"20260724";"09:17:34";"50503392";"2899252";"PIAZZATO";"sell";"1";"D30EUR";"24901.40";"2899252"
"VMI3047753";"215D85D7";"20260724";"09:17:34";"50503392";"2563585";"ESEGUITO";"sell";"1.3";"D30EUR";"24901.70";"2899251"
"VMI3047753";"215D85D7";"20260724";"09:17:34";"50503392";"2899251";"PIAZZATO";"sell";"1.3";"D30EUR";"24901.70";"2899251"
"VMI3047753";"215D85D7";"20260724";"09:21:15";"50503392";"2899183";"ANNULLATO";"sell stop";"0.6";"D30EUR";"";"2899183"
"VMI3047753";"215D85D7";"20260724";"09:21:15";"50503392";"2563669";"ESEGUITO";"sell";"1.1";"D30EUR";"24912.40";"2899340"
"VMI3047753";"215D85D7";"20260724";"09:21:35";"50503392";"2563677";"ESEGUITO";"sell";"0.6";"D30EUR";"24915.60";"2899349"
"VMI3047753";"215D85D7";"20260724";"09:25:00";"50503392";"2899441";"PIAZZATO";"sell stop";"0.6";"D30EUR";"24727.70";"2899441"
"VMI3047753";"215D85D7";"20260724";"09:25:00";"50503392";"2899440";"PIAZZATO";"buy stop";"0.6";"D30EUR";"24929.80";"2899440"
"VMI3047753";"215D85D7";"20260724";"09:25:23";"50503392";"2899441";"ANNULLATO";"sell stop";"0.6";"D30EUR";"";"2899441"
"VMI3047753";"215D85D7";"20260724";"09:25:23";"50503392";"2563773";"ESEGUITO";"buy";"0.6";"D30EUR";"24929.80";"2899440"
"VMI3047753";"215D85D7";"20260724";"09:25:33";"50503392";"2563778";"ESEGUITO";"sell";"0.1";"D30EUR";"24934.90";"2896987"
"VMI3047753";"215D85D7";"20260724";"09:26:50";"50503392";"2563820";"ESEGUITO";"sell";"0.6";"D30EUR";"24931.40";"2899495"
"VMI3047753";"215D85D7";"20260724";"11:38:50";"50503392";"2565255";"ESEGUITO";"sell";"0.1";"D30EUR";"24997.40";"2896988"
"VMI3047753";"215D85D7";"20260724";"12:21:00";"50503392";"2901345";"PIAZZATO";"sell";"1.1";"D30EUR";"24944.70";"2901345"
"VMI3047753";"215D85D7";"20260724";"12:21:00";"50503392";"2565548";"ESEGUITO";"sell";"1.1";"D30EUR";"24944.70";"2901345"
"VMI3047753";"215D85D7";"20260724";"15:30:00";"50503392";"";"FALLITO";"sell stop 1 NASUSD at 28424.50 sl: 28537.20 tp: 28086.40 [Invalid price]";"";"";"";""
"VMI3047753";"215D85D7";"20260724";"15:30:00";"50503392";"2903067";"PIAZZATO";"sell stop";"0.6";"NASUSD";"28365.70";"2903067"
"VMI3047753";"215D85D7";"20260724";"15:30:00";"50503392";"2903065";"PIAZZATO";"buy stop";"0.6";"NASUSD";"28464.10";"2903065"
"VMI3047753";"215D85D7";"20260724";"15:30:00";"50503392";"2903066";"PIAZZATO";"buy stop";"1";"NASUSD";"28537.20";"2903066"
"VMI3047753";"215D85D7";"20260724";"15:30:04";"50503392";"2903065";"ANNULLATO";"buy stop";"0.6";"NASUSD";"";"2903065"
"VMI3047753";"215D85D7";"20260724";"15:30:04";"50503392";"2567122";"ESEGUITO";"sell";"0.6";"NASUSD";"28365.70";"2903067"
"VMI3047753";"215D85D7";"20260724";"15:35:00";"50503392";"2903161";"PIAZZATO";"buy";"0.6";"NASUSD";"28444.10";"2903161"
"VMI3047753";"215D85D7";"20260724";"15:35:00";"50503392";"2567204";"ESEGUITO";"buy";"0.6";"NASUSD";"28444.10";"2903161"
"VMI3047753";"215D85D7";"20260724";"16:14:24";"50503392";"2568399";"ESEGUITO";"buy";"1.1";"D30EUR";"24999.80";"2904385"
"VMI3047753";"215D85D7";"20260724";"17:41:02";"50503392";"2570246";"ESEGUITO";"buy";"0.1";"D30EUR";"25136.40";"2906287"
"VMI3047753";"215D85D7";"20260724";"17:41:02";"50503392";"2570245";"ESEGUITO";"buy";"0.1";"D30EUR";"25136.40";"2906286"
"VMI3047753";"215D85D7";"20260724";"18:04:43";"50503392";"2570394";"ESEGUITO";"buy";"0.02";"XAUUSD";"4077.33";"2906442"
"VMI3047753";"215D85D7";"20260724";"18:07:33";"50503392";"2570414";"ESEGUITO";"sell";"0.3";"CADCHF";"0.58008";"2906465"
"VMI3047753";"215D85D7";"20260724";"18:45:00";"50503392";"2896993";"ANNULLATO";"sell limit";"0.1";"EURUSD";"";"2896993"
"VMI3047753";"215D85D7";"20260724";"18:45:00";"50503392";"2896992";"ANNULLATO";"sell limit";"0.03";"EURUSD";"";"2896992"
"VMI3047753";"215D85D7";"20260724";"18:45:00";"50503392";"2896991";"ANNULLATO";"sell limit";"0.12";"GBPUSD";"";"2896991"
"VMI3047753";"215D85D7";"20260724";"18:45:00";"50503392";"2896990";"ANNULLATO";"sell limit";"0.03";"GBPUSD";"";"2896990"
"VMI3047753";"215D85D7";"20260724";"21:00:00";"50503392";"2907367";"ANNULLATO";"sell limit";"0.12";"EURUSD";"";"2907367"
"VMI3047753";"215D85D7";"20260724";"21:00:00";"50503392";"2907366";"ANNULLATO";"sell limit";"0.03";"EURUSD";"";"2907366"
"VMI3047753";"215D85D7";"20260724";"21:00:00";"50503392";"2907366";"PIAZZATO";"sell limit";"0.03";"EURUSD";"1.14226";"2907366"
"VMI3047753";"215D85D7";"20260724";"21:00:00";"50503392";"2907367";"PIAZZATO";"sell limit";"0.12";"EURUSD";"1.14472";"2907367"
"VMI3047753";"215D85D7";"20260724";"22:45:44";"50503392";"2571642";"ESEGUITO";"buy";"0.3";"CADCHF";"0.58070";"2907726"
"VMI3047753";"215D85D7";"20260725";"00:25:03";"50503392";"";"FALLITO";"market sell 0.02 XAUUSD, close #2906442 buy 0.02 XAUUSD 4077.33 [Market closed]";"";"";"";""
"VMI3047753";"215D85D7";"20260725";"00:25:06";"50503392";"";"FALLITO";"market sell 0.02 XAUUSD, close #2906442 buy 0.02 XAUUSD 4077.33 [Market closed]";"";"";"";""
"VMI3047753";"215D85D7";"20260726";"23:05:26";"50503392";"";"FALLITO";"modify #2906442 buy 0.02 XAUUSD sl: 4042.70, tp: 4139.13 -> sl: 0.00, tp: 4139.13 [Market closed]";"";"";"";""
"VMI3047753";"215D85D7";"20260726";"23:05:28";"50503392";"";"FALLITO";"modify #2906442 buy 0.02 XAUUSD sl: 4042.70, tp: 4139.13 -> sl: 0.00, tp: 4139.13 [Market closed]";"";"";"";""
"VMI3047753";"215D85D7";"20260726";"23:05:29";"50503392";"";"FALLITO";"market sell 0.02 XAUUSD, close #2906442 buy 0.02 XAUUSD 4077.33 [Market closed]";"";"";"";""
"VMI3047753";"215D85D7";"20260727";"05:26:36";"50503392";"2573152";"ESEGUITO";"sell";"0.02";"XAUUSD";"4088.04";"2909197"
"VMI3047753";"215D85D7";"20260727";"06:00:00";"50503392";"2909271";"PIAZZATO";"buy limit";"0.65";"EURUSD";"1.13694";"2909271"
"VMI3047753";"215D85D7";"20260727";"06:00:00";"50503392";"2909270";"PIAZZATO";"sell limit";"0.65";"EURUSD";"1.14142";"2909270"
"VMI3047753";"215D85D7";"20260727";"08:00:00";"50503392";"2909270";"ANNULLATO";"sell limit";"0.65";"EURUSD";"";"2909270"
"VMI3047753";"215D85D7";"20260727";"08:00:00";"50503392";"2909271";"ANNULLATO";"buy limit";"0.65";"EURUSD";"";"2909271"
"VMI3047753";"215D85D7";"20260727";"08:00:01";"50503392";"2909680";"PIAZZATO";"sell stop";"1.07";"GBPUSD";"1.33464";"2909680"
"VMI3047753";"215D85D7";"20260727";"08:00:01";"50503392";"2909679";"PIAZZATO";"buy stop";"1.09";"GBPUSD";"1.33589";"2909679"
"VMI3047753";"215D85D7";"20260727";"08:11:39";"50503392";"2909680";"ANNULLATO";"sell stop";"1.07";"GBPUSD";"";"2909680"
"VMI3047753";"215D85D7";"20260727";"08:11:39";"50503392";"2573674";"ESEGUITO";"buy";"1.09";"GBPUSD";"1.33589";"2909679"
"VMI3047753";"215D85D7";"20260727";"08:19:21";"50503392";"2573715";"ESEGUITO";"sell";"1.09";"GBPUSD";"1.33527";"2909798"
"VMI3047753";"215D85D7";"20260727";"08:58:35";"50503392";"2573977";"ESEGUITO";"sell";"0.27";"EURNZD";"1.96542";"2910079"
"VMI3047753";"215D85D7";"20260727";"08:59:00";"50503392";"2910085";"PIAZZATO";"sell stop";"1.19";"EURUSD";"1.13679";"2910085"
"VMI3047753";"215D85D7";"20260727";"08:59:00";"50503392";"2910084";"PIAZZATO";"buy stop";"1.19";"EURUSD";"1.14342";"2910084"
"VMI3047753";"215D85D7";"20260727";"08:59:07";"50503392";"2573980";"ESEGUITO";"sell";"0.21";"EURNZD";"1.96554";"2910086"
"VMI3047753";"215D85D7";"20260727";"08:59:28";"50503392";"2573982";"ESEGUITO";"sell";"0.22";"EURNZD";"1.96562";"2910089"
"VMI3047753";"215D85D7";"20260727";"09:00:00";"50503392";"2573992";"ESEGUITO";"buy";"0.2";"U30USD";"52351.70";"2910102"
"VMI3047753";"215D85D7";"20260727";"09:00:00";"50503392";"2910105";"PIAZZATO";"buy stop";"2.1";"D30EUR";"25455.80";"2910105"
"VMI3047753";"215D85D7";"20260727";"09:00:00";"50503392";"2910106";"PIAZZATO";"sell stop";"2.1";"D30EUR";"25402.20";"2910106"
"VMI3047753";"215D85D7";"20260727";"09:00:00";"50503392";"2573988";"ESEGUITO";"buy";"0.1";"U30USD";"52351.50";"2910100"
"VMI3047753";"215D85D7";"20260727";"09:00:00";"50503392";"2910100";"PIAZZATO";"buy";"0.1";"U30USD";"52351.50";"2910100"
"VMI3047753";"215D85D7";"20260727";"09:00:00";"50503392";"2910102";"PIAZZATO";"buy stop";"0.2";"U30USD";"52351.70";"2910102"
"VMI3047753";"215D85D7";"20260727";"09:00:28";"50503392";"2910105";"ANNULLATO";"buy stop";"2.1";"D30EUR";"";"2910105"
"VMI3047753";"215D85D7";"20260727";"09:00:28";"50503392";"2574006";"ESEGUITO";"sell";"2.1";"D30EUR";"25402.20";"2910106"
"VMI3047753";"215D85D7";"20260727";"09:02:38";"50503392";"2574086";"ESEGUITO";"buy";"2.1";"D30EUR";"25455.80";"2910200"
"VMI3047753";"215D85D7";"20260727";"09:15:00";"50503392";"2910384";"PIAZZATO";"sell stop";"1.3";"D30EUR";"25392.00";"2910384"
"VMI3047753";"215D85D7";"20260727";"09:15:00";"50503392";"2910382";"PIAZZATO";"buy stop";"1.3";"D30EUR";"25479.90";"2910382"
"VMI3047753";"215D85D7";"20260727";"09:15:00";"50503392";"2910381";"PIAZZATO";"buy stop";"0.5";"D30EUR";"25484.90";"2910381"
"VMI3047753";"215D85D7";"20260727";"09:25:26";"50503392";"2574428";"ESEGUITO";"buy";"0.27";"EURNZD";"1.96483";"2910590"
"VMI3047753";"215D85D7";"20260727";"09:28:23";"50503392";"2574467";"ESEGUITO";"sell";"1.3";"D30EUR";"25393.80";"2910385"
"VMI3047753";"215D85D7";"20260727";"09:28:24";"50503392";"2910382";"ANNULLATO";"buy stop";"1.3";"D30EUR";"";"2910382"
"VMI3047753";"215D85D7";"20260727";"09:28:24";"50503392";"2910383";"ANNULLATO";"buy stop";"1.3";"D30EUR";"";"2910383"
"VMI3047753";"215D85D7";"20260727";"09:28:24";"50503392";"2910384";"ANNULLATO";"sell stop";"1.3";"D30EUR";"";"2910384"
"VMI3047753";"215D85D7";"20260727";"09:30:00";"50503392";"2910084";"ANNULLATO";"buy stop";"1.19";"EURUSD";"";"2910084"
"VMI3047753";"215D85D7";"20260727";"09:30:00";"50503392";"2910085";"ANNULLATO";"sell stop";"1.19";"EURUSD";"";"2910085"
"VMI3047753";"215D85D7";"20260727";"09:30:48";"50503392";"2574496";"ESEGUITO";"buy";"1.3";"D30EUR";"25387.30";"2910661"
"VMI3047753";"215D85D7";"20260727";"09:33:00";"50503392";"2910685";"PIAZZATO";"buy";"1.2";"D30EUR";"25411.70";"2910685"
"VMI3047753";"215D85D7";"20260727";"09:33:00";"50503392";"2574512";"ESEGUITO";"buy";"1.2";"D30EUR";"25411.70";"2910685"
"VMI3047753";"215D85D7";"20260727";"09:35:41";"50503392";"2910729";"PIAZZATO";"sell";"0.5";"D30EUR";"25432.10";"2910729"
"VMI3047753";"215D85D7";"20260727";"09:35:41";"50503392";"2574545";"ESEGUITO";"sell";"0.5";"D30EUR";"25432.10";"2910729"
"VMI3047753";"215D85D7";"20260727";"09:41:04";"50503392";"2574660";"ESEGUITO";"sell";"0.7";"D30EUR";"25411.70";"2910864"
"VMI3047753";"215D85D7";"20260727";"10:12:00";"50503392";"2911419";"PIAZZATO";"buy";"1.8";"D30EUR";"25398.10";"2911419"
"VMI3047753";"215D85D7";"20260727";"10:12:00";"50503392";"2575193";"ESEGUITO";"buy";"1.8";"D30EUR";"25398.10";"2911419"
"VMI3047753";"215D85D7";"20260727";"10:23:07";"50503392";"2911490";"PIAZZATO";"sell";"0.9";"D30EUR";"25419.60";"2911490"
"VMI3047753";"215D85D7";"20260727";"10:23:07";"50503392";"2575264";"ESEGUITO";"sell";"0.9";"D30EUR";"25419.60";"2911490"
"VMI3047753";"215D85D7";"20260727";"10:42:11";"50503392";"";"FALLITO";"cancel order #2910381 buy 0  at market [Invalid request]";"";"";"";""
"VMI3047753";"215D85D7";"20260727";"10:42:11";"50503392";"2575401";"ESEGUITO";"buy";"0.5";"D30EUR";"25484.90";"2910381"
"VMI3047753";"215D85D7";"20260727";"10:43:08";"50503392";"2575414";"ESEGUITO";"sell";"0.5";"D30EUR";"25488.30";"2911649"
"VMI3047753";"215D85D7";"20260727";"12:00:00";"50503392";"2912561";"PIAZZATO";"sell";"0.1";"U30USD";"52483.50";"2912561"
"VMI3047753";"215D85D7";"20260727";"12:00:00";"50503392";"2576270";"ESEGUITO";"sell";"0.1";"U30USD";"52483.50";"2912561"
"VMI3047753";"215D85D7";"20260727";"13:06:10";"50503392";"2576795";"ESEGUITO";"buy";"0.22";"EURNZD";"1.96711";"2913142"
"VMI3047753";"215D85D7";"20260727";"13:06:10";"50503392";"2576794";"ESEGUITO";"buy";"0.21";"EURNZD";"1.96711";"2913141"
"VMI3047753";"215D85D7";"20260727";"13:18:51";"50503392";"";"FALLITO";"buy stop 0.5 D30EUR at 25484.90 sl: 25388.00 tp: 25775.60 [Invalid price]";"";"";"";""
"VMI3047753";"215D85D7";"20260727";"13:23:21";"50503392";"2913320";"PIAZZATO";"sell stop";"1.3";"D30EUR";"25392.00";"2913320"
"VMI3047753";"215D85D7";"20260727";"13:23:21";"50503392";"";"FALLITO";"buy stop 1.3 D30EUR at 25479.90 sl: 25392.00 tp: 25743.60 [Invalid price]";"";"";"";""
"VMI3047753";"215D85D7";"20260727";"13:24:28";"50503392";"2913325";"PIAZZATO";"sell stop";"1.73";"EURUSD";"1.12879";"2913325"
"VMI3047753";"215D85D7";"20260727";"13:24:28";"50503392";"2913324";"PIAZZATO";"buy stop";"1.73";"EURUSD";"1.15142";"2913324"
"VMI3047753";"215D85D7";"20260727";"13:24:30";"50503392";"2913324";"ANNULLATO";"buy stop";"1.73";"EURUSD";"";"2913324"
"VMI3047753";"215D85D7";"20260727";"13:24:30";"50503392";"2913325";"ANNULLATO";"sell stop";"1.73";"EURUSD";"";"2913325"
"VMI3047753";"215D85D7";"20260727";"13:24:45";"50503392";"2913327";"PIAZZATO";"sell stop";"1.7";"D30EUR";"25390.40";"2913327"
"VMI3047753";"215D85D7";"20260727";"13:24:45";"50503392";"";"FALLITO";"buy stop 1.7 D30EUR at 25455.80 sl: 25390.40 tp: 25652.00 [Invalid price]";"";"";"";""
"VMI3047753";"215D85D7";"20260727";"13:25:38";"50503392";"2913329";"PIAZZATO";"sell stop";"2.8";"NASUSD";"28521.00";"2913329"
"VMI3047753";"215D85D7";"20260727";"13:25:38";"50503392";"2913328";"PIAZZATO";"buy stop";"2.8";"NASUSD";"28561.70";"2913328"
"VMI3047753";"215D85D7";"20260727";"13:26:13";"50503392";"2913330";"ANNULLATO";"buy stop";"1.06";"GBPUSD";"";"2913330"
"VMI3047753";"215D85D7";"20260727";"13:26:13";"50503392";"";"FALLITO";"sell stop 1.04 GBPUSD at 1.33464 sl: 1.33527 tp: 1.33399 [Invalid price]";"";"";"";""
"VMI3047753";"215D85D7";"20260727";"13:26:13";"50503392";"2913330";"PIAZZATO";"buy stop";"1.06";"GBPUSD";"1.33589";"2913330"
"VMI3047753";"215D85D7";"20260727";"13:26:55";"50503392";"2913328";"ANNULLATO";"buy stop";"2.8";"NASUSD";"";"2913328"
"VMI3047753";"215D85D7";"20260727";"13:26:55";"50503392";"2576964";"ESEGUITO";"sell";"2.8";"NASUSD";"28521.00";"2913329"
"VMI3047753";"215D85D7";"20260727";"13:29:04";"50503392";"2576966";"ESEGUITO";"buy";"2.8";"NASUSD";"28520.20";"2913332"
"VMI3047753";"215D85D7";"20260727";"13:29:04";"50503392";"";"FALLITO";"cancel order #2913332 buy 2.8 NASUSD at 28520.20000 [Invalid request]";"";"";"";""
"VMI3047753";"215D85D7";"20260727";"13:34:13";"50503392";"2913398";"PIAZZATO";"sell stop";"1.3";"D30EUR";"25392.00";"2913398"
"VMI3047753";"215D85D7";"20260727";"13:34:13";"50503392";"";"FALLITO";"buy stop 1.3 D30EUR at 25479.90 sl: 25392.00 tp: 25743.60 [Invalid price]";"";"";"";""
"VMI3047753";"215D85D7";"20260727";"13:55:15";"50503392";"2913647";"PIAZZATO";"sell";"0.9";"D30EUR";"25537.90";"2913647"
"VMI3047753";"215D85D7";"20260727";"13:55:15";"50503392";"2577271";"ESEGUITO";"sell";"0.9";"D30EUR";"25537.90";"2913647"
"VMI3047753";"215D85D7";"20260727";"15:30:00";"50503392";"";"FALLITO";"sell stop 1.6 NASUSD at 28467.60 sl: 28539.60 tp: 28251.60 [Invalid price]";"";"";"";""
"VMI3047753";"215D85D7";"20260727";"15:30:00";"50503392";"2914867";"PIAZZATO";"buy stop";"0.8";"NASUSD";"28540.10";"2914867"
"VMI3047753";"215D85D7";"20260727";"15:30:00";"50503392";"2914866";"PIAZZATO";"buy stop";"1.6";"NASUSD";"28539.60";"2914866"
"VMI3047753";"215D85D7";"20260727";"15:30:00";"50503392";"2914864";"PIAZZATO";"buy stop";"0.9";"NASUSD";"28490.00";"2914864"
"VMI3047753";"215D85D7";"20260727";"15:30:00";"50503392";"2914865";"PIAZZATO";"sell stop";"0.9";"NASUSD";"28418.50";"2914865"
"VMI3047753";"215D85D7";"20260727";"15:30:11";"50503392";"2914864";"ANNULLATO";"buy stop";"0.9";"NASUSD";"";"2914864"
"VMI3047753";"215D85D7";"20260727";"15:30:11";"50503392";"2578469";"ESEGUITO";"sell";"0.9";"NASUSD";"28418.50";"2914865"
"VMI3047753";"215D85D7";"20260727";"15:40:12";"50503392";"2915202";"PIAZZATO";"buy";"0.4";"NASUSD";"28360.00";"2915202"
"VMI3047753";"215D85D7";"20260727";"15:40:12";"50503392";"2578779";"ESEGUITO";"buy";"0.4";"NASUSD";"28360.00";"2915202"
"VMI3047753";"215D85D7";"20260727";"15:42:00";"50503392";"2915239";"PIAZZATO";"buy";"0.8";"D30EUR";"25535.80";"2915239"
"VMI3047753";"215D85D7";"20260727";"15:42:00";"50503392";"2578819";"ESEGUITO";"buy";"0.8";"D30EUR";"25535.80";"2915239"
"VMI3047753";"215D85D7";"20260727";"15:43:06";"50503392";"2578866";"ESEGUITO";"buy";"0.5";"NASUSD";"28295.50";"2915287"
"VMI3047753";"215D85D7";"20260727";"15:49:07";"50503392";"2915432";"PIAZZATO";"sell";"0.4";"D30EUR";"25556.50";"2915432"
"VMI3047753";"215D85D7";"20260727";"15:49:07";"50503392";"2578996";"ESEGUITO";"sell";"0.4";"D30EUR";"25556.50";"2915432"
"VMI3047753";"215D85D7";"20260727";"15:53:09";"50503392";"2579052";"ESEGUITO";"sell";"0.4";"D30EUR";"25535.80";"2915492"
"VMI3047753";"215D85D7";"20260727";"16:10:58";"50503392";"2579518";"ESEGUITO";"sell";"0.1";"U30USD";"52351.70";"2915974"
"VMI3047753";"215D85D7";"20260727";"16:18:26";"50503392";"2579633";"ESEGUITO";"sell";"0.1";"U30USD";"52338.80";"2916097"
"VMI3047753";"215D85D7";"20260727";"18:39:00";"50503392";"";"FALLITO";"market buy 0.2 D30EUR sl: 25387.01 tp: 25537.20 [Invalid stops]";"";"";"";""
"VMI3047753";"215D85D7";"20260727";"18:39:00";"50503392";"";"FALLITO";"market buy 0.2 D30EUR sl: 25387.01 tp: 25506.10 [Invalid stops]";"";"";"";""
"VMI3047753";"215D85D7";"20260727";"18:39:00";"50503392";"";"FALLITO";"market buy 0.3 D30EUR sl: 25387.01 tp: 25475.70 [Invalid stops]";"";"";"";""
"VMI3047753";"215D85D7";"20260727";"20:00:02";"50503392";"";"FALLITO";"market buy 0.3 D30EUR sl: 25394.52 tp: 25496.40 [Invalid stops]";"";"";"";""
"VMI3047753";"215D85D7";"20260727";"20:00:02";"50503392";"";"FALLITO";"market buy 0.3 D30EUR sl: 25394.52 tp: 25475.70 [Invalid stops]";"";"";"";""
"VMI3047753";"215D85D7";"20260727";"20:00:02";"50503392";"";"FALLITO";"market buy 0.5 D30EUR sl: 25394.52 tp: 25454.00 [Invalid stops]";"";"";"";""
"VMI3047753";"215D85D7";"20260728";"01:54:01";"50503392";"";"FALLITO";"market buy 0.5 D30EUR sl: 25431.29 tp: 25508.50 [Invalid stops]";"";"";"";""
"VMI3047753";"215D85D7";"20260728";"01:54:01";"50503392";"";"FALLITO";"market buy 0.5 D30EUR sl: 25431.29 tp: 25494.20 [Invalid stops]";"";"";"";""
"VMI3047753";"215D85D7";"20260728";"01:54:01";"50503392";"";"FALLITO";"market buy 0.6 D30EUR sl: 25431.29 tp: 25475.10 [Invalid stops]";"";"";"";""
"VMI3047753";"215D85D7";"20260728";"03:36:04";"50503392";"2920776";"PIAZZATO";"buy";"0.3";"D30EUR";"25419.40";"2920776"
"VMI3047753";"215D85D7";"20260728";"03:36:04";"50503392";"2584102";"ESEGUITO";"buy";"0.3";"D30EUR";"25419.40";"2920777"
"VMI3047753";"215D85D7";"20260728";"03:36:04";"50503392";"2920777";"PIAZZATO";"buy";"0.3";"D30EUR";"25419.40";"2920777"
"VMI3047753";"215D85D7";"20260728";"03:36:04";"50503392";"2584100";"ESEGUITO";"buy";"0.4";"D30EUR";"25419.40";"2920775"
"VMI3047753";"215D85D7";"20260728";"03:36:04";"50503392";"2920775";"PIAZZATO";"buy";"0.4";"D30EUR";"25419.40";"2920775"
"VMI3047753";"215D85D7";"20260728";"03:36:04";"50503392";"2584101";"ESEGUITO";"buy";"0.3";"D30EUR";"25419.40";"2920776"
"VMI3047753";"215D85D7";"20260728";"05:34:03";"50503392";"2584444";"ESEGUITO";"sell";"0.4";"D30EUR";"25431.40";"2921121"
"VMI3047753";"215D85D7";"20260728";"05:38:10";"50503392";"2584453";"ESEGUITO";"sell";"0.3";"D30EUR";"25451.80";"2921131"
"VMI3047753";"215D85D7";"20260728";"05:40:54";"50503392";"2584464";"ESEGUITO";"sell";"0.3";"D30EUR";"25475.10";"2921142"
"VMI3047753";"215D85D7";"20260728";"06:00:00";"50503392";"2921163";"PIAZZATO";"buy limit";"0.98";"EURUSD";"1.13666";"2921163"
"VMI3047753";"215D85D7";"20260728";"06:00:00";"50503392";"2921162";"PIAZZATO";"sell limit";"0.98";"EURUSD";"1.13801";"2921162"
"VMI3047753";"215D85D7";"20260728";"07:06:35";"50503392";"2584606";"ESEGUITO";"buy";"0.98";"EURUSD";"1.13666";"2921163"
"VMI3047753";"215D85D7";"20260728";"08:00:00";"50503392";"2921607";"PIAZZATO";"sell stop";"0.87";"GBPUSD";"1.32823";"2921607"
"VMI3047753";"215D85D7";"20260728";"08:00:00";"50503392";"2921606";"PIAZZATO";"buy stop";"0.87";"GBPUSD";"1.32979";"2921606"
"VMI3047753";"215D85D7";"20260728";"08:00:00";"50503392";"2921162";"ANNULLATO";"sell limit";"0.98";"EURUSD";"";"2921162"
"VMI3047753";"215D85D7";"20260728";"08:45:00";"50503392";"";"FALLITO";"market buy 0.2 D30EUR sl: 25380.75 tp: 25569.00 [Invalid stops]";"";"";"";""
"VMI3047753";"215D85D7";"20260728";"08:45:00";"50503392";"";"FALLITO";"market buy 0.2 D30EUR sl: 25380.75 tp: 25483.00 [Invalid stops]";"";"";"";""
"VMI3047753";"215D85D7";"20260728";"08:45:00";"50503392";"";"FALLITO";"market buy 0.3 D30EUR sl: 25380.75 tp: 25457.70 [Invalid stops]";"";"";"";""
"VMI3047753";"215D85D7";"20260728";"08:54:52";"50503392";"2921607";"ANNULLATO";"sell stop";"0.87";"GBPUSD";"";"2921607"
"VMI3047753";"215D85D7";"20260728";"08:54:52";"50503392";"2585120";"ESEGUITO";"buy";"0.87";"GBPUSD";"1.32979";"2921606"
"VMI3047753";"215D85D7";"20260728";"08:59:00";"50503392";"2921916";"PIAZZATO";"sell stop";"2.63";"EURUSD";"1.12666";"2921916"
"VMI3047753";"215D85D7";"20260728";"08:59:00";"50503392";"2921915";"PIAZZATO";"buy stop";"2.63";"EURUSD";"1.14801";"2921915"
"VMI3047753";"215D85D7";"20260728";"08:59:00";"50503392";"2921914";"PIAZZATO";"sell stop";"0.7";"D30EUR";"25360.80";"2921914"
"VMI3047753";"215D85D7";"20260728";"09:00:00";"50503392";"2921932";"PIAZZATO";"sell stop";"3";"D30EUR";"25444.40";"2921932"
"VMI3047753";"215D85D7";"20260728";"09:00:00";"50503392";"2921933";"PIAZZATO";"sell stop";"1.4";"D30EUR";"25443.40";"2921933"
"VMI3047753";"215D85D7";"20260728";"09:00:00";"50503392";"2921930";"PIAZZATO";"buy stop";"3";"D30EUR";"25483.80";"2921930"
"VMI3047753";"215D85D7";"20260728";"09:00:00";"50503392";"2921931";"PIAZZATO";"buy stop";"1.4";"D30EUR";"25484.80";"2921931"
"VMI3047753";"215D85D7";"20260728";"09:00:04";"50503392";"2921932";"ANNULLATO";"sell stop";"3";"D30EUR";"";"2921932"
"VMI3047753";"215D85D7";"20260728";"09:00:04";"50503392";"2585177";"ESEGUITO";"buy";"1.4";"D30EUR";"25484.80";"2921931"
"VMI3047753";"215D85D7";"20260728";"09:00:04";"50503392";"2585176";"ESEGUITO";"buy";"3";"D30EUR";"25483.80";"2921930"
"VMI3047753";"215D85D7";"20260728";"09:02:20";"50503392";"2921933";"ANNULLATO";"sell stop";"1.4";"D30EUR";"";"2921933"
"VMI3047753";"215D85D7";"20260728";"09:02:20";"50503392";"";"FALLITO";"modify #2921931 buy 1.4 D30EUR sl: 25444.40, tp: 25606.00 -> sl: 25491.10, tp: 25606.00 [Invalid stops]";"";"";"";""
"VMI3047753";"215D85D7";"20260728";"09:02:20";"50503392";"2585207";"ESEGUITO";"sell";"3";"D30EUR";"25491.10";"2921966"
"VMI3047753";"215D85D7";"20260728";"09:02:20";"50503392";"";"FALLITO";"modify #2921931 buy 1.4 D30EUR sl: 25444.40, tp: 25606.00 -> sl: 25491.10, tp: 25606.00 [Invalid stops]";"";"";"";""
"VMI3047753";"215D85D7";"20260728";"09:02:21";"50503392";"";"FALLITO";"modify #2921931 buy 1.4 D30EUR sl: 25444.40, tp: 25606.00 -> sl: 25491.10, tp: 25606.00 [Invalid stops]";"";"";"";""
"VMI3047753";"215D85D7";"20260728";"09:02:21";"50503392";"";"FALLITO";"modify #2921931 buy 1.4 D30EUR sl: 25444.40, tp: 25606.00 -> sl: 25491.10, tp: 25606.00 [Invalid stops]";"";"";"";""
"VMI3047753";"215D85D7";"20260728";"09:02:21";"50503392";"";"FALLITO";"modify #2921931 buy 1.4 D30EUR sl: 25444.40, tp: 25606.00 -> sl: 25491.10, tp: 25606.00 [Invalid stops]";"";"";"";""
"VMI3047753";"215D85D7";"20260728";"09:02:22";"50503392";"";"FALLITO";"modify #2921931 buy 1.4 D30EUR sl: 25444.40, tp: 25606.00 -> sl: 25491.10, tp: 25606.00 [Invalid stops]";"";"";"";""
"VMI3047753";"215D85D7";"20260728";"09:02:22";"50503392";"";"FALLITO";"modify #2921931 buy 1.4 D30EUR sl: 25444.40, tp: 25606.00 -> sl: 25491.10, tp: 25606.00 [Invalid stops]";"";"";"";""
"VMI3047753";"215D85D7";"20260728";"09:02:22";"50503392";"";"FALLITO";"modify #2921931 buy 1.4 D30EUR sl: 25444.40, tp: 25606.00 -> sl: 25491.10, tp: 25606.00 [Invalid stops]";"";"";"";""
"VMI3047753";"215D85D7";"20260728";"09:02:23";"50503392";"";"FALLITO";"modify #2921931 buy 1.4 D30EUR sl: 25444.40, tp: 25606.00 -> sl: 25491.10, tp: 25606.00 [Invalid stops]";"";"";"";""
"VMI3047753";"215D85D7";"20260728";"09:02:23";"50503392";"";"FALLITO";"modify #2921931 buy 1.4 D30EUR sl: 25444.40, tp: 25606.00 -> sl: 25491.10, tp: 25606.00 [Invalid stops]";"";"";"";""
"VMI3047753";"215D85D7";"20260728";"09:02:23";"50503392";"";"FALLITO";"modify #2921931 buy 1.4 D30EUR sl: 25444.40, tp: 25606.00 -> sl: 25491.10, tp: 25606.00 [Invalid stops]";"";"";"";""
"VMI3047753";"215D85D7";"20260728";"09:02:23";"50503392";"";"FALLITO";"modify #2921931 buy 1.4 D30EUR sl: 25444.40, tp: 25606.00 -> sl: 25491.10, tp: 25606.00 [Invalid stops]";"";"";"";""
"VMI3047753";"215D85D7";"20260728";"09:02:24";"50503392";"";"FALLITO";"modify #2921931 buy 1.4 D30EUR sl: 25444.40, tp: 25606.00 -> sl: 25491.10, tp: 25606.00 [Invalid stops]";"";"";"";""
"VMI3047753";"215D85D7";"20260728";"09:02:24";"50503392";"";"FALLITO";"modify #2921931 buy 1.4 D30EUR sl: 25444.40, tp: 25606.00 -> sl: 25491.10, tp: 25606.00 [Invalid stops]";"";"";"";""
"VMI3047753";"215D85D7";"20260728";"09:02:24";"50503392";"";"FALLITO";"modify #2921931 buy 1.4 D30EUR sl: 25444.40, tp: 25606.00 -> sl: 25491.10, tp: 25606.00 [Invalid stops]";"";"";"";""
"VMI3047753";"215D85D7";"20260728";"09:02:25";"50503392";"";"FALLITO";"modify #2921931 buy 1.4 D30EUR sl: 25444.40, tp: 25606.00 -> sl: 25491.10, tp: 25606.00 [Invalid stops]";"";"";"";""
"VMI3047753";"215D85D7";"20260728";"09:02:26";"50503392";"2585208";"ESEGUITO";"sell";"1.4";"D30EUR";"25491.10";"2921967"
"VMI3047753";"215D85D7";"20260728";"09:14:46";"50503392";"2585369";"ESEGUITO";"sell";"0.98";"EURUSD";"1.13733";"2922147"
"VMI3047753";"215D85D7";"20260728";"09:15:00";"50503392";"2922154";"PIAZZATO";"sell stop";"1.4";"D30EUR";"25429.20";"2922154"
"VMI3047753";"215D85D7";"20260728";"09:15:00";"50503392";"2922155";"PIAZZATO";"sell stop";"1.4";"D30EUR";"25429.20";"2922155"
"VMI3047753";"215D85D7";"20260728";"09:15:00";"50503392";"2922152";"PIAZZATO";"buy stop";"0.6";"D30EUR";"25517.60";"2922152"
"VMI3047753";"215D85D7";"20260728";"09:15:00";"50503392";"2922150";"PIAZZATO";"buy stop";"1.4";"D30EUR";"25512.60";"2922150"
"VMI3047753";"215D85D7";"20260728";"09:15:00";"50503392";"2922151";"PIAZZATO";"buy stop";"1.4";"D30EUR";"25512.60";"2922151"
"VMI3047753";"215D85D7";"20260728";"09:17:25";"50503392";"2922154";"ANNULLATO";"sell stop";"1.4";"D30EUR";"";"2922154"
"VMI3047753";"215D85D7";"20260728";"09:17:25";"50503392";"2585416";"ESEGUITO";"buy";"1.4";"D30EUR";"25512.60";"2922151"
"VMI3047753";"215D85D7";"20260728";"09:17:25";"50503392";"2585415";"ESEGUITO";"buy";"1.4";"D30EUR";"25512.60";"2922150"
"VMI3047753";"215D85D7";"20260728";"09:17:34";"50503392";"2585421";"ESEGUITO";"buy";"0.6";"D30EUR";"25517.60";"2922152"
"VMI3047753";"215D85D7";"20260728";"09:17:44";"50503392";"2922155";"ANNULLATO";"sell stop";"1.4";"D30EUR";"";"2922155"
"VMI3047753";"215D85D7";"20260728";"09:17:44";"50503392";"2585427";"ESEGUITO";"sell";"1.4";"D30EUR";"25515.40";"2922207"
"VMI3047753";"215D85D7";"20260728";"09:17:52";"50503392";"2585428";"ESEGUITO";"sell";"1.4";"D30EUR";"25513.30";"2922208"
"VMI3047753";"215D85D7";"20260728";"09:19:14";"50503392";"2585463";"ESEGUITO";"sell";"0.6";"D30EUR";"25522.70";"2922247"
"VMI3047753";"215D85D7";"20260728";"09:30:00";"50503392";"2921914";"ANNULLATO";"sell stop";"0.7";"D30EUR";"";"2921914"
"VMI3047753";"215D85D7";"20260728";"09:30:02";"50503392";"2921915";"ANNULLATO";"buy stop";"2.63";"EURUSD";"";"2921915"
"VMI3047753";"215D85D7";"20260728";"09:30:02";"50503392";"2921916";"ANNULLATO";"sell stop";"2.63";"EURUSD";"";"2921916"
"VMI3047753";"215D85D7";"20260728";"10:03:00";"50503392";"2922769";"PIAZZATO";"buy";"0.9";"D30EUR";"25484.40";"2922769"
"VMI3047753";"215D85D7";"20260728";"10:03:00";"50503392";"2585938";"ESEGUITO";"buy";"0.9";"D30EUR";"25484.40";"2922769"
"VMI3047753";"215D85D7";"20260728";"10:47:31";"50503392";"2923297";"PIAZZATO";"sell";"0.4";"D30EUR";"25504.80";"2923297"
"VMI3047753";"215D85D7";"20260728";"10:47:31";"50503392";"2586431";"ESEGUITO";"sell";"0.4";"D30EUR";"25504.80";"2923297"
"VMI3047753";"215D85D7";"20260728";"10:54:53";"50503392";"2586520";"ESEGUITO";"sell";"0.5";"D30EUR";"25484.40";"2923386"
"VMI3047753";"215D85D7";"20260728";"11:32:32";"50503392";"2586905";"ESEGUITO";"sell";"0.87";"GBPUSD";"1.32901";"2923802"
"VMI3047753";"215D85D7";"20260728";"11:39:00";"50503392";"";"FALLITO";"market buy 0.2 D30EUR sl: 25467.06 tp: 25657.67 [Invalid stops]";"";"";"";""
"VMI3047753";"215D85D7";"20260728";"11:39:00";"50503392";"";"FALLITO";"market buy 0.2 D30EUR sl: 25467.06 tp: 25594.14 [Invalid stops]";"";"";"";""
"VMI3047753";"215D85D7";"20260728";"11:39:00";"50503392";"";"FALLITO";"market buy 0.3 D30EUR sl: 25467.06 tp: 25550.80 [Invalid stops]";"";"";"";""
"VMI3047753";"215D85D7";"20260728";"12:18:00";"50503392";"2924600";"PIAZZATO";"buy";"2.5";"D30EUR";"25498.60";"2924600"
"VMI3047753";"215D85D7";"20260728";"12:18:00";"50503392";"2587710";"ESEGUITO";"buy";"2.5";"D30EUR";"25498.60";"2924600"
"VMI3047753";"215D85D7";"20260728";"12:22:50";"50503392";"2587774";"ESEGUITO";"sell";"2.5";"D30EUR";"25474.50";"2924667"
"VMI3047753";"215D85D7";"20260728";"15:30:00";"50503392";"";"FALLITO";"sell stop 1.3 NASUSD at 27795.00 sl: 27882.40 tp: 27532.80 [Invalid price]";"";"";"";""
"VMI3047753";"215D85D7";"20260728";"15:30:00";"50503392";"2926378";"PIAZZATO";"buy stop";"0.6";"NASUSD";"27882.90";"2926378"
"VMI3047753";"215D85D7";"20260728";"15:30:00";"50503392";"2926376";"PIAZZATO";"buy stop";"1.3";"NASUSD";"27882.40";"2926376"
"VMI3047753";"215D85D7";"20260728";"15:30:00";"50503392";"2926373";"PIAZZATO";"buy stop";"0.8";"NASUSD";"27856.50";"2926373"
"VMI3047753";"215D85D7";"20260728";"15:30:00";"50503392";"2926374";"PIAZZATO";"sell stop";"0.8";"NASUSD";"27776.90";"2926374"
"VMI3047753";"215D85D7";"20260728";"15:31:05";"50503392";"2926373";"ANNULLATO";"buy stop";"0.8";"NASUSD";"";"2926373"
"VMI3047753";"215D85D7";"20260728";"15:31:05";"50503392";"2589449";"ESEGUITO";"sell";"0.8";"NASUSD";"27776.90";"2926374"
"VMI3047753";"215D85D7";"20260728";"15:37:31";"50503392";"2926595";"PIAZZATO";"buy";"0.4";"NASUSD";"27697.80";"2926595"
"VMI3047753";"215D85D7";"20260728";"15:37:31";"50503392";"2589615";"ESEGUITO";"buy";"0.4";"NASUSD";"27697.80";"2926595"
"VMI3047753";"215D85D7";"20260728";"15:42:26";"50503392";"2589770";"ESEGUITO";"buy";"0.4";"NASUSD";"27637.70";"2926752"
"VMI3047753";"215D85D7";"20260728";"16:06:00";"50503392";"";"FALLITO";"market buy 0.1 D30EUR sl: 25285.65 tp: 25495.30 [Invalid stops]";"";"";"";""
"VMI3047753";"215D85D7";"20260728";"16:06:00";"50503392";"";"FALLITO";"market buy 0.1 D30EUR sl: 25285.65 tp: 25451.80 [Invalid stops]";"";"";"";""
"VMI3047753";"215D85D7";"20260728";"16:06:00";"50503392";"";"FALLITO";"market buy 0.2 D30EUR sl: 25285.65 tp: 25409.10 [Invalid stops]";"";"";"";""
"VMI3047753";"215D85D7";"20260728";"17:14:13";"50503392";"2927922";"ANNULLATO";"buy stop";"1.5";"D30EUR";"";"2927922"
"VMI3047753";"215D85D7";"20260728";"17:14:13";"50503392";"2926333";"ANNULLATO";"buy stop";"1.5";"D30EUR";"";"2926333"
"VMI3047753";"215D85D7";"20260728";"17:14:13";"50503392";"2928654";"ANNULLATO";"buy stop";"1.5";"D30EUR";"";"2928654"
"VMI3047753";"215D85D7";"20260728";"17:14:13";"50503392";"2591970";"ESEGUITO";"sell";"1.5";"D30EUR";"25431.00";"2928993"
"VMI3047753";"215D85D7";"20260728";"17:14:13";"50503392";"2928992";"ANNULLATO";"buy stop";"1.5";"D30EUR";"";"2928992"
"VMI3047753";"215D85D7";"20260728";"17:28:57";"50503392";"2929303";"ANNULLATO";"buy stop";"1.5";"D30EUR";"";"2929303"
"VMI3047753";"215D85D7";"20260728";"17:28:57";"50503392";"2929304";"ANNULLATO";"sell stop";"1.5";"D30EUR";"";"2929304"
"VMI3047753";"215D85D7";"20260728";"17:39:20";"50503392";"2929400";"ANNULLATO";"buy stop";"1.5";"D30EUR";"";"2929400"
"VMI3047753";"215D85D7";"20260728";"17:39:20";"50503392";"2929401";"ANNULLATO";"sell stop";"1.5";"D30EUR";"";"2929401"
"VMI3047753";"215D85D7";"20260728";"17:48:31";"50503392";"2929544";"ANNULLATO";"buy stop";"1.5";"D30EUR";"";"2929544"
"VMI3047753";"215D85D7";"20260728";"17:48:31";"50503392";"2929545";"ANNULLATO";"sell stop";"1.5";"D30EUR";"";"2929545"
"VMI3047753";"215D85D7";"20260728";"17:54:03";"50503392";"2929592";"ANNULLATO";"buy stop";"1.5";"D30EUR";"";"2929592"
"VMI3047753";"215D85D7";"20260728";"17:54:03";"50503392";"2929593";"ANNULLATO";"sell stop";"1.5";"D30EUR";"";"2929593"
"VMI3047753";"215D85D7";"20260728";"18:11:01";"50503392";"2929724";"ANNULLATO";"buy stop";"1.5";"D30EUR";"";"2929724"
"VMI3047753";"215D85D7";"20260728";"18:11:01";"50503392";"2929725";"ANNULLATO";"sell stop";"1.5";"D30EUR";"";"2929725"
"VMI3047753";"215D85D7";"20260728";"18:29:13";"50503392";"2929797";"ANNULLATO";"buy stop";"1.5";"D30EUR";"";"2929797"
"VMI3047753";"215D85D7";"20260728";"18:29:13";"50503392";"2929798";"ANNULLATO";"sell stop";"1.5";"D30EUR";"";"2929798"
"VMI3047753";"215D85D7";"20260728";"18:30:00";"50503392";"2929800";"PIAZZATO";"buy";"1.5";"D30EUR";"25488.80";"2929800"
"VMI3047753";"215D85D7";"20260728";"18:30:00";"50503392";"2592754";"ESEGUITO";"buy";"1.5";"D30EUR";"25488.80";"2929800"
"VMI3047753";"215D85D7";"20260729";"00:06:00";"50503392";"2931321";"PIAZZATO";"buy";"0.4";"D30EUR";"25534.90";"2931321"
"VMI3047753";"215D85D7";"20260729";"00:06:00";"50503392";"";"FALLITO";"market buy 0.4 D30EUR sl: 25492.00 tp: 25620.69 [Invalid stops]";"";"";"";""
"VMI3047753";"215D85D7";"20260729";"00:06:00";"50503392";"2594226";"ESEGUITO";"buy";"0.4";"D30EUR";"25534.90";"2931321"
"VMI3047753";"215D85D7";"20260729";"00:06:00";"50503392";"2594225";"ESEGUITO";"buy";"0.5";"D30EUR";"25534.90";"2931320"
"VMI3047753";"215D85D7";"20260729";"00:06:00";"50503392";"2931320";"PIAZZATO";"buy";"0.5";"D30EUR";"25534.90";"2931320"
"VMI3047753";"215D85D7";"20260729";"00:18:23";"50503392";"2594242";"ESEGUITO";"sell";"0.4";"D30EUR";"25492.00";"2931337"
"VMI3047753";"215D85D7";"20260729";"00:18:23";"50503392";"2594241";"ESEGUITO";"sell";"0.5";"D30EUR";"25492.00";"2931336"
"VMI3047753";"215D85D7";"20260729";"01:24:00";"50503392";"";"FALLITO";"market buy 0.2 D30EUR sl: 25433.53 tp: 25666.25 [Invalid stops]";"";"";"";""
"VMI3047753";"215D85D7";"20260729";"01:24:00";"50503392";"";"FALLITO";"market buy 0.2 D30EUR sl: 25433.53 tp: 25588.67 [Invalid stops]";"";"";"";""
"VMI3047753";"215D85D7";"20260729";"01:24:00";"50503392";"";"FALLITO";"market buy 0.3 D30EUR sl: 25433.53 tp: 25528.80 [Invalid stops]";"";"";"";""
"VMI3047753";"215D85D7";"20260729";"06:00:00";"50503392";"2932402";"PIAZZATO";"buy limit";"0.84";"EURUSD";"1.13821";"2932402"
"VMI3047753";"215D85D7";"20260729";"06:00:00";"50503392";"2932401";"PIAZZATO";"sell limit";"0.84";"EURUSD";"1.14007";"2932401"
"VMI3047753";"215D85D7";"20260729";"06:17:02";"50503392";"2595318";"ESEGUITO";"sell";"0.84";"EURUSD";"1.14007";"2932401"
"VMI3047753";"215D85D7";"20260729";"07:00:00";"50503392";"";"FALLITO";"market buy 0.2 D30EUR sl: 25268.67 tp: 25398.70 [Invalid stops]";"";"";"";""
"VMI3047753";"215D85D7";"20260729";"07:00:00";"50503392";"";"FALLITO";"market buy 0.2 D30EUR sl: 25268.67 tp: 25372.80 [Invalid stops]";"";"";"";""
"VMI3047753";"215D85D7";"20260729";"07:00:00";"50503392";"";"FALLITO";"market buy 0.3 D30EUR sl: 25268.67 tp: 25347.90 [Invalid stops]";"";"";"";""
"VMI3047753";"215D85D7";"20260729";"08:00:00";"50503392";"2932708";"PIAZZATO";"buy stop";"0.4";"D30EUR";"25387.30";"2932708"
"VMI3047753";"215D85D7";"20260729";"08:00:00";"50503392";"2595572";"ESEGUITO";"buy";"0.4";"D30EUR";"25387.30";"2932708"
"VMI3047753";"215D85D7";"20260729";"08:00:00";"50503392";"2932707";"PIAZZATO";"buy";"0.1";"D30EUR";"25387.10";"2932707"
"VMI3047753";"215D85D7";"20260729";"08:00:00";"50503392";"2932402";"ANNULLATO";"buy limit";"0.84";"EURUSD";"";"2932402"
"VMI3047753";"215D85D7";"20260729";"08:00:00";"50503392";"2595571";"ESEGUITO";"buy";"0.1";"D30EUR";"25387.10";"2932707"
"VMI3047753";"215D85D7";"20260729";"08:48:17";"50503392";"2595766";"ESEGUITO";"buy";"0.84";"EURUSD";"1.13914";"2932934"
"VMI3047753";"215D85D7";"20260729";"08:59:00";"50503392";"2933001";"PIAZZATO";"sell stop";"2.4";"EURUSD";"1.12821";"2933001"
"VMI3047753";"215D85D7";"20260729";"08:59:00";"50503392";"2933000";"PIAZZATO";"buy stop";"2.4";"EURUSD";"1.15007";"2933000"
"VMI3047753";"215D85D7";"20260729";"08:59:00";"50503392";"2932999";"PIAZZATO";"sell stop";"0.6";"D30EUR";"25280.30";"2932999"
"VMI3047753";"215D85D7";"20260729";"09:00:00";"50503392";"2933014";"PIAZZATO";"sell stop";"2.3";"D30EUR";"25453.80";"2933014"
"VMI3047753";"215D85D7";"20260729";"09:00:00";"50503392";"2933013";"PIAZZATO";"sell stop";"1.1";"D30EUR";"25452.80";"2933013"
"VMI3047753";"215D85D7";"20260729";"09:00:00";"50503392";"2595830";"ESEGUITO";"buy";"2.3";"D30EUR";"25505.50";"2933011"
"VMI3047753";"215D85D7";"20260729";"09:00:00";"50503392";"2595829";"ESEGUITO";"buy";"1.1";"D30EUR";"25506.50";"2933010"
"VMI3047753";"215D85D7";"20260729";"09:00:00";"50503392";"2933011";"PIAZZATO";"buy stop";"2.3";"D30EUR";"25505.50";"2933011"
"VMI3047753";"215D85D7";"20260729";"09:00:00";"50503392";"2933010";"PIAZZATO";"buy stop";"1.1";"D30EUR";"25506.50";"2933010"
"VMI3047753";"215D85D7";"20260729";"09:00:00";"50503392";"2933012";"PIAZZATO";"sell";"0.2";"D30EUR";"25498.50";"2933012"
"VMI3047753";"215D85D7";"20260729";"09:00:00";"50503392";"2595827";"ESEGUITO";"sell";"0.2";"D30EUR";"25498.50";"2933012"
"VMI3047753";"215D85D7";"20260729";"09:15:00";"50503392";"2933137";"PIAZZATO";"sell stop";"1.6";"D30EUR";"25484.80";"2933137"
"VMI3047753";"215D85D7";"20260729";"09:15:00";"50503392";"2933138";"PIAZZATO";"sell stop";"1.6";"D30EUR";"25484.80";"2933138"
"VMI3047753";"215D85D7";"20260729";"09:15:00";"50503392";"2933136";"PIAZZATO";"buy stop";"1.6";"D30EUR";"25560.30";"2933136"
"VMI3047753";"215D85D7";"20260729";"09:15:00";"50503392";"2933134";"PIAZZATO";"buy stop";"1.6";"D30EUR";"25560.30";"2933134"
"VMI3047753";"215D85D7";"20260729";"09:15:00";"50503392";"2933135";"PIAZZATO";"buy stop";"0.7";"D30EUR";"25565.30";"2933135"
"VMI3047753";"215D85D7";"20260729";"09:30:00";"50503392";"2932999";"ANNULLATO";"sell stop";"0.6";"D30EUR";"";"2932999"
"VMI3047753";"215D85D7";"20260729";"09:30:00";"50503392";"2933000";"ANNULLATO";"buy stop";"2.4";"EURUSD";"";"2933000"
"VMI3047753";"215D85D7";"20260729";"09:30:00";"50503392";"2933001";"ANNULLATO";"sell stop";"2.4";"EURUSD";"";"2933001"
"VMI3047753";"215D85D7";"20260729";"09:53:56";"50503392";"2596230";"ESEGUITO";"sell";"1.6";"D30EUR";"25486.60";"2933140"
"VMI3047753";"215D85D7";"20260729";"09:53:56";"50503392";"2596229";"ESEGUITO";"sell";"1.6";"D30EUR";"25484.80";"2933138"
"VMI3047753";"215D85D7";"20260729";"09:53:56";"50503392";"2596228";"ESEGUITO";"sell";"1.6";"D30EUR";"25484.80";"2933137"
"VMI3047753";"215D85D7";"20260729";"10:02:31";"50503392";"2596314";"ESEGUITO";"sell";"2.3";"D30EUR";"25453.80";"2933014"
"VMI3047753";"215D85D7";"20260729";"10:02:31";"50503392";"2596313";"ESEGUITO";"sell";"2.3";"D30EUR";"25453.80";"2933557"
"VMI3047753";"215D85D7";"20260729";"10:02:31";"50503392";"2596312";"ESEGUITO";"sell";"1.1";"D30EUR";"25453.80";"2933556"
"VMI3047753";"215D85D7";"20260729";"10:02:32";"50503392";"2596315";"ESEGUITO";"sell";"1.1";"D30EUR";"25452.80";"2933013"
"VMI3047753";"215D85D7";"20260729";"10:24:27";"50503392";"2596583";"ESEGUITO";"sell";"0.2";"D30EUR";"25387.30";"2933845"
"VMI3047753";"215D85D7";"20260729";"12:30:00";"50503392";"";"FALLITO";"market buy 0.2 D30EUR sl: 25348.48 tp: 25507.90 [Invalid stops]";"";"";"";""
"VMI3047753";"215D85D7";"20260729";"12:30:00";"50503392";"";"FALLITO";"market buy 0.2 D30EUR sl: 25348.48 tp: 25476.00 [Invalid stops]";"";"";"";""
"VMI3047753";"215D85D7";"20260729";"12:30:00";"50503392";"";"FALLITO";"market buy 0.2 D30EUR sl: 25348.48 tp: 25442.70 [Invalid stops]";"";"";"";""
"VMI3047753";"215D85D7";"20260729";"13:27:22";"50503392";"2598176";"ESEGUITO";"buy";"2.3";"D30EUR";"25505.50";"2935538"
"VMI3047753";"215D85D7";"20260729";"13:27:22";"50503392";"2598175";"ESEGUITO";"buy";"1.1";"D30EUR";"25505.50";"2935537"
"VMI3047753";"215D85D7";"20260729";"14:01:25";"50503392";"2598537";"ESEGUITO";"buy";"1.6";"D30EUR";"25558.50";"2935281"
"VMI3047753";"215D85D7";"20260729";"14:01:25";"50503392";"2598535";"ESEGUITO";"buy";"1.6";"D30EUR";"25558.50";"2935917"
"VMI3047753";"215D85D7";"20260729";"14:01:26";"50503392";"2598539";"ESEGUITO";"buy";"1.6";"D30EUR";"25560.30";"2935920"
"VMI3047753";"215D85D7";"20260729";"14:01:26";"50503392";"2598538";"ESEGUITO";"buy";"1.6";"D30EUR";"25560.30";"2935919"
"VMI3047753";"215D85D7";"20260729";"14:16:21";"50503392";"2598815";"ESEGUITO";"sell";"1.6";"D30EUR";"25486.60";"2936193"
"VMI3047753";"215D85D7";"20260729";"15:30:00";"50503392";"2937586";"PIAZZATO";"buy stop";"0.6";"NASUSD";"27861.10";"2937586"
"VMI3047753";"215D85D7";"20260729";"15:30:00";"50503392";"2937587";"PIAZZATO";"sell stop";"0.6";"NASUSD";"27694.00";"2937587"
"VMI3047753";"215D85D7";"20260729";"15:30:00";"50503392";"2937585";"PIAZZATO";"buy stop";"0.3";"NASUSD";"27860.60";"2937585"
"VMI3047753";"215D85D7";"20260729";"15:30:00";"50503392";"2937582";"PIAZZATO";"buy stop";"0.9";"NASUSD";"27800.20";"2937582"
"VMI3047753";"215D85D7";"20260729";"15:30:00";"50503392";"2937583";"PIAZZATO";"sell stop";"0.9";"NASUSD";"27733.00";"2937583"
"VMI3047753";"215D85D7";"20260729";"15:30:26";"50503392";"2937582";"ANNULLATO";"buy stop";"0.9";"NASUSD";"";"2937582"
"VMI3047753";"215D85D7";"20260729";"15:30:26";"50503392";"2600202";"ESEGUITO";"sell";"0.9";"NASUSD";"27733.00";"2937583"
"VMI3047753";"215D85D7";"20260729";"15:31:53";"50503392";"2600257";"ESEGUITO";"sell";"0.6";"NASUSD";"27694.00";"2937587"
"VMI3047753";"215D85D7";"20260729";"15:33:19";"50503392";"2937586";"ANNULLATO";"buy stop";"0.6";"NASUSD";"";"2937586"
"VMI3047753";"215D85D7";"20260729";"15:33:19";"50503392";"2600298";"ESEGUITO";"buy";"0.9";"NASUSD";"27790.20";"2937714"
"VMI3047753";"215D85D7";"20260729";"15:52:10";"50503392";"2938162";"PIAZZATO";"buy";"0.2";"NASUSD";"27599.80";"2938162"
"VMI3047753";"215D85D7";"20260729";"15:52:10";"50503392";"2600729";"ESEGUITO";"buy";"0.2";"NASUSD";"27599.80";"2938162"
"VMI3047753";"215D85D7";"20260729";"15:53:53";"50503392";"2600812";"ESEGUITO";"buy";"0.4";"NASUSD";"27615.00";"2938248"
"VMI3047753";"215D85D7";"20260729";"19:00:00";"50503392";"";"FALLITO";"market buy 0.2 D30EUR sl: 25412.81 tp: 25556.40 [Invalid stops]";"";"";"";""
"VMI3047753";"215D85D7";"20260729";"19:00:00";"50503392";"";"FALLITO";"market buy 0.2 D30EUR sl: 25412.81 tp: 25516.60 [Invalid stops]";"";"";"";""
"VMI3047753";"215D85D7";"20260729";"19:00:00";"50503392";"";"FALLITO";"market buy 0.3 D30EUR sl: 25412.81 tp: 25491.30 [Invalid stops]";"";"";"";""
"VMI3047753";"215D85D7";"20260729";"20:40:00";"50503392";"2942870";"PIAZZATO";"sell stop";"0.35";"EURUSD";"1.14045";"2942870"
"VMI3047753";"215D85D7";"20260729";"20:40:00";"50503392";"2942867";"PIAZZATO";"buy stop";"0.35";"EURUSD";"1.14307";"2942867"
"VMI3047753";"215D85D7";"20260729";"20:41:04";"50503392";"2605218";"ESEGUITO";"buy";"0.35";"EURUSD";"1.14307";"2942867"
"VMI3047753";"215D85D7";"20260729";"20:45:00";"50503392";"";"FALLITO";"market buy 0.1 D30EUR sl: 25442.05 tp: 25916.64 [Invalid stops]";"";"";"";""
"VMI3047753";"215D85D7";"20260729";"20:45:00";"50503392";"";"FALLITO";"market buy 0.1 D30EUR sl: 25442.05 tp: 25797.99 [Invalid stops]";"";"";"";""
"VMI3047753";"215D85D7";"20260729";"20:45:00";"50503392";"";"FALLITO";"market buy 0.1 D30EUR sl: 25442.05 tp: 25679.35 [Invalid stops]";"";"";"";""
"VMI3047753";"215D85D7";"20260729";"21:00:00";"50503392";"2943871";"PIAZZATO";"sell limit";"0.01";"XAUUSD";"4140.88";"2943871"
"VMI3047753";"215D85D7";"20260729";"21:00:00";"50503392";"2943870";"PIAZZATO";"sell limit";"0.01";"XAUUSD";"4149.08";"2943870"
"VMI3047753";"215D85D7";"20260729";"21:00:00";"50503392";"2606124";"ESEGUITO";"sell";"0.2";"U30USD";"52210.50";"2943873"
"VMI3047753";"215D85D7";"20260729";"21:00:00";"50503392";"2943875";"PIAZZATO";"sell stop";"0.6";"U30USD";"52210.30";"2943875"
"VMI3047753";"215D85D7";"20260729";"21:00:00";"50503392";"2943873";"PIAZZATO";"sell";"0.2";"U30USD";"52210.50";"2943873"
"VMI3047753";"215D85D7";"20260729";"21:00:00";"50503392";"2943866";"PIAZZATO";"buy";"0.1";"F40EUR";"8478.00";"2943866"
"VMI3047753";"215D85D7";"20260729";"21:00:00";"50503392";"2606122";"ESEGUITO";"buy";"0.1";"F40EUR";"8478.00";"2943866"
"VMI3047753";"215D85D7";"20260729";"21:00:00";"50503392";"2943867";"PIAZZATO";"sell limit";"0.01";"XAUUSD";"4127.75";"2943867"
"VMI3047753";"215D85D7";"20260729";"21:00:00";"50503392";"2943869";"PIAZZATO";"buy stop";"0.4";"F40EUR";"8478.20";"2943869"
"VMI3047753";"215D85D7";"20260729";"21:00:00";"50503392";"2943868";"PIAZZATO";"sell limit";"0.01";"XAUUSD";"4126.11";"2943868"
"VMI3047753";"215D85D7";"20260729";"21:00:01";"50503392";"2606129";"ESEGUITO";"sell";"0.6";"U30USD";"52210.30";"2943875"
"VMI3047753";"215D85D7";"20260729";"21:00:02";"50503392";"2606130";"ESEGUITO";"buy";"0.4";"F40EUR";"8478.20";"2943869"
"VMI3047753";"215D85D7";"20260729";"21:03:51";"50503392";"2606252";"ESEGUITO";"buy";"0.1";"U30USD";"52163.50";"2943992"
"VMI3047753";"215D85D7";"20260729";"21:03:51";"50503392";"2943992";"PIAZZATO";"buy";"0.1";"U30USD";"52163.50";"2943992"
"VMI3047753";"215D85D7";"20260729";"21:03:51";"50503392";"2606251";"ESEGUITO";"buy";"0.2";"U30USD";"52163.50";"2943991"
"VMI3047753";"215D85D7";"20260729";"21:03:51";"50503392";"2943991";"PIAZZATO";"buy";"0.2";"U30USD";"52163.50";"2943991"
"VMI3047753";"215D85D7";"20260729";"21:07:30";"50503392";"2606371";"ESEGUITO";"buy";"0.4";"U30USD";"52045.30";"2944112"
"VMI3047753";"215D85D7";"20260729";"21:07:30";"50503392";"2606370";"ESEGUITO";"buy";"0.1";"U30USD";"52045.50";"2944111"
"VMI3047753";"215D85D7";"20260729";"22:13:46";"50503392";"2945171";"PIAZZATO";"buy stop";"0.1";"NASUSD";"27955.30";"2945171"
"VMI3047753";"215D85D7";"20260729";"22:13:46";"50503392";"";"FALLITO";"sell stop 0.5 NASUSD at 27704.50 sl: 27798.30 tp: 27516.90 [Invalid price]";"";"";"";""
"VMI3047753";"215D85D7";"20260729";"22:13:46";"50503392";"2945170";"PIAZZATO";"buy stop";"0.5";"NASUSD";"27808.30";"2945170"
"VMI3047753";"215D85D7";"20260729";"22:45:00";"50503392";"2945171";"ANNULLATO";"buy stop";"0.1";"NASUSD";"";"2945171"
"VMI3047753";"215D85D7";"20260730";"00:05:00";"50503392";"2945170";"ANNULLATO";"buy stop";"0.5";"NASUSD";"";"2945170"
"VMI3047753";"215D85D7";"20260730";"00:09:01";"50503392";"";"FALLITO";"market buy 0.1 D30EUR sl: 25339.77 tp: 25527.50 [Invalid stops]";"";"";"";""
"VMI3047753";"215D85D7";"20260730";"00:09:01";"50503392";"";"FALLITO";"market buy 0.1 D30EUR sl: 25339.77 tp: 25490.70 [Invalid stops]";"";"";"";""
"VMI3047753";"215D85D7";"20260730";"00:09:01";"50503392";"";"FALLITO";"market buy 0.2 D30EUR sl: 25339.77 tp: 25453.60 [Invalid stops]";"";"";"";""
"VMI3047753";"215D85D7";"20260730";"01:00:00";"50503392";"";"FALLITO";"buy stop 0.2 NASUSD at 27312.60 sl: 27060.50 tp: 28068.30 [Invalid price]";"";"";"";""
"VMI3047753";"215D85D7";"20260730";"01:00:00";"50503392";"2945736";"PIAZZATO";"buy";"0.1";"NASUSD";"27312.40";"2945736"
"VMI3047753";"215D85D7";"20260730";"01:00:00";"50503392";"2607913";"ESEGUITO";"buy";"0.1";"NASUSD";"27312.40";"2945736"
"VMI3047753";"215D85D7";"20260730";"03:06:00";"50503392";"2608603";"ESEGUITO";"buy";"0.2";"D30EUR";"25479.90";"2946486"
"VMI3047753";"215D85D7";"20260730";"03:06:00";"50503392";"2946486";"PIAZZATO";"buy";"0.2";"D30EUR";"25479.90";"2946486"
"VMI3047753";"215D85D7";"20260730";"03:06:00";"50503392";"2608602";"ESEGUITO";"buy";"0.2";"D30EUR";"25479.90";"2946485"
"VMI3047753";"215D85D7";"20260730";"03:06:00";"50503392";"2946485";"PIAZZATO";"buy";"0.2";"D30EUR";"25479.90";"2946485"
"VMI3047753";"215D85D7";"20260730";"03:06:01";"50503392";"2946487";"PIAZZATO";"buy";"0.2";"D30EUR";"25479.90";"2946487"
"VMI3047753";"215D85D7";"20260730";"03:06:01";"50503392";"2608604";"ESEGUITO";"buy";"0.2";"D30EUR";"25479.90";"2946487"
"VMI3047753";"215D85D7";"20260730";"03:06:58";"50503392";"2608608";"ESEGUITO";"sell";"0.2";"D30EUR";"25502.00";"2946491"
"VMI3047753";"215D85D7";"20260730";"03:13:16";"50503392";"2608676";"ESEGUITO";"sell";"0.2";"D30EUR";"25479.90";"2946560"
"VMI3047753";"215D85D7";"20260730";"03:13:16";"50503392";"2608675";"ESEGUITO";"sell";"0.2";"D30EUR";"25479.90";"2946559"
"VMI3047753";"215D85D7";"20260730";"05:00:00";"50503392";"2609018";"ESEGUITO";"sell";"0.01";"XAUUSD";"4063.68";"2946916"
"VMI3047753";"215D85D7";"20260730";"05:00:00";"50503392";"2946916";"PIAZZATO";"sell";"0.01";"XAUUSD";"4063.68";"2946916"
"VMI3047753";"215D85D7";"20260730";"05:00:00";"50503392";"2946917";"PIAZZATO";"sell stop";"0.01";"XAUUSD";"4043.70";"2946917"
"VMI3047753";"215D85D7";"20260730";"05:00:00";"50503392";"2609017";"ESEGUITO";"sell";"0.01";"XAUUSD";"4063.68";"2946915"
"VMI3047753";"215D85D7";"20260730";"05:00:00";"50503392";"2946915";"PIAZZATO";"sell";"0.01";"XAUUSD";"4063.68";"2946915"
"VMI3047753";"215D85D7";"20260730";"05:00:00";"50503392";"";"FALLITO";"sell stop 0.01 XAUUSD at 4063.48 sl: 4116.54 tp: 3957.76 [Invalid price]";"";"";"";""
"VMI3047753";"215D85D7";"20260730";"06:00:00";"50503392";"2946996";"PIAZZATO";"buy limit";"0.37";"EURUSD";"1.14476";"2946996"
"VMI3047753";"215D85D7";"20260730";"06:00:00";"50503392";"2946994";"PIAZZATO";"sell limit";"0.37";"EURUSD";"1.14747";"2946994"
"VMI3047753";"215D85D7";"20260730";"07:00:42";"50503392";"2609208";"ESEGUITO";"sell";"0.01";"XAUUSD";"4043.70";"2946917"
"VMI3047753";"215D85D7";"20260730";"07:45:03";"50503392";"";"FALLITO";"market buy 0.2 D30EUR sl: 25339.18 tp: 25502.00 [Invalid stops]";"";"";"";""
"VMI3047753";"215D85D7";"20260730";"07:45:03";"50503392";"";"FALLITO";"market buy 0.2 D30EUR sl: 25339.18 tp: 25466.80 [Invalid stops]";"";"";"";""
"VMI3047753";"215D85D7";"20260730";"07:45:03";"50503392";"";"FALLITO";"market buy 0.2 D30EUR sl: 25339.18 tp: 25436.60 [Invalid stops]";"";"";"";""
"VMI3047753";"215D85D7";"20260730";"08:00:00";"50503392";"2946994";"ANNULLATO";"sell limit";"0.37";"EURUSD";"";"2946994"
"VMI3047753";"215D85D7";"20260730";"08:00:00";"50503392";"2946996";"ANNULLATO";"buy limit";"0.37";"EURUSD";"";"2946996"
"VMI3047753";"215D85D7";"20260730";"08:59:00";"50503392";"";"FALLITO";"sell stop 0.5 D30EUR at 25344.30 sl: 25440.90 tp: 24957.90 [Invalid price]";"";"";"";""
"VMI3047753";"215D85D7";"20260730";"08:59:00";"50503392";"2947641";"PIAZZATO";"sell stop";"2.09";"EURUSD";"1.13476";"2947641"
"VMI3047753";"215D85D7";"20260730";"08:59:00";"50503392";"2947640";"PIAZZATO";"buy stop";"2.09";"EURUSD";"1.15747";"2947640"
"VMI3047753";"215D85D7";"20260730";"09:00:00";"50503392";"2947647";"PIAZZATO";"sell stop";"2.3";"D30EUR";"25316.00";"2947647"
"VMI3047753";"215D85D7";"20260730";"09:00:00";"50503392";"2947648";"PIAZZATO";"sell stop";"1.1";"D30EUR";"25315.00";"2947648"
"VMI3047753";"215D85D7";"20260730";"09:00:00";"50503392";"2947645";"PIAZZATO";"buy stop";"2.3";"D30EUR";"25361.60";"2947645"
"VMI3047753";"215D85D7";"20260730";"09:00:00";"50503392";"2947646";"PIAZZATO";"buy stop";"1.1";"D30EUR";"25362.60";"2947646"
"VMI3047753";"215D85D7";"20260730";"09:00:30";"50503392";"2609656";"ESEGUITO";"buy";"1.1";"D30EUR";"25362.60";"2947646"
"VMI3047753";"215D85D7";"20260730";"09:00:30";"50503392";"2609655";"ESEGUITO";"buy";"2.3";"D30EUR";"25361.60";"2947645"
"VMI3047753";"215D85D7";"20260730";"09:06:00";"50503392";"";"FALLITO";"market buy 0.1 D30EUR sl: 25295.25 tp: 25537.50 [Invalid stops]";"";"";"";""
"VMI3047753";"215D85D7";"20260730";"09:06:00";"50503392";"";"FALLITO";"market buy 0.1 D30EUR sl: 25295.25 tp: 25490.70 [Invalid stops]";"";"";"";""
"VMI3047753";"215D85D7";"20260730";"09:06:00";"50503392";"";"FALLITO";"market buy 0.1 D30EUR sl: 25295.25 tp: 25436.60 [Invalid stops]";"";"";"";""
"VMI3047753";"215D85D7";"20260730";"09:15:00";"50503392";"2947998";"PIAZZATO";"sell stop";"1.1";"D30EUR";"25322.20";"2947998"
"VMI3047753";"215D85D7";"20260730";"09:15:00";"50503392";"2947999";"PIAZZATO";"sell stop";"1.1";"D30EUR";"25322.20";"2947999"
"VMI3047753";"215D85D7";"20260730";"09:15:00";"50503392";"2947997";"PIAZZATO";"buy stop";"0.5";"D30EUR";"25422.70";"2947997"
"VMI3047753";"215D85D7";"20260730";"09:15:00";"50503392";"2947995";"PIAZZATO";"buy stop";"1.1";"D30EUR";"25417.70";"2947995"
"VMI3047753";"215D85D7";"20260730";"09:15:00";"50503392";"2947996";"PIAZZATO";"buy stop";"1.1";"D30EUR";"25417.70";"2947996"
"VMI3047753";"215D85D7";"20260730";"09:20:57";"50503392";"2947998";"ANNULLATO";"sell stop";"1.1";"D30EUR";"";"2947998"
"VMI3047753";"215D85D7";"20260730";"09:20:57";"50503392";"2947995";"ANNULLATO";"buy stop";"1.1";"D30EUR";"";"2947995"
"VMI3047753";"215D85D7";"20260730";"09:20:57";"50503392";"2610073";"ESEGUITO";"sell";"1.1";"D30EUR";"25324.00";"2948001"
"VMI3047753";"215D85D7";"20260730";"09:20:57";"50503392";"2948000";"ANNULLATO";"buy stop";"1.1";"D30EUR";"";"2948000"
"VMI3047753";"215D85D7";"20260730";"09:21:01";"50503392";"2947996";"ANNULLATO";"buy stop";"1.1";"D30EUR";"";"2947996"
"VMI3047753";"215D85D7";"20260730";"09:21:01";"50503392";"2610075";"ESEGUITO";"sell";"1.1";"D30EUR";"25322.20";"2947999"
"VMI3047753";"215D85D7";"20260730";"09:21:06";"50503392";"2610079";"ESEGUITO";"sell";"2.3";"D30EUR";"25316.00";"2947647"
"VMI3047753";"215D85D7";"20260730";"09:21:06";"50503392";"2610080";"ESEGUITO";"sell";"1.1";"D30EUR";"25315.00";"2947648"
"VMI3047753";"215D85D7";"20260730";"09:21:06";"50503392";"2610076";"ESEGUITO";"sell";"2.3";"D30EUR";"25316.00";"2948080"
"VMI3047753";"215D85D7";"20260730";"09:21:06";"50503392";"2610078";"ESEGUITO";"sell";"1.1";"D30EUR";"25316.00";"2948081"
"VMI3047753";"215D85D7";"20260730";"09:21:22";"50503392";"2610083";"ESEGUITO";"buy";"1.1";"D30EUR";"25315.20";"2948084"
"VMI3047753";"215D85D7";"20260730";"09:21:22";"50503392";"2610082";"ESEGUITO";"buy";"1.1";"D30EUR";"25315.20";"2948083"
"VMI3047753";"215D85D7";"20260730";"09:26:37";"50503392";"2610191";"ESEGUITO";"buy";"1.1";"D30EUR";"25361.60";"2948190"
"VMI3047753";"215D85D7";"20260730";"09:26:37";"50503392";"2610190";"ESEGUITO";"buy";"2.3";"D30EUR";"25361.60";"2948189"
"VMI3047753";"215D85D7";"20260730";"09:30:01";"50503392";"2947640";"ANNULLATO";"buy stop";"2.09";"EURUSD";"";"2947640"
"VMI3047753";"215D85D7";"20260730";"09:30:01";"50503392";"2947641";"ANNULLATO";"sell stop";"2.09";"EURUSD";"";"2947641"
"VMI3047753";"215D85D7";"20260730";"09:34:10";"50503392";"2948195";"ANNULLATO";"buy stop";"1";"D30EUR";"";"2948195"
"VMI3047753";"215D85D7";"20260730";"09:34:10";"50503392";"2610369";"ESEGUITO";"sell";"1";"D30EUR";"25324.00";"2948196"
"VMI3047753";"215D85D7";"20260730";"09:35:01";"50503392";"2610375";"ESEGUITO";"buy";"1";"D30EUR";"25321.80";"2948383"
"VMI3047753";"215D85D7";"20260730";"09:51:46";"50503392";"2610504";"ESEGUITO";"buy";"1";"D30EUR";"25415.90";"2948422"
"VMI3047753";"215D85D7";"20260730";"09:52:13";"50503392";"2948515";"ANNULLATO";"buy stop";"1";"D30EUR";"";"2948515"
"VMI3047753";"215D85D7";"20260730";"09:52:13";"50503392";"2948516";"ANNULLATO";"sell stop";"1";"D30EUR";"";"2948516"
"VMI3047753";"215D85D7";"20260730";"09:59:45";"50503392";"2948639";"ANNULLATO";"buy stop";"1";"D30EUR";"";"2948639"
"VMI3047753";"215D85D7";"20260730";"09:59:45";"50503392";"2948640";"ANNULLATO";"sell stop";"1";"D30EUR";"";"2948640"
"VMI3047753";"215D85D7";"20260730";"10:06:08";"50503392";"2948828";"ANNULLATO";"buy stop";"1";"D30EUR";"";"2948828"
"VMI3047753";"215D85D7";"20260730";"10:06:08";"50503392";"2948829";"ANNULLATO";"sell stop";"1";"D30EUR";"";"2948829"
"VMI3047753";"215D85D7";"20260730";"10:10:51";"50503392";"2610887";"ESEGUITO";"buy";"0.5";"D30EUR";"25422.70";"2947997"
"VMI3047753";"215D85D7";"20260730";"10:11:04";"50503392";"2610901";"ESEGUITO";"sell";"1";"D30EUR";"25422.20";"2948927"
"VMI3047753";"215D85D7";"20260730";"10:11:51";"50503392";"2610908";"ESEGUITO";"sell";"0.5";"D30EUR";"25426.70";"2948935"
"VMI3047753";"215D85D7";"20260730";"10:23:52";"50503392";"2948934";"ANNULLATO";"sell stop";"1";"D30EUR";"";"2948934"
"VMI3047753";"215D85D7";"20260730";"10:23:52";"50503392";"2949023";"ANNULLATO";"sell stop";"1";"D30EUR";"";"2949023"
"VMI3047753";"215D85D7";"20260730";"10:23:52";"50503392";"2611078";"ESEGUITO";"buy";"1";"D30EUR";"25415.90";"2949022"
"VMI3047753";"215D85D7";"20260730";"10:24:13";"50503392";"2611081";"ESEGUITO";"sell";"1";"D30EUR";"25422.60";"2949122"
"VMI3047753";"215D85D7";"20260730";"10:53:28";"50503392";"2949263";"ANNULLATO";"sell stop";"1";"D30EUR";"";"2949263"
"VMI3047753";"215D85D7";"20260730";"10:53:28";"50503392";"2949419";"ANNULLATO";"sell stop";"1";"D30EUR";"";"2949419"
"VMI3047753";"215D85D7";"20260730";"10:53:28";"50503392";"2611353";"ESEGUITO";"buy";"1";"D30EUR";"25415.90";"2949418"
"VMI3047753";"215D85D7";"20260730";"10:54:02";"50503392";"2611360";"ESEGUITO";"sell";"1";"D30EUR";"25421.30";"2949433"
"VMI3047753";"215D85D7";"20260730";"12:43:21";"50503392";"2612592";"ESEGUITO";"sell";"0.35";"EURUSD";"1.14807";"2950701"
"VMI3047753";"215D85D7";"20260730";"12:43:21";"50503392";"";"FALLITO";"cancel order #2950701 sell 0.35 EURUSD at 1.14807 [Invalid request]";"";"";"";""
"VMI3047753";"215D85D7";"20260730";"13:09:00";"50503392";"";"FALLITO";"market buy 0.1 D30EUR sl: 25407.36 tp: 25580.20 [Invalid stops]";"";"";"";""
"VMI3047753";"215D85D7";"20260730";"13:09:00";"50503392";"";"FALLITO";"market buy 0.1 D30EUR sl: 25407.36 tp: 25542.60 [Invalid stops]";"";"";"";""
"VMI3047753";"215D85D7";"20260730";"13:09:00";"50503392";"";"FALLITO";"market buy 0.2 D30EUR sl: 25407.36 tp: 25506.00 [Invalid stops]";"";"";"";""
"VMI3047753";"215D85D7";"20260730";"14:35:32";"50503392";"2950622";"ANNULLATO";"sell stop";"1";"D30EUR";"";"2950622"
"VMI3047753";"215D85D7";"20260730";"14:35:33";"50503392";"2951005";"ANNULLATO";"sell stop";"1.1";"D30EUR";"";"2951005"
"VMI3047753";"215D85D7";"20260730";"14:35:34";"50503392";"2951265";"ANNULLATO";"sell stop";"1.1";"D30EUR";"";"2951265"
"VMI3047753";"215D85D7";"20260730";"14:35:34";"50503392";"2951126";"ANNULLATO";"sell stop";"1.1";"D30EUR";"";"2951126"
"VMI3047753";"215D85D7";"20260730";"14:35:36";"50503392";"2951383";"ANNULLATO";"sell stop";"1.1";"D30EUR";"";"2951383"
"VMI3047753";"215D85D7";"20260730";"14:35:37";"50503392";"2951392";"ANNULLATO";"sell stop";"1.1";"D30EUR";"";"2951392"
"VMI3047753";"215D85D7";"20260730";"14:39:23";"50503392";"2951861";"ANNULLATO";"sell stop";"1.1";"D30EUR";"";"2951861"
"VMI3047753";"215D85D7";"20260730";"15:30:00";"50503392";"";"FALLITO";"buy stop 0.7 NASUSD at 27683.30 sl: 27551.70 tp: 28078.10 [Invalid price]";"";"";"";""
"VMI3047753";"215D85D7";"20260730";"15:30:00";"50503392";"2952738";"PIAZZATO";"sell stop";"0.7";"NASUSD";"27551.70";"2952738"
"VMI3047753";"215D85D7";"20260730";"15:30:00";"50503392";"";"FALLITO";"buy stop 0.3 NASUSD at 27682.80 sl: 27553.20 tp: 28071.60 [Invalid price]";"";"";"";""
"VMI3047753";"215D85D7";"20260730";"15:30:00";"50503392";"2952735";"PIAZZATO";"buy stop";"0.9";"NASUSD";"27750.80";"2952735"
"VMI3047753";"215D85D7";"20260730";"15:30:00";"50503392";"2952737";"PIAZZATO";"sell stop";"0.9";"NASUSD";"27685.80";"2952737"
"VMI3047753";"215D85D7";"20260730";"15:33:28";"50503392";"2614608";"ESEGUITO";"sell";"0.9";"NASUSD";"27685.80";"2952737"
"VMI3047753";"215D85D7";"20260730";"15:35:32";"50503392";"2614638";"ESEGUITO";"buy";"0.9";"NASUSD";"27740.80";"2952837"
"VMI3047753";"215D85D7";"20260730";"15:35:37";"50503392";"2614641";"ESEGUITO";"buy";"0.9";"NASUSD";"27750.80";"2952735"
"VMI3047753";"215D85D7";"20260730";"15:45:04";"50503392";"2615339";"ESEGUITO";"sell";"0.9";"NASUSD";"27860.80";"2953524"
"VMI3047753";"215D85D7";"20260730";"15:59:10";"50503392";"2615891";"ESEGUITO";"buy";"0.01";"XAUUSD";"4111.19";"2954083"
"VMI3047753";"215D85D7";"20260730";"15:59:10";"50503392";"2615890";"ESEGUITO";"buy";"0.01";"XAUUSD";"4111.19";"2954082"
"VMI3047753";"215D85D7";"20260730";"15:59:10";"50503392";"2615889";"ESEGUITO";"buy";"0.01";"XAUUSD";"4111.19";"2954081"
"VMI3047753";"215D85D7";"20260730";"16:27:43";"50503392";"2616712";"ESEGUITO";"sell";"0.1";"NASUSD";"28068.10";"2954893"
"VMI3047753";"215D85D7";"20260730";"17:10:47";"50503392";"2952519";"ANNULLATO";"sell stop";"1.1";"D30EUR";"";"2952519"
"VMI3047753";"215D85D7";"20260730";"17:10:48";"50503392";"2952794";"ANNULLATO";"sell stop";"1.1";"D30EUR";"";"2952794"
"VMI3047753";"215D85D7";"20260730";"17:10:49";"50503392";"2953875";"ANNULLATO";"sell stop";"1.1";"D30EUR";"";"2953875"
"VMI3047753";"215D85D7";"20260730";"17:10:50";"50503392";"2954929";"ANNULLATO";"sell stop";"1.1";"D30EUR";"";"2954929"
"VMI3047753";"215D85D7";"20260730";"17:10:50";"50503392";"2954693";"ANNULLATO";"sell stop";"1.1";"D30EUR";"";"2954693"
"VMI3047753";"215D85D7";"20260730";"17:10:51";"50503392";"2955161";"ANNULLATO";"sell stop";"1.1";"D30EUR";"";"2955161"
"VMI3047753";"215D85D7";"20260730";"17:11:42";"50503392";"2955345";"ANNULLATO";"sell stop";"1.1";"D30EUR";"";"2955345"
"VMI3047753";"215D85D7";"20260730";"17:11:46";"50503392";"2952738";"ANNULLATO";"sell stop";"0.7";"NASUSD";"";"2952738"
"VMI3047753";"215D85D7";"20260730";"21:00:00";"50503392";"2618793";"ESEGUITO";"sell";"0.01";"XAUUSD";"4099.66";"2957061"
"VMI3047753";"215D85D7";"20260730";"21:00:00";"50503392";"2957061";"PIAZZATO";"sell";"0.01";"XAUUSD";"4099.66";"2957061"
"VMI3047753";"215D85D7";"20260730";"21:00:00";"50503392";"2957063";"PIAZZATO";"sell stop";"0.01";"XAUUSD";"4075.45";"2957063"
"VMI3047753";"215D85D7";"20260730";"21:00:00";"50503392";"2618792";"ESEGUITO";"sell";"0.01";"XAUUSD";"4099.66";"2957060"
"VMI3047753";"215D85D7";"20260730";"21:00:00";"50503392";"2957060";"PIAZZATO";"sell";"0.01";"XAUUSD";"4099.66";"2957060"
"VMI3047753";"215D85D7";"20260730";"21:00:00";"50503392";"";"FALLITO";"sell stop 0.02 XAUUSD at 4099.46 sl: 4120.43 tp: 4057.92 [Invalid price]";"";"";"";""
"VMI3047753";"215D85D7";"20260730";"21:17:47";"50503392";"2618867";"ESEGUITO";"buy";"0.01";"XAUUSD";"4111.19";"2957129"
"VMI3047753";"215D85D7";"20260730";"21:17:47";"50503392";"2618866";"ESEGUITO";"buy";"0.01";"XAUUSD";"4111.19";"2957128"
"VMI3047753";"215D85D7";"20260730";"22:03:00";"50503392";"";"FALLITO";"market buy 0.2 D30EUR sl: 25656.84 tp: 25932.28 [Invalid stops]";"";"";"";""
"VMI3047753";"215D85D7";"20260730";"22:03:00";"50503392";"";"FALLITO";"market buy 0.2 D30EUR sl: 25656.84 tp: 25863.42 [Invalid stops]";"";"";"";""
"VMI3047753";"215D85D7";"20260730";"22:03:00";"50503392";"";"FALLITO";"market buy 0.2 D30EUR sl: 25656.84 tp: 25794.56 [Invalid stops]";"";"";"";""
"VMI3047753";"215D85D7";"20260731";"01:05:00";"50503392";"2957646";"PIAZZATO";"sell limit";"0.01";"XAUUSD";"4150.75";"2957646"
"VMI3047753";"215D85D7";"20260731";"01:05:00";"50503392";"2957647";"PIAZZATO";"sell limit";"0.01";"XAUUSD";"4140.53";"2957647"
"VMI3047753";"215D85D7";"20260731";"01:05:00";"50503392";"2957643";"PIAZZATO";"sell limit";"0.01";"XAUUSD";"4124.18";"2957643"
"VMI3047753";"215D85D7";"20260731";"01:05:00";"50503392";"2957644";"PIAZZATO";"sell limit";"0.01";"XAUUSD";"4122.14";"2957644"
"VMI3047753";"215D85D7";"20260731";"03:06:01";"50503392";"";"FALLITO";"market buy 0.3 D30EUR sl: 25670.86 tp: 25824.29 [Invalid stops]";"";"";"";""
"VMI3047753";"215D85D7";"20260731";"03:06:01";"50503392";"";"FALLITO";"market buy 0.3 D30EUR sl: 25670.86 tp: 25773.14 [Invalid stops]";"";"";"";""
"VMI3047753";"215D85D7";"20260731";"03:06:01";"50503392";"";"FALLITO";"market buy 0.4 D30EUR sl: 25670.86 tp: 25732.70 [Invalid stops]";"";"";"";""
"VMI3047753";"215D85D7";"20260731";"04:44:59";"50503392";"2620056";"ESEGUITO";"sell";"0.01";"XAUUSD";"4075.45";"2957063"
"VMI3047753";"215D85D7";"20260731";"05:00:00";"50503392";"2958388";"PIAZZATO";"sell";"0.01";"XAUUSD";"4075.88";"2958388"
"VMI3047753";"215D85D7";"20260731";"05:00:00";"50503392";"";"FALLITO";"sell stop 0.01 XAUUSD at 4075.68 sl: 4120.43 tp: 3986.58 [Invalid price]";"";"";"";""
"VMI3047753";"215D85D7";"20260731";"05:00:00";"50503392";"2958389";"PIAZZATO";"buy stop";"0.2";"U30USD";"52414.70";"2958389"
"VMI3047753";"215D85D7";"20260731";"05:00:00";"50503392";"2620088";"ESEGUITO";"buy";"0.1";"U30USD";"52414.50";"2958387"
"VMI3047753";"215D85D7";"20260731";"05:00:00";"50503392";"2958387";"PIAZZATO";"buy";"0.1";"U30USD";"52414.50";"2958387"
"VMI3047753";"215D85D7";"20260731";"05:00:00";"50503392";"2620089";"ESEGUITO";"sell";"0.01";"XAUUSD";"4075.88";"2958388"
"VMI3047753";"215D85D7";"20260731";"05:00:14";"50503392";"2620095";"ESEGUITO";"buy";"0.2";"U30USD";"52414.70";"2958389"
"VMI3047753";"215D85D7";"20260731";"05:27:01";"50503392";"";"FALLITO";"market buy 0.3 D30EUR sl: 25658.63 tp: 25780.04 [Invalid stops]";"";"";"";""
"VMI3047753";"215D85D7";"20260731";"05:27:01";"50503392";"";"FALLITO";"market buy 0.3 D30EUR sl: 25658.63 tp: 25726.20 [Invalid stops]";"";"";"";""
"VMI3047753";"215D85D7";"20260731";"05:27:01";"50503392";"";"FALLITO";"market buy 0.5 D30EUR sl: 25658.63 tp: 25707.80 [Invalid stops]";"";"";"";""
"VMI3047753";"215D85D7";"20260731";"06:00:00";"50503392";"2958448";"PIAZZATO";"buy limit";"0.5";"EURUSD";"1.15062";"2958448"
"VMI3047753";"215D85D7";"20260731";"06:00:00";"50503392";"2958447";"PIAZZATO";"sell limit";"0.5";"EURUSD";"1.15312";"2958447"
"VMI3047753";"215D85D7";"20260731";"06:42:04";"50503392";"2620271";"ESEGUITO";"buy";"0.5";"EURUSD";"1.15062";"2958448"
"VMI3047753";"215D85D7";"20260731";"08:00:00";"50503392";"2958447";"ANNULLATO";"sell limit";"0.5";"EURUSD";"";"2958447"
"VMI3047753";"215D85D7";"20260731";"08:01:21";"50503392";"2621328";"ESEGUITO";"sell";"0.1";"D30EUR";"25743.20";"2959653"
"VMI3047753";"215D85D7";"20260731";"08:26:11";"50503392";"2621491";"ESEGUITO";"sell";"0.5";"EURUSD";"1.15187";"2959823"
"VMI3047753";"215D85D7";"20260731";"08:59:00";"50503392";"2960150";"PIAZZATO";"sell stop";"1.6";"EURUSD";"1.14062";"2960150"
"VMI3047753";"215D85D7";"20260731";"08:59:00";"50503392";"2960149";"PIAZZATO";"buy stop";"1.6";"EURUSD";"1.16312";"2960149"
"VMI3047753";"215D85D7";"20260731";"09:00:00";"50503392";"2960164";"PIAZZATO";"sell stop";"2.3";"D30EUR";"25686.70";"2960164"
"VMI3047753";"215D85D7";"20260731";"09:00:00";"50503392";"2960165";"PIAZZATO";"sell stop";"1.1";"D30EUR";"25685.70";"2960165"
"VMI3047753";"215D85D7";"20260731";"09:00:00";"50503392";"2960162";"PIAZZATO";"buy stop";"2.3";"D30EUR";"25731.20";"2960162"
"VMI3047753";"215D85D7";"20260731";"09:00:00";"50503392";"2960163";"PIAZZATO";"buy stop";"1.1";"D30EUR";"25732.20";"2960163"
"VMI3047753";"215D85D7";"20260731";"09:00:27";"50503392";"2960164";"ANNULLATO";"sell stop";"2.3";"D30EUR";"";"2960164"
"VMI3047753";"215D85D7";"20260731";"09:00:27";"50503392";"2621812";"ESEGUITO";"buy";"1.1";"D30EUR";"25732.20";"2960163"
"VMI3047753";"215D85D7";"20260731";"09:00:27";"50503392";"2621809";"ESEGUITO";"buy";"2.3";"D30EUR";"25731.20";"2960162"
"VMI3047753";"215D85D7";"20260731";"09:08:03";"50503392";"2960304";"PIAZZATO";"sell";"1.1";"D30EUR";"25762.80";"2960304"
"VMI3047753";"215D85D7";"20260731";"09:08:03";"50503392";"2621919";"ESEGUITO";"sell";"1.1";"D30EUR";"25762.80";"2960304"
"VMI3047753";"215D85D7";"20260731";"09:09:00";"50503392";"";"FALLITO";"market buy 0.1 D30EUR sl: 25668.11 tp: 26103.27 [Invalid stops]";"";"";"";""
"VMI3047753";"215D85D7";"20260731";"09:09:00";"50503392";"";"FALLITO";"market buy 0.1 D30EUR sl: 25668.11 tp: 25994.48 [Invalid stops]";"";"";"";""
"VMI3047753";"215D85D7";"20260731";"09:09:00";"50503392";"";"FALLITO";"market buy 0.1 D30EUR sl: 25668.11 tp: 25885.69 [Invalid stops]";"";"";"";""
"VMI3047753";"215D85D7";"20260731";"09:11:27";"50503392";"2960367";"PIAZZATO";"sell";"0.5";"D30EUR";"25792.60";"2960367"
"VMI3047753";"215D85D7";"20260731";"09:11:27";"50503392";"2960165";"ANNULLATO";"sell stop";"1.1";"D30EUR";"";"2960165"
"VMI3047753";"215D85D7";"20260731";"09:11:27";"50503392";"2621980";"ESEGUITO";"sell";"1.2";"D30EUR";"25792.60";"2960366"
"VMI3047753";"215D85D7";"20260731";"09:11:27";"50503392";"2621981";"ESEGUITO";"sell";"0.5";"D30EUR";"25792.60";"2960367"
"VMI3047753";"215D85D7";"20260731";"09:11:48";"50503392";"2621987";"ESEGUITO";"sell";"0.6";"D30EUR";"25792.60";"2960375"
"VMI3047753";"215D85D7";"20260731";"09:12:50";"50503392";"2960389";"PIAZZATO";"sell";"0.1";"U30USD";"52523.50";"2960389"
"VMI3047753";"215D85D7";"20260731";"09:12:50";"50503392";"2622000";"ESEGUITO";"sell";"0.1";"U30USD";"52523.50";"2960389"
"VMI3047753";"215D85D7";"20260731";"09:15:00";"50503392";"2960445";"PIAZZATO";"sell stop";"0.8";"D30EUR";"25692.80";"2960445"
"VMI3047753";"215D85D7";"20260731";"09:15:00";"50503392";"2960444";"PIAZZATO";"buy stop";"0.3";"D30EUR";"25829.90";"2960444"
"VMI3047753";"215D85D7";"20260731";"09:15:00";"50503392";"2960443";"PIAZZATO";"buy stop";"0.8";"D30EUR";"25824.90";"2960443"
"VMI3047753";"215D85D7";"20260731";"09:19:10";"50503392";"2622129";"ESEGUITO";"buy";"0.8";"D30EUR";"25823.10";"2960448"
"VMI3047753";"215D85D7";"20260731";"09:19:11";"50503392";"2960445";"ANNULLATO";"sell stop";"0.8";"D30EUR";"";"2960445"
"VMI3047753";"215D85D7";"20260731";"09:19:11";"50503392";"2622130";"ESEGUITO";"buy";"0.8";"D30EUR";"25824.90";"2960443"
"VMI3047753";"215D85D7";"20260731";"09:19:31";"50503392";"2622140";"ESEGUITO";"buy";"0.3";"D30EUR";"25829.90";"2960444"
"VMI3047753";"215D85D7";"20260731";"09:20:11";"50503392";"2622211";"ESEGUITO";"sell";"0.3";"D30EUR";"25836.10";"2960624"
"VMI3047753";"215D85D7";"20260731";"09:20:11";"50503392";"2622210";"ESEGUITO";"sell";"0.8";"D30EUR";"25836.10";"2960623"
"VMI3047753";"215D85D7";"20260731";"09:20:14";"50503392";"2622213";"ESEGUITO";"sell";"0.8";"D30EUR";"25832.30";"2960628"
"VMI3047753";"215D85D7";"20260731";"09:30:01";"50503392";"2960149";"ANNULLATO";"buy stop";"1.6";"EURUSD";"";"2960149"
"VMI3047753";"215D85D7";"20260731";"09:30:01";"50503392";"2960150";"ANNULLATO";"sell stop";"1.6";"EURUSD";"";"2960150"
"VMI3047753";"215D85D7";"20260731";"14:35:48";"50503392";"2625705";"ESEGUITO";"sell";"0.1";"U30USD";"52414.70";"2964331"
"VMI3047753";"215D85D7";"20260731";"15:30:00";"50503392";"2965051";"PIAZZATO";"buy stop";"1.2";"NASUSD";"28471.00";"2965051"
"VMI3047753";"215D85D7";"20260731";"15:30:00";"50503392";"2965053";"PIAZZATO";"sell stop";"2.3";"NASUSD";"28421.00";"2965053"
"VMI3047753";"215D85D7";"20260731";"15:30:00";"50503392";"2965054";"PIAZZATO";"sell stop";"1.2";"NASUSD";"28418.00";"2965054"
"VMI3047753";"215D85D7";"20260731";"15:30:00";"50503392";"2965050";"PIAZZATO";"buy stop";"2.3";"NASUSD";"28468.00";"2965050"
"VMI3047753";"215D85D7";"20260731";"15:30:00";"50503392";"";"FALLITO";"buy stop 0.4 NASUSD at 28435.70 sl: 28308.50 tp: 28817.30 [Invalid price]";"";"";"";""
"VMI3047753";"215D85D7";"20260731";"15:30:00";"50503392";"";"FALLITO";"buy stop 0.8 NASUSD at 28436.20 sl: 28307.00 tp: 28823.80 [Invalid price]";"";"";"";""
"VMI3047753";"215D85D7";"20260731";"15:30:00";"50503392";"2965049";"PIAZZATO";"sell stop";"0.8";"NASUSD";"28307.00";"2965049"
"VMI3047753";"215D85D7";"20260731";"15:30:22";"50503392";"2965053";"ANNULLATO";"sell stop";"2.3";"NASUSD";"";"2965053"
"VMI3047753";"215D85D7";"20260731";"15:30:22";"50503392";"2626403";"ESEGUITO";"buy";"2.3";"NASUSD";"28468.00";"2965050"
"VMI3047753";"215D85D7";"20260731";"15:30:24";"50503392";"2626409";"ESEGUITO";"buy";"1.2";"NASUSD";"28471.00";"2965051"
"VMI3047753";"215D85D7";"20260731";"15:32:02";"50503392";"2965122";"PIAZZATO";"sell";"1.1";"NASUSD";"28515.00";"2965122"
"VMI3047753";"215D85D7";"20260731";"15:32:02";"50503392";"2626463";"ESEGUITO";"sell";"1.1";"NASUSD";"28515.00";"2965122"
"VMI3047753";"215D85D7";"20260731";"15:33:06";"50503392";"2626501";"ESEGUITO";"sell";"1.2";"NASUSD";"28557.00";"2965157"
"VMI3047753";"215D85D7";"20260731";"15:35:00";"50503392";"";"FALLITO";"modify #2965050 buy 1.2 NASUSD sl: 28540.00, tp: 28609.00 -> sl: 28561.00, tp: 28609.00 [Invalid stops]";"";"";"";""
"VMI3047753";"215D85D7";"20260731";"15:35:00";"50503392";"";"FALLITO";"modify #2965050 buy 1.2 NASUSD sl: 28540.00, tp: 28609.00 -> sl: 28561.00, tp: 28609.00 [Invalid stops]";"";"";"";""
"VMI3047753";"215D85D7";"20260731";"15:35:00";"50503392";"";"FALLITO";"modify #2965050 buy 1.2 NASUSD sl: 28540.00, tp: 28609.00 -> sl: 28561.00, tp: 28609.00 [Invalid stops]";"";"";"";""
"VMI3047753";"215D85D7";"20260731";"15:35:00";"50503392";"";"FALLITO";"modify #2965050 buy 1.2 NASUSD sl: 28540.00, tp: 28609.00 -> sl: 28561.00, tp: 28609.00 [Invalid stops]";"";"";"";""
"VMI3047753";"215D85D7";"20260731";"15:35:01";"50503392";"2626564";"ESEGUITO";"sell";"1.2";"NASUSD";"28561.00";"2965224"
"VMI3047753";"215D85D7";"20260731";"15:39:42";"50503392";"2626818";"ESEGUITO";"sell";"0.1";"U30USD";"52358.80";"2965470"
"VMI3047753";"215D85D7";"20260731";"15:40:19";"50503392";"2626871";"ESEGUITO";"sell";"1.2";"NASUSD";"28418.00";"2965054"
"VMI3047753";"215D85D7";"20260731";"15:43:28";"50503392";"";"FALLITO";"market buy 0.5 NASUSD [Position doesn't exist]";"";"";"";""
"VMI3047753";"215D85D7";"20260731";"15:43:28";"50503392";"2626960";"ESEGUITO";"buy";"1.2";"NASUSD";"28332.00";"2965613"
"VMI3047753";"215D85D7";"20260731";"15:44:46";"50503392";"2626995";"ESEGUITO";"sell";"0.8";"NASUSD";"28307.00";"2965049"
"VMI3047753";"215D85D7";"20260731";"15:44:58";"50503392";"2965655";"PIAZZATO";"buy";"0.4";"NASUSD";"28298.60";"2965655"
"VMI3047753";"215D85D7";"20260731";"15:44:58";"50503392";"2626999";"ESEGUITO";"buy";"0.4";"NASUSD";"28298.60";"2965655"
"VMI3047753";"215D85D7";"20260731";"15:45:02";"50503392";"2627005";"ESEGUITO";"buy";"0.4";"NASUSD";"28307.00";"2965661"
"VMI3047753";"215D85D7";"20260731";"16:45:00";"50503392";"2966614";"PIAZZATO";"buy";"0.1";"D30EUR";"25662.80";"2966614"
"VMI3047753";"215D85D7";"20260731";"16:45:00";"50503392";"2627904";"ESEGUITO";"buy";"0.1";"D30EUR";"25662.80";"2966615"
"VMI3047753";"215D85D7";"20260731";"16:45:00";"50503392";"2966615";"PIAZZATO";"buy";"0.1";"D30EUR";"25662.80";"2966615"
"VMI3047753";"215D85D7";"20260731";"16:45:00";"50503392";"2627902";"ESEGUITO";"buy";"0.2";"D30EUR";"25662.80";"2966613"
"VMI3047753";"215D85D7";"20260731";"16:45:00";"50503392";"2966613";"PIAZZATO";"buy";"0.2";"D30EUR";"25662.80";"2966613"
"VMI3047753";"215D85D7";"20260731";"16:45:00";"50503392";"2627903";"ESEGUITO";"buy";"0.1";"D30EUR";"25662.80";"2966614"
"VMI3047753";"215D85D7";"20260731";"16:58:41";"50503392";"2628064";"ESEGUITO";"sell";"0.2";"D30EUR";"25687.30";"2966772"
"VMI3047753";"215D85D7";"20260731";"17:18:37";"50503392";"2628286";"ESEGUITO";"sell";"0.1";"D30EUR";"25662.80";"2966998"
"VMI3047753";"215D85D7";"20260731";"17:18:37";"50503392";"2628285";"ESEGUITO";"sell";"0.1";"D30EUR";"25662.80";"2966997"
"VMI3047753";"215D85D7";"20260731";"19:00:00";"50503392";"2628829";"ESEGUITO";"buy";"0.1";"NASUSD";"28244.40";"2967539"
"VMI3047753";"215D85D7";"20260731";"19:00:00";"50503392";"2967539";"PIAZZATO";"buy";"0.1";"NASUSD";"28244.40";"2967539"
"VMI3047753";"215D85D7";"20260731";"19:00:00";"50503392";"";"FALLITO";"buy stop 0.2 NASUSD at 28244.60 sl: 27957.40 tp: 29105.60 [Invalid price]";"";"";"";""
"VMI3047753";"215D85D7";"20260731";"19:00:00";"50503392";"2628828";"ESEGUITO";"buy";"0.1";"NASUSD";"28244.40";"2967537"
"VMI3047753";"215D85D7";"20260731";"19:00:00";"50503392";"2967537";"PIAZZATO";"buy";"0.1";"NASUSD";"28244.40";"2967537"
"VMI3047753";"215D85D7";"20260731";"19:00:00";"50503392";"";"FALLITO";"buy stop 0.2 NASUSD at 28244.60 sl: 27957.40 tp: 28962.10 [Invalid price]";"";"";"";""
"VMI3047753";"215D85D7";"20260731";"19:12:00";"50503392";"";"FALLITO";"market buy 0.3 D30EUR sl: 25652.34 tp: 25758.40 [Invalid stops]";"";"";"";""
"VMI3047753";"215D85D7";"20260731";"19:12:00";"50503392";"";"FALLITO";"market buy 0.3 D30EUR sl: 25652.34 tp: 25732.00 [Invalid stops]";"";"";"";""
"VMI3047753";"215D85D7";"20260731";"19:12:00";"50503392";"";"FALLITO";"market buy 0.4 D30EUR sl: 25652.34 tp: 25708.50 [Invalid stops]";"";"";"";""
"VMI3047753";"215D85D7";"20260803";"00:09:00";"50503392";"";"FALLITO";"market buy 0.1 D30EUR sl: 25744.89 tp: 26067.73 [Invalid stops]";"";"";"";""
"VMI3047753";"215D85D7";"20260803";"00:09:00";"50503392";"";"FALLITO";"market buy 0.1 D30EUR sl: 25744.89 tp: 25960.11 [Invalid stops]";"";"";"";""
"VMI3047753";"215D85D7";"20260803";"00:09:00";"50503392";"";"FALLITO";"market buy 0.2 D30EUR sl: 25744.89 tp: 25879.90 [Invalid stops]";"";"";"";""
"VMI3047753";"215D85D7";"20260803";"01:51:00";"50503392";"2970552";"PIAZZATO";"buy limit";"0.5";"200AUD";"8813.50";"2970552"
"VMI3047753";"215D85D7";"20260803";"01:51:00";"50503392";"2970551";"PIAZZATO";"buy limit";"0.3";"200AUD";"8838.30";"2970551"
"VMI3047753";"215D85D7";"20260803";"04:21:00";"50503392";"";"FALLITO";"market buy 0.3 D30EUR sl: 25819.32 tp: 26008.04 [Invalid stops]";"";"";"";""
"VMI3047753";"215D85D7";"20260803";"04:21:00";"50503392";"";"FALLITO";"market buy 0.3 D30EUR sl: 25819.32 tp: 25960.86 [Invalid stops]";"";"";"";""
"VMI3047753";"215D85D7";"20260803";"04:21:00";"50503392";"";"FALLITO";"market buy 0.4 D30EUR sl: 25819.32 tp: 25913.68 [Invalid stops]";"";"";"";""
"VMI3047753";"215D85D7";"20260803";"06:00:00";"50503392";"2971846";"PIAZZATO";"buy limit";"0.42";"EURUSD";"1.15268";"2971846"
"VMI3047753";"215D85D7";"20260803";"06:00:00";"50503392";"2971845";"PIAZZATO";"sell limit";"0.42";"EURUSD";"1.15587";"2971845"
"VMI3047753";"215D85D7";"20260803";"08:00:00";"50503392";"2971845";"ANNULLATO";"sell limit";"0.42";"EURUSD";"";"2971845"
"VMI3047753";"215D85D7";"20260803";"08:00:00";"50503392";"2971846";"ANNULLATO";"buy limit";"0.42";"EURUSD";"";"2971846"
"VMI3047753";"215D85D7";"20260803";"08:01:00";"50503392";"2633780";"ESEGUITO";"sell";"0.1";"F40EUR";"8566.20";"2972154"
"VMI3047753";"215D85D7";"20260803";"08:01:00";"50503392";"2972154";"PIAZZATO";"sell";"0.1";"F40EUR";"8566.20";"2972154"
"VMI3047753";"215D85D7";"20260803";"08:01:00";"50503392";"2633779";"ESEGUITO";"sell";"0.2";"F40EUR";"8565.50";"2972153"
"VMI3047753";"215D85D7";"20260803";"08:01:00";"50503392";"2972153";"PIAZZATO";"sell";"0.2";"F40EUR";"8565.50";"2972153"
"VMI3047753";"215D85D7";"20260803";"08:59:00";"50503392";"2972542";"PIAZZATO";"sell stop";"2.29";"EURUSD";"1.14268";"2972542"
"VMI3047753";"215D85D7";"20260803";"08:59:00";"50503392";"2972541";"PIAZZATO";"buy stop";"2.29";"EURUSD";"1.16587";"2972541"
"VMI3047753";"215D85D7";"20260803";"09:00:00";"50503392";"2972557";"PIAZZATO";"sell stop";"1.3";"D30EUR";"25857.60";"2972557"
"VMI3047753";"215D85D7";"20260803";"09:00:00";"50503392";"2972558";"PIAZZATO";"sell stop";"2.7";"D30EUR";"25858.60";"2972558"
"VMI3047753";"215D85D7";"20260803";"09:00:00";"50503392";"2972555";"PIAZZATO";"buy stop";"1.3";"D30EUR";"25901.00";"2972555"
"VMI3047753";"215D85D7";"20260803";"09:00:00";"50503392";"2972556";"PIAZZATO";"buy stop";"2.7";"D30EUR";"25900.00";"2972556"
"VMI3047753";"215D85D7";"20260803";"09:00:22";"50503392";"2634127";"ESEGUITO";"buy";"2.7";"D30EUR";"25900.00";"2972556"
"VMI3047753";"215D85D7";"20260803";"09:00:23";"50503392";"2972557";"ANNULLATO";"sell stop";"1.3";"D30EUR";"";"2972557"
"VMI3047753";"215D85D7";"20260803";"09:00:23";"50503392";"2634129";"ESEGUITO";"buy";"1.3";"D30EUR";"25901.00";"2972555"
"VMI3047753";"215D85D7";"20260803";"09:00:23";"50503392";"2972558";"ANNULLATO";"sell stop";"2.7";"D30EUR";"";"2972558"
"VMI3047753";"215D85D7";"20260803";"09:01:42";"50503392";"2634161";"ESEGUITO";"sell";"2.7";"D30EUR";"25858.60";"2972602"
"VMI3047753";"215D85D7";"20260803";"09:01:42";"50503392";"2634160";"ESEGUITO";"sell";"1.3";"D30EUR";"25858.60";"2972601"
"VMI3047753";"215D85D7";"20260803";"09:09:00";"50503392";"";"FALLITO";"market buy 0.2 D30EUR sl: 25843.64 tp: 26035.52 [Invalid stops]";"";"";"";""
"VMI3047753";"215D85D7";"20260803";"09:09:00";"50503392";"";"FALLITO";"market buy 0.2 D30EUR sl: 25843.64 tp: 25971.56 [Invalid stops]";"";"";"";""
"VMI3047753";"215D85D7";"20260803";"09:09:00";"50503392";"";"FALLITO";"market buy 0.3 D30EUR sl: 25843.64 tp: 25921.80 [Invalid stops]";"";"";"";""
"VMI3047753";"215D85D7";"20260803";"09:15:00";"50503392";"2972842";"PIAZZATO";"sell stop";"1.2";"D30EUR";"25839.80";"2972842"
"VMI3047753";"215D85D7";"20260803";"09:15:00";"50503392";"2972845";"PIAZZATO";"sell stop";"1.2";"D30EUR";"25839.80";"2972845"
"VMI3047753";"215D85D7";"20260803";"09:15:00";"50503392";"2972841";"PIAZZATO";"buy stop";"1.2";"D30EUR";"25932.50";"2972841"
"VMI3047753";"215D85D7";"20260803";"09:15:00";"50503392";"2972839";"PIAZZATO";"buy stop";"1.2";"D30EUR";"25932.50";"2972839"
"VMI3047753";"215D85D7";"20260803";"09:15:00";"50503392";"2972840";"PIAZZATO";"buy stop";"0.5";"D30EUR";"25937.50";"2972840"
"VMI3047753";"215D85D7";"20260803";"09:15:29";"50503392";"2972842";"ANNULLATO";"sell stop";"1.2";"D30EUR";"";"2972842"
"VMI3047753";"215D85D7";"20260803";"09:15:29";"50503392";"2972845";"ANNULLATO";"sell stop";"1.2";"D30EUR";"";"2972845"
"VMI3047753";"215D85D7";"20260803";"09:15:29";"50503392";"2634401";"ESEGUITO";"buy";"1.2";"D30EUR";"25932.50";"2972839"
"VMI3047753";"215D85D7";"20260803";"09:15:29";"50503392";"2634402";"ESEGUITO";"buy";"1.2";"D30EUR";"25932.50";"2972841"
"VMI3047753";"215D85D7";"20260803";"09:15:34";"50503392";"2634406";"ESEGUITO";"buy";"0.5";"D30EUR";"25937.50";"2972840"
"VMI3047753";"215D85D7";"20260803";"09:16:08";"50503392";"2634418";"ESEGUITO";"sell";"1.2";"D30EUR";"25944.80";"2972875"
"VMI3047753";"215D85D7";"20260803";"09:16:08";"50503392";"2634417";"ESEGUITO";"sell";"0.5";"D30EUR";"25944.80";"2972874"
"VMI3047753";"215D85D7";"20260803";"09:16:08";"50503392";"2634416";"ESEGUITO";"sell";"1.2";"D30EUR";"25944.80";"2972873"
"VMI3047753";"215D85D7";"20260803";"09:30:00";"50503392";"2972541";"ANNULLATO";"buy stop";"2.29";"EURUSD";"";"2972541"
"VMI3047753";"215D85D7";"20260803";"09:30:00";"50503392";"2972542";"ANNULLATO";"sell stop";"2.29";"EURUSD";"";"2972542"
"VMI3047753";"215D85D7";"20260803";"15:00:00";"50503392";"";"FALLITO";"market buy 0.2 D30EUR sl: 25942.29 tp: 26132.82 [Invalid stops]";"";"";"";""
"VMI3047753";"215D85D7";"20260803";"15:00:00";"50503392";"";"FALLITO";"market buy 0.2 D30EUR sl: 25942.29 tp: 26069.31 [Invalid stops]";"";"";"";""
"VMI3047753";"215D85D7";"20260803";"15:00:00";"50503392";"";"FALLITO";"market buy 0.3 D30EUR sl: 25942.29 tp: 26028.40 [Invalid stops]";"";"";"";""
"VMI3047753";"215D85D7";"20260803";"15:30:00";"50503392";"2978262";"PIAZZATO";"buy stop";"0.5";"NASUSD";"28372.00";"2978262"
"VMI3047753";"215D85D7";"20260803";"15:30:00";"50503392";"2978263";"PIAZZATO";"sell stop";"0.9";"NASUSD";"28259.10";"2978263"
"VMI3047753";"215D85D7";"20260803";"15:30:00";"50503392";"2978261";"PIAZZATO";"buy stop";"0.9";"NASUSD";"28372.50";"2978261"
"VMI3047753";"215D85D7";"20260803";"15:30:00";"50503392";"2978257";"PIAZZATO";"buy stop";"0.7";"NASUSD";"28355.00";"2978257"
"VMI3047753";"215D85D7";"20260803";"15:30:00";"50503392";"2978260";"PIAZZATO";"sell stop";"0.7";"NASUSD";"28265.60";"2978260"
"VMI3047753";"215D85D7";"20260803";"15:30:45";"50503392";"2639618";"ESEGUITO";"sell";"0.7";"NASUSD";"28265.60";"2978260"
"VMI3047753";"215D85D7";"20260803";"15:30:47";"50503392";"2978261";"ANNULLATO";"buy stop";"0.9";"NASUSD";"";"2978261"
"VMI3047753";"215D85D7";"20260803";"15:30:47";"50503392";"2639621";"ESEGUITO";"sell";"0.9";"NASUSD";"28259.10";"2978263"
"VMI3047753";"215D85D7";"20260803";"15:30:59";"50503392";"2978257";"ANNULLATO";"buy stop";"0.7";"NASUSD";"";"2978257"
"VMI3047753";"215D85D7";"20260803";"15:30:59";"50503392";"2639635";"ESEGUITO";"sell";"0.1";"NASUSD";"28234.70";"2978314"
"VMI3047753";"215D85D7";"20260803";"15:30:59";"50503392";"2639634";"ESEGUITO";"sell";"0.1";"NASUSD";"28234.70";"2978313"
"VMI3047753";"215D85D7";"20260803";"15:32:09";"50503392";"2978366";"PIAZZATO";"buy";"0.4";"NASUSD";"28199.70";"2978366"
"VMI3047753";"215D85D7";"20260803";"15:32:09";"50503392";"2639694";"ESEGUITO";"buy";"0.4";"NASUSD";"28199.70";"2978366"
"VMI3047753";"215D85D7";"20260803";"15:34:01";"50503392";"2639746";"ESEGUITO";"buy";"0.5";"NASUSD";"28240.80";"2978420"
"VMI3047753";"215D85D7";"20260803";"15:35:37";"50503392";"2639868";"ESEGUITO";"buy";"0.7";"NASUSD";"28320.70";"2978543"
"VMI3047753";"215D85D7";"20260803";"15:36:50";"50503392";"2639903";"ESEGUITO";"buy";"0.5";"NASUSD";"28372.00";"2978262"
"VMI3047753";"215D85D7";"20260803";"15:57:56";"50503392";"2989907";"PIAZZATO";"sell";"0.2";"NASUSD";"28462.80";"2989907"
"VMI3047753";"215D85D7";"20260803";"15:57:56";"50503392";"2640385";"ESEGUITO";"sell";"0.2";"NASUSD";"28462.80";"2989907"
"VMI3047753";"215D85D7";"20260803";"16:00:20";"50503392";"2640420";"ESEGUITO";"sell";"0.3";"NASUSD";"28469.10";"2990831"
"VMI3047753";"215D85D7";"20260803";"19:39:00";"50503392";"";"FALLITO";"market buy 0.6 D30EUR sl: 26016.41 tp: 26103.30 [Invalid stops]";"";"";"";""
"VMI3047753";"215D85D7";"20260803";"19:39:00";"50503392";"";"FALLITO";"market buy 0.6 D30EUR sl: 26016.41 tp: 26080.40 [Invalid stops]";"";"";"";""
"VMI3047753";"215D85D7";"20260803";"19:39:00";"50503392";"";"FALLITO";"market buy 0.8 D30EUR sl: 26016.41 tp: 26056.00 [Invalid stops]";"";"";"";""
"VMI3047753";"215D85D7";"20260804";"03:33:00";"50503392";"";"FALLITO";"market buy 0.4 D30EUR sl: 26069.26 tp: 26178.88 [Invalid stops]";"";"";"";""
"VMI3047753";"215D85D7";"20260804";"03:33:00";"50503392";"";"FALLITO";"market buy 0.4 D30EUR sl: 26069.26 tp: 26142.34 [Invalid stops]";"";"";"";""
"VMI3047753";"215D85D7";"20260804";"03:33:00";"50503392";"";"FALLITO";"market buy 0.6 D30EUR sl: 26069.26 tp: 26115.90 [Invalid stops]";"";"";"";""
"VMI3047753";"215D85D7";"20260804";"06:00:00";"50503392";"3064314";"PIAZZATO";"buy limit";"0.79";"EURUSD";"1.15021";"3064314"
"VMI3047753";"215D85D7";"20260804";"06:00:00";"50503392";"3064312";"PIAZZATO";"sell limit";"0.79";"EURUSD";"1.15149";"3064312"
"VMI3047753";"215D85D7";"20260804";"07:42:02";"50503392";"";"FALLITO";"market buy 0.4 D30EUR sl: 26090.03 tp: 26198.24 [Invalid stops]";"";"";"";""
"VMI3047753";"215D85D7";"20260804";"07:42:02";"50503392";"";"FALLITO";"market buy 0.4 D30EUR sl: 26090.03 tp: 26162.17 [Invalid stops]";"";"";"";""
"VMI3047753";"215D85D7";"20260804";"07:42:02";"50503392";"";"FALLITO";"market buy 0.6 D30EUR sl: 26090.03 tp: 26143.50 [Invalid stops]";"";"";"";""
"VMI3047753";"215D85D7";"20260804";"08:59:00";"50503392";"3065267";"PIAZZATO";"sell stop";"2.45";"EURUSD";"1.14021";"3065267"
"VMI3047753";"215D85D7";"20260804";"08:59:00";"50503392";"3065266";"PIAZZATO";"buy stop";"2.45";"EURUSD";"1.16149";"3065266"
"VMI3047753";"215D85D7";"20260804";"09:00:00";"50503392";"3065289";"PIAZZATO";"sell stop";"1.8";"D30EUR";"26124.10";"3065289"
"VMI3047753";"215D85D7";"20260804";"09:00:00";"50503392";"3065290";"PIAZZATO";"sell stop";"3.8";"D30EUR";"26125.10";"3065290"
"VMI3047753";"215D85D7";"20260804";"09:00:00";"50503392";"3065287";"PIAZZATO";"buy stop";"1.8";"D30EUR";"26155.20";"3065287"
"VMI3047753";"215D85D7";"20260804";"09:00:00";"50503392";"3065288";"PIAZZATO";"buy stop";"3.8";"D30EUR";"26154.20";"3065288"
"VMI3047753";"215D85D7";"20260804";"09:00:01";"50503392";"3065287";"ANNULLATO";"buy stop";"1.8";"D30EUR";"";"3065287"
"VMI3047753";"215D85D7";"20260804";"09:00:01";"50503392";"2645253";"ESEGUITO";"sell";"3.8";"D30EUR";"26125.10";"3065290"
"VMI3047753";"215D85D7";"20260804";"09:00:01";"50503392";"2645252";"ESEGUITO";"sell";"1.8";"D30EUR";"26124.10";"3065289"
"VMI3047753";"215D85D7";"20260804";"09:01:02";"50503392";"2645286";"ESEGUITO";"buy";"3.8";"D30EUR";"26154.20";"3065288"
"VMI3047753";"215D85D7";"20260804";"09:01:02";"50503392";"2645285";"ESEGUITO";"buy";"3.8";"D30EUR";"26154.20";"3065321"
"VMI3047753";"215D85D7";"20260804";"09:01:02";"50503392";"2645284";"ESEGUITO";"buy";"1.8";"D30EUR";"26154.20";"3065320"
"VMI3047753";"215D85D7";"20260804";"09:02:07";"50503392";"3065362";"PIAZZATO";"sell";"1.8";"D30EUR";"26184.00";"3065362"
"VMI3047753";"215D85D7";"20260804";"09:02:07";"50503392";"2645331";"ESEGUITO";"sell";"1.8";"D30EUR";"26184.00";"3065362"
"VMI3047753";"215D85D7";"20260804";"09:03:20";"50503392";"2645350";"ESEGUITO";"sell";"2";"D30EUR";"26176.10";"3065380"
"VMI3047753";"215D85D7";"20260804";"09:15:00";"50503392";"3065548";"PIAZZATO";"sell stop";"0.9";"D30EUR";"26113.40";"3065548"
"VMI3047753";"215D85D7";"20260804";"09:15:00";"50503392";"3065549";"PIAZZATO";"sell stop";"0.9";"D30EUR";"26113.40";"3065549"
"VMI3047753";"215D85D7";"20260804";"09:15:00";"50503392";"3065547";"PIAZZATO";"buy stop";"0.4";"D30EUR";"26237.40";"3065547"
"VMI3047753";"215D85D7";"20260804";"09:15:00";"50503392";"3065545";"PIAZZATO";"buy stop";"0.9";"D30EUR";"26232.40";"3065545"
"VMI3047753";"215D85D7";"20260804";"09:15:00";"50503392";"3065546";"PIAZZATO";"buy stop";"0.9";"D30EUR";"26232.40";"3065546"
"VMI3047753";"215D85D7";"20260804";"09:15:24";"50503392";"2645505";"ESEGUITO";"buy";"0.9";"D30EUR";"26232.40";"3065546"
"VMI3047753";"215D85D7";"20260804";"09:15:24";"50503392";"2645504";"ESEGUITO";"buy";"0.9";"D30EUR";"26232.40";"3065545"
"VMI3047753";"215D85D7";"20260804";"09:15:25";"50503392";"3065549";"ANNULLATO";"sell stop";"0.9";"D30EUR";"";"3065549"
"VMI3047753";"215D85D7";"20260804";"09:15:25";"50503392";"3065548";"ANNULLATO";"sell stop";"0.9";"D30EUR";"";"3065548"
"VMI3047753";"215D85D7";"20260804";"09:16:03";"50503392";"2645520";"ESEGUITO";"buy";"0.4";"D30EUR";"26237.40";"3065547"
"VMI3047753";"215D85D7";"20260804";"09:16:09";"50503392";"2645522";"ESEGUITO";"sell";"0.9";"D30EUR";"26234.30";"3065568"
"VMI3047753";"215D85D7";"20260804";"09:16:09";"50503392";"2645521";"ESEGUITO";"sell";"0.9";"D30EUR";"26234.30";"3065567"
"VMI3047753";"215D85D7";"20260804";"09:28:57";"50503392";"2645727";"ESEGUITO";"sell";"0.4";"D30EUR";"26239.90";"3065775"
"VMI3047753";"215D85D7";"20260804";"09:30:01";"50503392";"3065266";"ANNULLATO";"buy stop";"2.45";"EURUSD";"";"3065266"
"VMI3047753";"215D85D7";"20260804";"09:30:01";"50503392";"3065267";"ANNULLATO";"sell stop";"2.45";"EURUSD";"";"3065267"
"VMI3047753";"215D85D7";"20260804";"12:48:00";"50503392";"";"FALLITO";"market buy 0.1 D30EUR sl: 26085.45 tp: 26339.09 [Invalid stops]";"";"";"";""
"VMI3047753";"215D85D7";"20260804";"12:48:00";"50503392";"";"FALLITO";"market buy 0.1 D30EUR sl: 26085.45 tp: 26256.00 [Invalid stops]";"";"";"";""
"VMI3047753";"215D85D7";"20260804";"12:48:00";"50503392";"";"FALLITO";"market buy 0.2 D30EUR sl: 26085.45 tp: 26220.30 [Invalid stops]";"";"";"";""
"VMI3047753";"215D85D7";"20260804";"15:21:00";"50503392";"";"FALLITO";"market buy 0.1 D30EUR sl: 26136.44 tp: 26394.02 [Invalid stops]";"";"";"";""
"VMI3047753";"215D85D7";"20260804";"15:21:00";"50503392";"";"FALLITO";"market buy 0.1 D30EUR sl: 26136.44 tp: 26308.16 [Invalid stops]";"";"";"";""
"VMI3047753";"215D85D7";"20260804";"15:21:00";"50503392";"";"FALLITO";"market buy 0.2 D30EUR sl: 26136.44 tp: 26241.10 [Invalid stops]";"";"";"";""
"VMI3047753";"215D85D7";"20260804";"15:30:00";"50503392";"3072136";"PIAZZATO";"buy stop";"2.2";"NASUSD";"29144.50";"3072136"
"VMI3047753";"215D85D7";"20260804";"15:30:00";"50503392";"3072137";"PIAZZATO";"sell stop";"1.2";"NASUSD";"29092.80";"3072137"
"VMI3047753";"215D85D7";"20260804";"15:30:00";"50503392";"3072139";"PIAZZATO";"sell stop";"2.2";"NASUSD";"29095.80";"3072139"
"VMI3047753";"215D85D7";"20260804";"15:30:00";"50503392";"3072135";"PIAZZATO";"sell stop";"2";"NASUSD";"29068.80";"3072135"
"VMI3047753";"215D85D7";"20260804";"15:30:00";"50503392";"";"FALLITO";"buy stop 2 NASUSD at 29124.60 sl: 29068.80 tp: 29292.00 [Invalid price]";"";"";"";""
"VMI3047753";"215D85D7";"20260804";"15:30:00";"50503392";"";"FALLITO";"buy stop 1 NASUSD at 29124.10 sl: 29070.30 tp: 29285.50 [Invalid price]";"";"";"";""
"VMI3047753";"215D85D7";"20260804";"15:30:00";"50503392";"3072134";"PIAZZATO";"buy stop";"1.2";"NASUSD";"29147.50";"3072134"
"VMI3047753";"215D85D7";"20260804";"15:30:05";"50503392";"3072136";"ANNULLATO";"buy stop";"2.2";"NASUSD";"";"3072136"
"VMI3047753";"215D85D7";"20260804";"15:30:05";"50503392";"2651849";"ESEGUITO";"sell";"2.2";"NASUSD";"29095.80";"3072139"
"VMI3047753";"215D85D7";"20260804";"15:30:25";"50503392";"2651873";"ESEGUITO";"buy";"2.2";"NASUSD";"29144.50";"3072168"
"VMI3047753";"215D85D7";"20260804";"15:30:26";"50503392";"3072137";"ANNULLATO";"sell stop";"1.2";"NASUSD";"";"3072137"
"VMI3047753";"215D85D7";"20260804";"15:30:26";"50503392";"2651881";"ESEGUITO";"buy";"1.2";"NASUSD";"29147.50";"3072134"
"VMI3047753";"215D85D7";"20260804";"15:33:30";"50503392";"2652079";"ESEGUITO";"sell";"1.2";"NASUSD";"29236.90";"3072351"
"VMI3047753";"215D85D7";"20260804";"17:00:00";"50503392";"3073469";"PIAZZATO";"sell limit";"0.01";"XAUUSD";"4130.72";"3073469"
"VMI3047753";"215D85D7";"20260804";"17:00:00";"50503392";"3073470";"PIAZZATO";"sell limit";"0.01";"XAUUSD";"4124.42";"3073470"
"VMI3047753";"215D85D7";"20260804";"17:00:00";"50503392";"3073467";"PIAZZATO";"sell limit";"0.01";"XAUUSD";"4114.34";"3073467"
"VMI3047753";"215D85D7";"20260804";"17:00:00";"50503392";"3073468";"PIAZZATO";"sell limit";"0.01";"XAUUSD";"4113.08";"3073468"
"VMI3047753";"215D85D7";"20260805";"03:51:01";"50503392";"";"FALLITO";"market buy 0.4 D30EUR sl: 26342.27 tp: 26463.87 [Invalid stops]";"";"";"";""
"VMI3047753";"215D85D7";"20260805";"03:51:01";"50503392";"";"FALLITO";"market buy 0.4 D30EUR sl: 26342.27 tp: 26423.33 [Invalid stops]";"";"";"";""
"VMI3047753";"215D85D7";"20260805";"03:51:01";"50503392";"";"FALLITO";"market buy 0.5 D30EUR sl: 26342.27 tp: 26401.00 [Invalid stops]";"";"";"";""
"VMI3047753";"215D85D7";"20260805";"04:35:54";"50503392";"2655895";"ESEGUITO";"buy";"0.01";"XAUUSD";"4111.19";"3076315"
"VMI3047753";"215D85D7";"20260805";"04:35:54";"50503392";"2655894";"ESEGUITO";"buy";"0.01";"XAUUSD";"4111.19";"3076314"
"VMI3047753";"215D85D7";"20260805";"04:36:03";"50503392";"2655903";"ESEGUITO";"sell";"0.01";"XAUUSD";"4113.08";"3073468"
"VMI3047753";"215D85D7";"20260805";"04:37:36";"50503392";"2655907";"ESEGUITO";"sell";"0.01";"XAUUSD";"4114.34";"3073467"
"VMI3047753";"215D85D7";"20260805";"04:40:17";"50503392";"2655974";"ESEGUITO";"sell";"0.01";"XAUUSD";"4124.42";"3073470"
"VMI3047753";"215D85D7";"20260805";"04:46:14";"50503392";"2656015";"ESEGUITO";"sell";"0.01";"XAUUSD";"4130.72";"3073469"
"VMI3047753";"215D85D7";"20260805";"06:00:00";"50503392";"3076656";"PIAZZATO";"buy limit";"0.87";"EURUSD";"1.15266";"3076656"
"VMI3047753";"215D85D7";"20260805";"06:00:00";"50503392";"3076655";"PIAZZATO";"sell limit";"0.87";"EURUSD";"1.15404";"3076655"
"VMI3047753";"215D85D7";"20260805";"07:37:57";"50503392";"2656493";"ESEGUITO";"buy";"0.01";"XAUUSD";"4149.63";"3076942"
"VMI3047753";"215D85D7";"20260805";"07:37:57";"50503392";"2656492";"ESEGUITO";"buy";"0.01";"XAUUSD";"4149.63";"3076941"
"VMI3047753";"215D85D7";"20260805";"07:44:17";"50503392";"2656545";"ESEGUITO";"buy";"0.01";"XAUUSD";"4155.93";"3077004"
"VMI3047753";"215D85D7";"20260805";"07:44:17";"50503392";"2656543";"ESEGUITO";"buy";"0.01";"XAUUSD";"4155.93";"3077002"
"VMI3047753";"215D85D7";"20260805";"07:57:01";"50503392";"";"FALLITO";"market buy 0.3 D30EUR sl: 26360.88 tp: 26498.93 [Invalid stops]";"";"";"";""
"VMI3047753";"215D85D7";"20260805";"07:57:01";"50503392";"";"FALLITO";"market buy 0.3 D30EUR sl: 26360.88 tp: 26452.92 [Invalid stops]";"";"";"";""
"VMI3047753";"215D85D7";"20260805";"07:57:01";"50503392";"";"FALLITO";"market buy 0.4 D30EUR sl: 26360.88 tp: 26418.10 [Invalid stops]";"";"";"";""
"VMI3047753";"215D85D7";"20260805";"08:59:01";"50503392";"3077557";"PIAZZATO";"sell stop";"2.4";"EURUSD";"1.14266";"3077557"
"VMI3047753";"215D85D7";"20260805";"08:59:01";"50503392";"3077556";"PIAZZATO";"buy stop";"2.4";"EURUSD";"1.16404";"3077556"
"VMI3047753";"215D85D7";"20260805";"09:00:00";"50503392";"3077572";"PIAZZATO";"sell stop";"2";"D30EUR";"26384.70";"3077572"
"VMI3047753";"215D85D7";"20260805";"09:00:00";"50503392";"3077573";"PIAZZATO";"sell stop";"1";"D30EUR";"26383.70";"3077573"
"VMI3047753";"215D85D7";"20260805";"09:00:00";"50503392";"3077570";"PIAZZATO";"buy stop";"2";"D30EUR";"26436.60";"3077570"
"VMI3047753";"215D85D7";"20260805";"09:00:00";"50503392";"3077571";"PIAZZATO";"buy stop";"1";"D30EUR";"26437.60";"3077571"
"VMI3047753";"215D85D7";"20260805";"09:00:45";"50503392";"3077572";"ANNULLATO";"sell stop";"2";"D30EUR";"";"3077572"
"VMI3047753";"215D85D7";"20260805";"09:00:45";"50503392";"2657054";"ESEGUITO";"buy";"1";"D30EUR";"26437.60";"3077571"
"VMI3047753";"215D85D7";"20260805";"09:00:45";"50503392";"2657053";"ESEGUITO";"buy";"2";"D30EUR";"26436.60";"3077570"
"VMI3047753";"215D85D7";"20260805";"09:03:17";"50503392";"2657087";"ESEGUITO";"sell";"1";"D30EUR";"26384.70";"3077629"
"VMI3047753";"215D85D7";"20260805";"09:03:17";"50503392";"2657086";"ESEGUITO";"sell";"2";"D30EUR";"26384.70";"3077628"
"VMI3047753";"215D85D7";"20260805";"09:04:07";"50503392";"2657097";"ESEGUITO";"sell";"1";"D30EUR";"26383.70";"3077573"
"VMI3047753";"215D85D7";"20260805";"09:11:23";"50503392";"3077757";"PIAZZATO";"buy";"0.5";"D30EUR";"26352.50";"3077757"
"VMI3047753";"215D85D7";"20260805";"09:11:23";"50503392";"2657205";"ESEGUITO";"buy";"0.5";"D30EUR";"26352.50";"3077757"
"VMI3047753";"215D85D7";"20260805";"09:13:24";"50503392";"2657241";"ESEGUITO";"buy";"0.5";"D30EUR";"26355.00";"3077793"
"VMI3047753";"215D85D7";"20260805";"09:15:00";"50503392";"3077810";"PIAZZATO";"sell stop";"1";"D30EUR";"26339.50";"3077810"
"VMI3047753";"215D85D7";"20260805";"09:15:00";"50503392";"3077811";"PIAZZATO";"sell stop";"1";"D30EUR";"26339.50";"3077811"
"VMI3047753";"215D85D7";"20260805";"09:15:00";"50503392";"3077809";"PIAZZATO";"buy stop";"1";"D30EUR";"26440.50";"3077809"
"VMI3047753";"215D85D7";"20260805";"09:15:00";"50503392";"3077807";"PIAZZATO";"buy stop";"1";"D30EUR";"26440.50";"3077807"
"VMI3047753";"215D85D7";"20260805";"09:15:00";"50503392";"3077808";"PIAZZATO";"buy stop";"0.4";"D30EUR";"26445.50";"3077808"
"VMI3047753";"215D85D7";"20260805";"09:30:00";"50503392";"3077556";"ANNULLATO";"buy stop";"2.4";"EURUSD";"";"3077556"
"VMI3047753";"215D85D7";"20260805";"09:30:00";"50503392";"3077557";"ANNULLATO";"sell stop";"2.4";"EURUSD";"";"3077557"
"VMI3047753";"215D85D7";"20260805";"09:34:46";"50503392";"3077807";"ANNULLATO";"buy stop";"1";"D30EUR";"";"3077807"
"VMI3047753";"215D85D7";"20260805";"09:34:46";"50503392";"3077809";"ANNULLATO";"buy stop";"1";"D30EUR";"";"3077809"
"VMI3047753";"215D85D7";"20260805";"09:34:46";"50503392";"2657401";"ESEGUITO";"sell";"1";"D30EUR";"26339.50";"3077810"
"VMI3047753";"215D85D7";"20260805";"09:34:46";"50503392";"2657402";"ESEGUITO";"sell";"1";"D30EUR";"26339.50";"3077811"
"VMI3047753";"215D85D7";"20260805";"09:35:43";"50503392";"2657417";"ESEGUITO";"buy";"1";"D30EUR";"26332.30";"3077995"
"VMI3047753";"215D85D7";"20260805";"09:35:43";"50503392";"2657416";"ESEGUITO";"buy";"1";"D30EUR";"26332.30";"3077994"
"VMI3047753";"215D85D7";"20260805";"10:46:23";"50503392";"";"FALLITO";"sell stop 1 D30EUR at 26339.50 sl: 26440.50 tp: 26036.50 [Invalid price]";"";"";"";""
"VMI3047753";"215D85D7";"20260805";"10:46:23";"50503392";"3078825";"PIAZZATO";"buy stop";"1";"D30EUR";"26440.50";"3078825"
"VMI3047753";"215D85D7";"20260805";"10:46:46";"50503392";"";"FALLITO";"sell stop 1 D30EUR at 26339.50 sl: 26440.50 tp: 26036.50 [Invalid price]";"";"";"";""
"VMI3047753";"215D85D7";"20260805";"10:46:46";"50503392";"3078827";"PIAZZATO";"buy stop";"1";"D30EUR";"26440.50";"3078827"
"VMI3047753";"215D85D7";"20260805";"13:48:00";"50503392";"";"FALLITO";"market buy 0.3 D30EUR sl: 26186.08 tp: 26324.60 [Invalid stops]";"";"";"";""
"VMI3047753";"215D85D7";"20260805";"13:48:00";"50503392";"";"FALLITO";"market buy 0.3 D30EUR sl: 26186.08 tp: 26280.10 [Invalid stops]";"";"";"";""
"VMI3047753";"215D85D7";"20260805";"13:48:00";"50503392";"";"FALLITO";"market buy 0.4 D30EUR sl: 26186.08 tp: 26248.20 [Invalid stops]";"";"";"";""
"VMI3047753";"215D85D7";"20260805";"15:30:00";"50503392";"3081577";"PIAZZATO";"sell stop";"1.7";"NASUSD";"29768.90";"3081577"
"VMI3047753";"215D85D7";"20260805";"15:30:00";"50503392";"3081578";"PIAZZATO";"sell stop";"0.6";"NASUSD";"29778.80";"3081578"
"VMI3047753";"215D85D7";"20260805";"15:30:00";"50503392";"";"FALLITO";"buy stop 0.9 NASUSD at 29828.00 sl: 29770.40 tp: 30000.80 [Invalid price]";"";"";"";""
"VMI3047753";"215D85D7";"20260805";"15:30:00";"50503392";"";"FALLITO";"buy stop 1.7 NASUSD at 29828.50 sl: 29768.90 tp: 30007.30 [Invalid price]";"";"";"";""
"VMI3047753";"215D85D7";"20260805";"15:30:00";"50503392";"3081575";"PIAZZATO";"buy stop";"0.6";"NASUSD";"29866.90";"3081575"
"VMI3047753";"215D85D7";"20260805";"15:30:16";"50503392";"2660796";"ESEGUITO";"buy";"0.6";"NASUSD";"29866.90";"3081575"
"VMI3047753";"215D85D7";"20260805";"15:30:17";"50503392";"3081578";"ANNULLATO";"sell stop";"0.6";"NASUSD";"";"3081578"
"VMI3047753";"215D85D7";"20260805";"15:36:25";"50503392";"2660925";"ESEGUITO";"sell";"0.6";"NASUSD";"29828.40";"3081752"
"VMI3047753";"215D85D7";"20260805";"15:45:00";"50503392";"";"FALLITO";"buy stop 0.2 U30USD at 54611.50 sl: 54369.50 tp: 54974.50 [Invalid price]";"";"";"";""
"VMI3047753";"215D85D7";"20260805";"16:30:13";"50503392";"2661887";"ESEGUITO";"sell";"1.7";"NASUSD";"29768.90";"3081577"
"VMI3047753";"215D85D7";"20260805";"16:33:01";"50503392";"2661921";"ESEGUITO";"buy";"1.7";"NASUSD";"29757.50";"3082791"
"VMI3047753";"215D85D7";"20260805";"19:57:00";"50503392";"";"FALLITO";"market buy 0.5 D30EUR sl: 26165.48 tp: 26230.20 [Invalid stops]";"";"";"";""
"VMI3047753";"215D85D7";"20260805";"19:57:00";"50503392";"";"FALLITO";"market buy 0.5 D30EUR sl: 26165.48 tp: 26217.70 [Invalid stops]";"";"";"";""
"VMI3047753";"215D85D7";"20260805";"19:57:00";"50503392";"";"FALLITO";"market buy 0.6 D30EUR sl: 26165.48 tp: 26204.80 [Invalid stops]";"";"";"";""
"VMI3047753";"215D85D7";"20260806";"04:18:04";"50503392";"";"FALLITO";"market buy 0.3 D30EUR sl: 26152.89 tp: 26252.60 [Invalid stops]";"";"";"";""
"VMI3047753";"215D85D7";"20260806";"04:18:04";"50503392";"";"FALLITO";"market buy 0.3 D30EUR sl: 26152.89 tp: 26234.00 [Invalid stops]";"";"";"";""
"VMI3047753";"215D85D7";"20260806";"04:18:04";"50503392";"";"FALLITO";"market buy 0.4 D30EUR sl: 26152.89 tp: 26215.90 [Invalid stops]";"";"";"";""
"VMI3047753";"215D85D7";"20260806";"06:00:00";"50503392";"3087343";"PIAZZATO";"buy limit";"0.83";"EURUSD";"1.15468";"3087343"
"VMI3047753";"215D85D7";"20260806";"06:00:00";"50503392";"3087342";"PIAZZATO";"sell limit";"0.83";"EURUSD";"1.15595";"3087342"
"VMI3047753";"215D85D7";"20260806";"07:05:07";"50503392";"2666294";"ESEGUITO";"buy";"0.83";"EURUSD";"1.15468";"3087343"
"VMI3047753";"215D85D7";"20260806";"08:00:00";"50503392";"3087342";"ANNULLATO";"sell limit";"0.83";"EURUSD";"";"3087342"
"VMI3047753";"215D85D7";"20260806";"08:57:07";"50503392";"";"FALLITO";"market buy 0.3 D30EUR sl: 26150.75 tp: 26262.20 [Invalid stops]";"";"";"";""
"VMI3047753";"215D85D7";"20260806";"08:57:07";"50503392";"";"FALLITO";"market buy 0.3 D30EUR sl: 26150.75 tp: 26239.60 [Invalid stops]";"";"";"";""
"VMI3047753";"215D85D7";"20260806";"08:57:07";"50503392";"";"FALLITO";"market buy 0.4 D30EUR sl: 26150.75 tp: 26217.60 [Invalid stops]";"";"";"";""
"VMI3047753";"215D85D7";"20260806";"08:59:00";"50503392";"3087995";"PIAZZATO";"sell stop";"2.84";"EURUSD";"1.14468";"3087995"
"VMI3047753";"215D85D7";"20260806";"08:59:00";"50503392";"3087994";"PIAZZATO";"buy stop";"2.84";"EURUSD";"1.16595";"3087994"
"VMI3047753";"215D85D7";"20260806";"09:00:00";"50503392";"3088008";"PIAZZATO";"buy stop";"3.3";"D30EUR";"26213.00";"3088008"
"VMI3047753";"215D85D7";"20260806";"09:00:00";"50503392";"3088009";"PIAZZATO";"sell stop";"3.3";"D30EUR";"26181.50";"3088009"
"VMI3047753";"215D85D7";"20260806";"09:00:00";"50503392";"3088006";"PIAZZATO";"buy stop";"1.6";"D30EUR";"26214.00";"3088006"
"VMI3047753";"215D85D7";"20260806";"09:00:00";"50503392";"3088007";"PIAZZATO";"sell stop";"1.6";"D30EUR";"26180.50";"3088007"
"VMI3047753";"215D85D7";"20260806";"09:00:15";"50503392";"3088006";"ANNULLATO";"buy stop";"1.6";"D30EUR";"";"3088006"
"VMI3047753";"215D85D7";"20260806";"09:00:15";"50503392";"2666727";"ESEGUITO";"sell";"3.3";"D30EUR";"26181.50";"3088009"
"VMI3047753";"215D85D7";"20260806";"09:00:15";"50503392";"2666726";"ESEGUITO";"sell";"1.6";"D30EUR";"26180.50";"3088007"
"VMI3047753";"215D85D7";"20260806";"09:00:29";"50503392";"3088021";"PIAZZATO";"buy";"0.8";"D30EUR";"26145.90";"3088021"
"VMI3047753";"215D85D7";"20260806";"09:00:29";"50503392";"2666732";"ESEGUITO";"buy";"0.8";"D30EUR";"26145.90";"3088021"
"VMI3047753";"215D85D7";"20260806";"09:01:47";"50503392";"2666751";"ESEGUITO";"sell";"0.1";"F40EUR";"8727.00";"3088039"
"VMI3047753";"215D85D7";"20260806";"09:01:47";"50503392";"2666750";"ESEGUITO";"sell";"0.1";"F40EUR";"8726.80";"3088038"
"VMI3047753";"215D85D7";"20260806";"09:03:58";"50503392";"3088008";"ANNULLATO";"buy stop";"3.3";"D30EUR";"";"3088008"
"VMI3047753";"215D85D7";"20260806";"09:03:58";"50503392";"";"FALLITO";"modify #3088009 sell 1.7 D30EUR sl: 26181.50, tp: 26087.00 -> sl: 26118.10, tp: 26087.00 [Invalid stops]";"";"";"";""
"VMI3047753";"215D85D7";"20260806";"09:03:58";"50503392";"";"FALLITO";"modify #3088009 sell 1.7 D30EUR sl: 26181.50, tp: 26087.00 -> sl: 26118.10, tp: 26087.00 [Invalid stops]";"";"";"";""
"VMI3047753";"215D85D7";"20260806";"09:03:58";"50503392";"";"FALLITO";"modify #3088009 sell 1.7 D30EUR sl: 26181.50, tp: 26087.00 -> sl: 26118.10, tp: 26087.00 [Invalid stops]";"";"";"";""
"VMI3047753";"215D85D7";"20260806";"09:03:58";"50503392";"2666771";"ESEGUITO";"buy";"0.8";"D30EUR";"26118.10";"3088068"
"VMI3047753";"215D85D7";"20260806";"09:03:58";"50503392";"2666772";"ESEGUITO";"buy";"1.6";"D30EUR";"26118.30";"3088069"
"VMI3047753";"215D85D7";"20260806";"09:03:58";"50503392";"3088069";"PIAZZATO";"buy";"1.6";"D30EUR";"26118.30";"3088069"
"VMI3047753";"215D85D7";"20260806";"09:03:59";"50503392";"";"FALLITO";"modify #3088009 sell 1.7 D30EUR sl: 26181.50, tp: 26087.00 -> sl: 26118.10, tp: 26087.00 [Invalid stops]";"";"";"";""
"VMI3047753";"215D85D7";"20260806";"09:03:59";"50503392";"";"FALLITO";"modify #3088009 sell 1.7 D30EUR sl: 26181.50, tp: 26087.00 -> sl: 26118.10, tp: 26087.00 [Invalid stops]";"";"";"";""
"VMI3047753";"215D85D7";"20260806";"09:03:59";"50503392";"";"FALLITO";"modify #3088009 sell 1.7 D30EUR sl: 26181.50, tp: 26087.00 -> sl: 26118.10, tp: 26087.00 [Invalid stops]";"";"";"";""
"VMI3047753";"215D85D7";"20260806";"09:04:00";"50503392";"";"FALLITO";"modify #3088009 sell 1.7 D30EUR sl: 26181.50, tp: 26087.00 -> sl: 26121.80, tp: 26087.00 [Invalid stops]";"";"";"";""
"VMI3047753";"215D85D7";"20260806";"09:04:00";"50503392";"";"FALLITO";"modify #3088009 sell 1.7 D30EUR sl: 26181.50, tp: 26087.00 -> sl: 26121.80, tp: 26087.00 [Invalid stops]";"";"";"";""
"VMI3047753";"215D85D7";"20260806";"09:04:00";"50503392";"";"FALLITO";"modify #3088009 sell 1.7 D30EUR sl: 26181.50, tp: 26087.00 -> sl: 26121.80, tp: 26087.00 [Invalid stops]";"";"";"";""
"VMI3047753";"215D85D7";"20260806";"09:04:01";"50503392";"2666774";"ESEGUITO";"buy";"1.7";"D30EUR";"26121.80";"3088071"
"VMI3047753";"215D85D7";"20260806";"09:15:00";"50503392";"3088163";"PIAZZATO";"sell stop";"0.9";"D30EUR";"26088.70";"3088163"
"VMI3047753";"215D85D7";"20260806";"09:15:00";"50503392";"3088164";"PIAZZATO";"sell stop";"0.9";"D30EUR";"26088.70";"3088164"
"VMI3047753";"215D85D7";"20260806";"09:15:00";"50503392";"3088161";"PIAZZATO";"buy stop";"0.9";"D30EUR";"26203.10";"3088161"
"VMI3047753";"215D85D7";"20260806";"09:15:00";"50503392";"3088159";"PIAZZATO";"buy stop";"0.4";"D30EUR";"26208.10";"3088159"
"VMI3047753";"215D85D7";"20260806";"09:15:00";"50503392";"3088160";"PIAZZATO";"buy stop";"0.9";"D30EUR";"26203.10";"3088160"
"VMI3047753";"215D85D7";"20260806";"09:18:08";"50503392";"3088164";"ANNULLATO";"sell stop";"0.9";"D30EUR";"";"3088164"
"VMI3047753";"215D85D7";"20260806";"09:18:08";"50503392";"3088163";"ANNULLATO";"sell stop";"0.9";"D30EUR";"";"3088163"
"VMI3047753";"215D85D7";"20260806";"09:18:08";"50503392";"2666867";"ESEGUITO";"buy";"0.9";"D30EUR";"26203.10";"3088160"
"VMI3047753";"215D85D7";"20260806";"09:18:08";"50503392";"2666868";"ESEGUITO";"buy";"0.9";"D30EUR";"26203.10";"3088161"
"VMI3047753";"215D85D7";"20260806";"09:30:03";"50503392";"3087994";"ANNULLATO";"buy stop";"2.84";"EURUSD";"";"3087994"
"VMI3047753";"215D85D7";"20260806";"09:30:03";"50503392";"3087995";"ANNULLATO";"sell stop";"2.84";"EURUSD";"";"3087995"
"VMI3047753";"215D85D7";"20260806";"10:01:27";"50503392";"2667207";"ESEGUITO";"sell";"0.83";"EURUSD";"1.15395";"3088557"
"VMI3047753";"215D85D7";"20260806";"10:11:49";"50503392";"2667348";"ESEGUITO";"sell";"0.9";"D30EUR";"26088.70";"3088699"
"VMI3047753";"215D85D7";"20260806";"10:11:49";"50503392";"2667347";"ESEGUITO";"sell";"0.9";"D30EUR";"26088.70";"3088698"
"VMI3047753";"215D85D7";"20260806";"10:39:00";"50503392";"";"FALLITO";"market buy 0.1 D30EUR sl: 26086.42 tp: 26262.20 [Invalid stops]";"";"";"";""
"VMI3047753";"215D85D7";"20260806";"10:39:00";"50503392";"";"FALLITO";"market buy 0.1 D30EUR sl: 26086.42 tp: 26223.00 [Invalid stops]";"";"";"";""
"VMI3047753";"215D85D7";"20260806";"10:39:00";"50503392";"";"FALLITO";"market buy 0.2 D30EUR sl: 26086.42 tp: 26188.50 [Invalid stops]";"";"";"";""
"VMI3047753";"215D85D7";"20260806";"15:30:00";"50503392";"3092173";"PIAZZATO";"buy stop";"1.1";"NASUSD";"29250.20";"3092173"
"VMI3047753";"215D85D7";"20260806";"15:30:00";"50503392";"3092174";"PIAZZATO";"sell stop";"2";"NASUSD";"29195.50";"3092174"
"VMI3047753";"215D85D7";"20260806";"15:30:00";"50503392";"3092175";"PIAZZATO";"sell stop";"1.1";"NASUSD";"29192.50";"3092175"
"VMI3047753";"215D85D7";"20260806";"15:30:00";"50503392";"";"FALLITO";"sell stop 1.1 NASUSD at 29265.50 sl: 29358.20 tp: 28987.40 [Invalid price]";"";"";"";""
"VMI3047753";"215D85D7";"20260806";"15:30:00";"50503392";"3092170";"PIAZZATO";"buy stop";"0.5";"NASUSD";"29357.70";"3092170"
"VMI3047753";"215D85D7";"20260806";"15:30:00";"50503392";"3092171";"PIAZZATO";"buy stop";"2";"NASUSD";"29247.20";"3092171"
"VMI3047753";"215D85D7";"20260806";"15:30:00";"50503392";"3092172";"PIAZZATO";"buy stop";"1.1";"NASUSD";"29358.20";"3092172"
"VMI3047753";"215D85D7";"20260806";"15:30:02";"50503392";"3092174";"ANNULLATO";"sell stop";"2";"NASUSD";"";"3092174"
"VMI3047753";"215D85D7";"20260806";"15:30:02";"50503392";"2670499";"ESEGUITO";"buy";"2";"NASUSD";"29247.20";"3092171"
"VMI3047753";"215D85D7";"20260806";"15:30:28";"50503392";"2670516";"ESEGUITO";"buy";"1.1";"NASUSD";"29250.20";"3092173"
"VMI3047753";"215D85D7";"20260806";"15:31:00";"50503392";"2670524";"ESEGUITO";"sell";"1.1";"NASUSD";"29202.50";"3092205"
"VMI3047753";"215D85D7";"20260806";"15:31:23";"50503392";"2670554";"ESEGUITO";"sell";"2";"NASUSD";"29195.50";"3092231"
"VMI3047753";"215D85D7";"20260806";"15:31:24";"50503392";"2670556";"ESEGUITO";"sell";"1.1";"NASUSD";"29192.50";"3092175"
"VMI3047753";"215D85D7";"20260806";"15:35:02";"50503392";"2670652";"ESEGUITO";"buy";"1.1";"NASUSD";"29240.20";"3092324"
"VMI3047753";"215D85D7";"20260806";"15:42:00";"50503392";"";"FALLITO";"market buy 0.1 D30EUR sl: 26092.29 tp: 26262.20 [Invalid stops]";"";"";"";""
"VMI3047753";"215D85D7";"20260806";"15:42:00";"50503392";"";"FALLITO";"market buy 0.1 D30EUR sl: 26092.29 tp: 26223.10 [Invalid stops]";"";"";"";""
"VMI3047753";"215D85D7";"20260806";"15:42:00";"50503392";"";"FALLITO";"market buy 0.2 D30EUR sl: 26092.29 tp: 26188.50 [Invalid stops]";"";"";"";""
"VMI3047753";"215D85D7";"20260806";"15:45:00";"50503392";"3092787";"PIAZZATO";"buy stop";"0.2";"U30USD";"54520.50";"3092787"
"VMI3047753";"215D85D7";"20260806";"15:45:08";"50503392";"2670910";"ESEGUITO";"buy";"1.1";"NASUSD";"29358.20";"3092172"
"VMI3047753";"215D85D7";"20260806";"15:45:08";"50503392";"2670909";"ESEGUITO";"buy";"0.5";"NASUSD";"29357.70";"3092170"
"VMI3047753";"215D85D7";"20260806";"15:48:05";"50503392";"3092856";"PIAZZATO";"sell";"0.5";"NASUSD";"29401.40";"3092856"
"VMI3047753";"215D85D7";"20260806";"15:48:05";"50503392";"2670966";"ESEGUITO";"sell";"0.5";"NASUSD";"29401.40";"3092856"
"VMI3047753";"215D85D7";"20260806";"15:49:30";"50503392";"2670988";"ESEGUITO";"sell";"0.6";"NASUSD";"29393.00";"3092882"
"VMI3047753";"215D85D7";"20260806";"15:49:30";"50503392";"2670987";"ESEGUITO";"sell";"0.5";"NASUSD";"29393.00";"3092881"
"VMI3047753";"215D85D7";"20260806";"17:00:00";"50503392";"3094005";"PIAZZATO";"sell";"0.01";"XAUUSD";"4273.02";"3094005"
"VMI3047753";"215D85D7";"20260806";"17:00:00";"50503392";"2672089";"ESEGUITO";"sell";"0.01";"XAUUSD";"4273.02";"3094005"
"VMI3047753";"215D85D7";"20260806";"19:17:56";"50503392";"3095663";"PIAZZATO";"sell stop";"0.9";"NASUSD";"29192.50";"3095663"
"VMI3047753";"215D85D7";"20260806";"19:17:56";"50503392";"";"FALLITO";"buy stop 0.9 NASUSD at 29260.20 sl: 29202.50 tp: 29375.60 [Invalid price]";"";"";"";""
"VMI3047753";"215D85D7";"20260806";"19:17:56";"50503392";"3095662";"PIAZZATO";"buy stop";"0.4";"NASUSD";"29442.80";"3095662"
"VMI3047753";"215D85D7";"20260806";"19:31:55";"50503392";"3095662";"ANNULLATO";"buy stop";"0.4";"NASUSD";"";"3095662"
"VMI3047753";"215D85D7";"20260806";"19:31:55";"50503392";"3095663";"ANNULLATO";"sell stop";"0.9";"NASUSD";"";"3095663"
"VMI3047753";"215D85D7";"20260806";"22:03:01";"50503392";"";"FALLITO";"market buy 0.3 D30EUR sl: 26135.49 tp: 26239.60 [Invalid stops]";"";"";"";""
"VMI3047753";"215D85D7";"20260806";"22:03:01";"50503392";"";"FALLITO";"market buy 0.3 D30EUR sl: 26135.49 tp: 26214.90 [Invalid stops]";"";"";"";""
"VMI3047753";"215D85D7";"20260806";"22:03:01";"50503392";"";"FALLITO";"market buy 0.4 D30EUR sl: 26135.49 tp: 26193.90 [Invalid stops]";"";"";"";""
"VMI3047753";"215D85D7";"20260807";"00:09:21";"50503392";"";"FALLITO";"market buy 0.4 D30EUR sl: 26138.24 tp: 26214.90 [Invalid stops]";"";"";"";""
"VMI3047753";"215D85D7";"20260807";"00:09:21";"50503392";"";"FALLITO";"market buy 0.4 D30EUR sl: 26138.24 tp: 26199.60 [Invalid stops]";"";"";"";""
"VMI3047753";"215D85D7";"20260807";"00:09:21";"50503392";"";"FALLITO";"market buy 0.6 D30EUR sl: 26138.24 tp: 26182.90 [Invalid stops]";"";"";"";""
"VMI3047753";"215D85D7";"20260807";"03:33:00";"50503392";"";"FALLITO";"market buy 0.3 D30EUR sl: 26121.62 tp: 26277.26 [Invalid stops]";"";"";"";""
"VMI3047753";"215D85D7";"20260807";"03:33:00";"50503392";"";"FALLITO";"market buy 0.3 D30EUR sl: 26121.62 tp: 26206.10 [Invalid stops]";"";"";"";""
"VMI3047753";"215D85D7";"20260807";"03:33:00";"50503392";"";"FALLITO";"market buy 0.4 D30EUR sl: 26121.62 tp: 26184.50 [Invalid stops]";"";"";"";""
"VMI3047753";"215D85D7";"20260807";"06:00:00";"50503392";"3097600";"PIAZZATO";"buy limit";"0.94";"EURUSD";"1.15180";"3097600"
"VMI3047753";"215D85D7";"20260807";"06:00:00";"50503392";"3097599";"PIAZZATO";"sell limit";"0.94";"EURUSD";"1.15256";"3097599"
"VMI3047753";"215D85D7";"20260807";"07:09:02";"50503392";"";"FALLITO";"market buy 0.4 D30EUR sl: 26146.57 tp: 26260.97 [Invalid stops]";"";"";"";""
"VMI3047753";"215D85D7";"20260807";"07:09:02";"50503392";"";"FALLITO";"market buy 0.4 D30EUR sl: 26146.57 tp: 26220.70 [Invalid stops]";"";"";"";""
"VMI3047753";"215D85D7";"20260807";"07:09:02";"50503392";"";"FALLITO";"market buy 0.5 D30EUR sl: 26146.57 tp: 26200.60 [Invalid stops]";"";"";"";""
"VMI3047753";"215D85D7";"20260807";"08:00:00";"50503392";"3097599";"ANNULLATO";"sell limit";"0.94";"EURUSD";"";"3097599"
"VMI3047753";"215D85D7";"20260807";"08:00:00";"50503392";"3097600";"ANNULLATO";"buy limit";"0.94";"EURUSD";"";"3097600"
"VMI3047753";"215D85D7";"20260807";"08:30:00";"50503392";"";"FALLITO";"market buy 0.4 D30EUR sl: 26151.68 tp: 26269.63 [Invalid stops]";"";"";"";""
"VMI3047753";"215D85D7";"20260807";"08:30:00";"50503392";"";"FALLITO";"market buy 0.4 D30EUR sl: 26151.68 tp: 26220.70 [Invalid stops]";"";"";"";""
"VMI3047753";"215D85D7";"20260807";"08:30:00";"50503392";"";"FALLITO";"market buy 0.5 D30EUR sl: 26151.68 tp: 26200.60 [Invalid stops]";"";"";"";""
"VMI3047753";"215D85D7";"20260807";"08:59:00";"50503392";"3098680";"PIAZZATO";"sell stop";"3.35";"EURUSD";"1.14180";"3098680"
"VMI3047753";"215D85D7";"20260807";"08:59:00";"50503392";"3098679";"PIAZZATO";"buy stop";"3.35";"EURUSD";"1.16256";"3098679"
"VMI3047753";"215D85D7";"20260807";"09:00:00";"50503392";"3098691";"PIAZZATO";"sell stop";"2.9";"D30EUR";"26172.90";"3098691"
"VMI3047753";"215D85D7";"20260807";"09:00:00";"50503392";"3098692";"PIAZZATO";"sell stop";"1.4";"D30EUR";"26171.90";"3098692"
"VMI3047753";"215D85D7";"20260807";"09:00:00";"50503392";"3098689";"PIAZZATO";"buy stop";"2.9";"D30EUR";"26208.20";"3098689"
"VMI3047753";"215D85D7";"20260807";"09:00:00";"50503392";"3098690";"PIAZZATO";"buy stop";"1.4";"D30EUR";"26209.20";"3098690"
"VMI3047753";"215D85D7";"20260807";"09:00:01";"50503392";"3098691";"ANNULLATO";"sell stop";"2.9";"D30EUR";"";"3098691"
"VMI3047753";"215D85D7";"20260807";"09:00:01";"50503392";"2676412";"ESEGUITO";"buy";"1.4";"D30EUR";"26209.20";"3098690"
"VMI3047753";"215D85D7";"20260807";"09:00:01";"50503392";"2676411";"ESEGUITO";"buy";"2.9";"D30EUR";"26208.20";"3098689"
"VMI3047753";"215D85D7";"20260807";"09:02:10";"50503392";"3098722";"PIAZZATO";"sell";"1.4";"D30EUR";"26226.40";"3098722"
"VMI3047753";"215D85D7";"20260807";"09:02:10";"50503392";"2676430";"ESEGUITO";"sell";"1.4";"D30EUR";"26226.40";"3098722"
"VMI3047753";"215D85D7";"20260807";"09:05:04";"50503392";"3098692";"ANNULLATO";"sell stop";"1.4";"D30EUR";"";"3098692"
"VMI3047753";"215D85D7";"20260807";"09:05:04";"50503392";"";"FALLITO";"modify #3098690 buy 1.4 D30EUR sl: 26172.90, tp: 26318.10 -> sl: 26243.90, tp: 26318.10 [Invalid stops]";"";"";"";""
"VMI3047753";"215D85D7";"20260807";"09:05:04";"50503392";"2676464";"ESEGUITO";"sell";"1.5";"D30EUR";"26243.90";"3098756"
"VMI3047753";"215D85D7";"20260807";"09:05:05";"50503392";"2676465";"ESEGUITO";"sell";"1.4";"D30EUR";"26243.90";"3098757"
"VMI3047753";"215D85D7";"20260807";"09:05:05";"50503392";"";"FALLITO";"modify #3098690 buy 1.4 D30EUR sl: 26172.90, tp: 26318.10 -> sl: 26243.90, tp: 26318.10 [Invalid stops]";"";"";"";""
"VMI3047753";"215D85D7";"20260807";"09:15:00";"50503392";"3098837";"PIAZZATO";"buy stop";"0.5";"D30EUR";"26273.80";"3098837"
"VMI3047753";"215D85D7";"20260807";"09:30:00";"50503392";"3098679";"ANNULLATO";"buy stop";"3.35";"EURUSD";"";"3098679"
"VMI3047753";"215D85D7";"20260807";"09:30:00";"50503392";"3098680";"ANNULLATO";"sell stop";"3.35";"EURUSD";"";"3098680"
"VMI3047753";"215D85D7";"20260807";"09:40:24";"50503392";"3098971";"PIAZZATO";"buy limit";"1.2";"D30EUR";"26266.90";"3098971"
"VMI3047753";"215D85D7";"20260807";"09:40:24";"50503392";"2676647";"ESEGUITO";"buy";"0.5";"D30EUR";"26273.80";"3098837"
"VMI3047753";"215D85D7";"20260807";"09:40:41";"50503392";"2676651";"ESEGUITO";"sell";"0.5";"D30EUR";"26276.30";"3098974"
"VMI3047753";"215D85D7";"20260807";"09:58:16";"50503392";"2676821";"ESEGUITO";"buy";"1.2";"D30EUR";"26266.90";"3098971"
"VMI3047753";"215D85D7";"20260807";"10:30:56";"50503392";"2677031";"ESEGUITO";"sell";"1.2";"D30EUR";"26271.40";"3099386"
"VMI3047753";"215D85D7";"20260807";"10:34:10";"50503392";"2677149";"ESEGUITO";"buy";"0.01";"XAUUSD";"4314.19";"3099503"
"VMI3047753";"215D85D7";"20260807";"15:30:00";"50503392";"3103561";"PIAZZATO";"sell stop";"0.1";"NASUSD";"29490.00";"3103561"
"VMI3047753";"215D85D7";"20260807";"15:30:00";"50503392";"3103562";"PIAZZATO";"sell stop";"0.8";"NASUSD";"29563.40";"3103562"
"VMI3047753";"215D85D7";"20260807";"15:30:00";"50503392";"3103560";"PIAZZATO";"buy stop";"0.8";"NASUSD";"29635.70";"3103560"
"VMI3047753";"215D85D7";"20260807";"15:30:00";"50503392";"3103558";"PIAZZATO";"buy stop";"0.1";"NASUSD";"29754.70";"3103558"
"VMI3047753";"215D85D7";"20260807";"15:30:00";"50503392";"3103559";"PIAZZATO";"buy stop";"0.1";"NASUSD";"29755.20";"3103559"
"VMI3047753";"215D85D7";"20260807";"15:32:00";"50503392";"3103562";"ANNULLATO";"sell stop";"0.8";"NASUSD";"";"3103562"
"VMI3047753";"215D85D7";"20260807";"15:32:00";"50503392";"2681062";"ESEGUITO";"buy";"0.8";"NASUSD";"29635.70";"3103560"
"VMI3047753";"215D85D7";"20260807";"15:35:32";"50503392";"2681218";"ESEGUITO";"sell";"0.8";"NASUSD";"29646.90";"3103764"
"VMI3047753";"215D85D7";"20260807";"15:45:00";"50503392";"3104054";"PIAZZATO";"buy stop";"0.2";"U30USD";"54031.50";"3104054"
"VMI3047753";"215D85D7";"20260807";"16:11:52";"50503392";"3103558";"ANNULLATO";"buy stop";"0.1";"NASUSD";"";"3103558"
"VMI3047753";"215D85D7";"20260807";"16:11:52";"50503392";"2682131";"ESEGUITO";"sell";"0.1";"NASUSD";"29490.00";"3103561"
"VMI3047753";"215D85D7";"20260807";"16:13:12";"50503392";"2682189";"ESEGUITO";"buy";"0.1";"NASUSD";"29487.80";"3104789"
"VMI3047753";"215D85D7";"20260807";"16:25:01";"50503392";"2682486";"ESEGUITO";"buy";"0.2";"U30USD";"54031.50";"3104054"
"VMI3047753";"215D85D7";"20260807";"16:30:00";"50503392";"3105289";"PIAZZATO";"buy";"0.2";"D30EUR";"26382.20";"3105289"
"VMI3047753";"215D85D7";"20260807";"16:30:00";"50503392";"";"FALLITO";"market buy 0.2 D30EUR sl: 26303.30 tp: 26533.99 [Invalid stops]";"";"";"";""
"VMI3047753";"215D85D7";"20260807";"16:30:00";"50503392";"2682653";"ESEGUITO";"buy";"0.2";"D30EUR";"26382.20";"3105289"
"VMI3047753";"215D85D7";"20260807";"16:30:00";"50503392";"2682652";"ESEGUITO";"buy";"0.2";"D30EUR";"26380.20";"3105288"
"VMI3047753";"215D85D7";"20260807";"16:30:00";"50503392";"3105288";"PIAZZATO";"buy";"0.2";"D30EUR";"26380.20";"3105288"
"VMI3047753";"215D85D7";"20260807";"18:20:16";"50503392";"2683836";"ESEGUITO";"sell";"0.2";"D30EUR";"26303.30";"3106508"
"VMI3047753";"215D85D7";"20260807";"18:20:16";"50503392";"2683835";"ESEGUITO";"sell";"0.2";"D30EUR";"26303.30";"3106507"
"VMI3047753";"215D85D7";"20260807";"18:30:00";"50503392";"3106571";"PIAZZATO";"sell";"0.2";"U30USD";"53923.50";"3106571"
"VMI3047753";"215D85D7";"20260807";"18:30:00";"50503392";"2683889";"ESEGUITO";"sell";"0.2";"U30USD";"53923.50";"3106571"
"VMI3047753";"215D85D7";"20260807";"21:03:00";"50503392";"";"FALLITO";"market buy 0.5 D30EUR sl: 26278.56 tp: 26345.70 [Invalid stops]";"";"";"";""
"VMI3047753";"215D85D7";"20260807";"21:03:00";"50503392";"";"FALLITO";"market buy 0.5 D30EUR sl: 26278.56 tp: 26332.80 [Invalid stops]";"";"";"";""
"VMI3047753";"215D85D7";"20260807";"21:03:00";"50503392";"";"FALLITO";"market buy 0.6 D30EUR sl: 26278.56 tp: 26317.50 [Invalid stops]";"";"";"";""
"VMI3047753";"215D85D7";"20260807";"21:30:03";"50503635";"3107171";"PIAZZATO";"sell stop";"3.4";"NASUSD";"29562.60";"3107171"
"VMI3047753";"215D85D7";"20260807";"21:30:03";"50503635";"";"FALLITO";"buy stop 3.4 NASUSD at 29641.90 sl: 29563.10 tp: 29878.30 [Invalid price]";"";"";"";""
"VMI3047753";"215D85D7";"20260807";"21:30:03";"50503635";"";"FALLITO";"buy stop 3.4 NASUSD at 29641.40 sl: 29562.60 tp: 29877.80 [Invalid price]";"";"";"";""
"VMI3047753";"215D85D7";"20260807";"21:30:03";"50503635";"";"FALLITO";"buy stop 17 NASUSD at 29635.70 sl: 29571.30 tp: 29764.50 [Invalid price]";"";"";"";""
"VMI3047753";"215D85D7";"20260807";"21:30:03";"50503635";"3107170";"PIAZZATO";"sell stop";"17";"NASUSD";"29561.30";"3107170"
"VMI3047753";"215D85D7";"20260807";"21:35:50";"50503635";"3107170";"ANNULLATO";"sell stop";"17";"NASUSD";"";"3107170"
"VMI3047753";"215D85D7";"20260807";"21:35:51";"50503635";"3107171";"ANNULLATO";"sell stop";"3.4";"NASUSD";"";"3107171"
"VMI3047753";"BCA8AD18";"20260809";"19:04:43";"50504263";"";"FALLITO";"get list of signals";"";"";"";""
"VMI3047753";"BCA8AD18";"20260809";"19:06:44";"0";"";"FALLITO";"get list of signals";"";"";"";""
"VMI3047753";"215D85D7";"20260810";"03:39:00";"50503392";"";"FALLITO";"market buy 0.5 D30EUR sl: 26286.41 tp: 26342.90 [Invalid stops]";"";"";"";""
"VMI3047753";"215D85D7";"20260810";"03:39:00";"50503392";"";"FALLITO";"market buy 0.4 D30EUR sl: 26286.41 tp: 26379.40 [Invalid stops]";"";"";"";""
"VMI3047753";"215D85D7";"20260810";"03:39:00";"50503392";"";"FALLITO";"market buy 0.4 D30EUR sl: 26286.41 tp: 26360.80 [Invalid stops]";"";"";"";""
"VMI3047753";"215D85D7";"20260810";"06:00:00";"50503392";"3109168";"PIAZZATO";"sell limit";"0.8";"EURUSD";"1.15662";"3109168"
"VMI3047753";"215D85D7";"20260810";"06:00:00";"50503392";"3109169";"PIAZZATO";"buy limit";"0.8";"EURUSD";"1.15487";"3109169"
"VMI3047753";"215D85D7";"20260810";"06:06:02";"50503392";"2686462";"ESEGUITO";"buy";"0.8";"EURUSD";"1.15487";"3109169"
"VMI3047753";"215D85D7";"20260810";"08:59:00";"50503392";"3109645";"PIAZZATO";"buy stop";"3.14";"EURUSD";"1.16619";"3109645"
"VMI3047753";"215D85D7";"20260810";"08:59:00";"50503392";"3109646";"PIAZZATO";"sell stop";"3.14";"EURUSD";"1.14487";"3109646"
"VMI3047753";"215D85D7";"20260810";"09:03:00";"50503392";"";"FALLITO";"market buy 0.3 D30EUR sl: 26318.02 tp: 26397.20 [Invalid stops]";"";"";"";""
"VMI3047753";"215D85D7";"20260810";"09:03:00";"50503392";"";"FALLITO";"market buy 0.5 D30EUR sl: 26318.02 tp: 26367.40 [Invalid stops]";"";"";"";""
"VMI3047753";"215D85D7";"20260810";"09:03:00";"50503392";"";"FALLITO";"market buy 0.3 D30EUR sl: 26318.02 tp: 26437.65 [Invalid stops]";"";"";"";""
"VMI3047753";"215D85D7";"20260810";"09:15:00";"50503392";"3109750";"PIAZZATO";"buy stop";"0.8";"D30EUR";"26379.70";"3109750"
"VMI3047753";"215D85D7";"20260810";"09:16:16";"50503392";"2686904";"ESEGUITO";"sell";"1.7";"D30EUR";"26313.00";"3109763"
"VMI3047753";"215D85D7";"20260810";"09:16:16";"50503392";"3109762";"ANNULLATO";"buy stop";"1.7";"D30EUR";"";"3109762"
"VMI3047753";"215D85D7";"20260810";"09:25:17";"50503392";"2686973";"ESEGUITO";"sell";"0.8";"EURUSD";"1.15575";"3109838"
"VMI3047753";"215D85D7";"20260810";"09:30:01";"50503392";"3109646";"ANNULLATO";"sell stop";"3.14";"EURUSD";"";"3109646"
"VMI3047753";"215D85D7";"20260810";"09:30:01";"50503392";"3109645";"ANNULLATO";"buy stop";"3.14";"EURUSD";"";"3109645"
"VMI3047753";"215D85D7";"20260810";"10:00:08";"50503392";"2687175";"ESEGUITO";"buy";"1.7";"D30EUR";"26372.90";"3110062"
"VMI3047753";"BCA8AD18";"20260810";"10:55:30";"50504263";"3110409";"PIAZZATO";"buy limit";"9.7";"D30EUR";"26370.70";"3110409"
"VMI3047753";"215D85D7";"20260810";"10:55:47";"50503392";"2687505";"ESEGUITO";"buy";"0.8";"D30EUR";"26379.70";"3109750"
"VMI3047753";"215D85D7";"20260810";"11:25:02";"50503392";"2687696";"ESEGUITO";"sell";"0.4";"D30EUR";"26401.40";"3110600"
"VMI3047753";"215D85D7";"20260810";"11:25:02";"50503392";"3110600";"PIAZZATO";"sell";"0.4";"D30EUR";"26401.40";"3110600"
"VMI3047753";"215D85D7";"20260810";"11:37:32";"50503392";"";"FALLITO";"cancel order #3110713 sell 0.4 D30EUR at 26397.50000 [Invalid request]";"";"";"";""
"VMI3047753";"215D85D7";"20260810";"11:37:32";"50503392";"2687805";"ESEGUITO";"sell";"0.4";"D30EUR";"26397.50";"3110713"
"VMI3047753";"215D85D7";"20260810";"15:30:01";"50503392";"3112307";"PIAZZATO";"buy stop";"0.1";"NASUSD";"29771.30";"3112307"
"VMI3047753";"215D85D7";"20260810";"15:30:01";"50503392";"3112308";"PIAZZATO";"sell stop";"0.1";"NASUSD";"29655.80";"3112308"
"VMI3047753";"215D85D7";"20260810";"15:30:01";"50503392";"3112306";"PIAZZATO";"buy stop";"0.1";"NASUSD";"29771.80";"3112306"
"VMI3047753";"215D85D7";"20260810";"15:30:01";"50503392";"3112303";"PIAZZATO";"buy stop";"1.2";"NASUSD";"29718.50";"3112303"
"VMI3047753";"215D85D7";"20260810";"15:30:01";"50503392";"3112304";"PIAZZATO";"sell stop";"1.2";"NASUSD";"29667.20";"3112304"
"VMI3047753";"215D85D7";"20260810";"15:30:11";"50503392";"2689275";"ESEGUITO";"buy";"1.2";"NASUSD";"29718.50";"3112303"
"VMI3047753";"215D85D7";"20260810";"15:30:11";"50503392";"3112304";"ANNULLATO";"sell stop";"1.2";"NASUSD";"";"3112304"
"VMI3047753";"215D85D7";"20260810";"15:34:03";"50503392";"2689345";"ESEGUITO";"sell";"1.2";"NASUSD";"29677.20";"3112389"
"VMI3047753";"215D85D7";"20260810";"15:34:19";"50503392";"2689362";"ESEGUITO";"sell";"0.1";"NASUSD";"29655.80";"3112308"
"VMI3047753";"215D85D7";"20260810";"15:34:19";"50503392";"3112307";"ANNULLATO";"buy stop";"0.1";"NASUSD";"";"3112307"
"VMI3047753";"215D85D7";"20260810";"15:39:06";"50503392";"2689439";"ESEGUITO";"buy";"0.1";"NASUSD";"29652.80";"3112485"
"VMI3047753";"215D85D7";"20260810";"16:00:00";"50503392";"";"FALLITO";"buy stop 0.5 NASUSD at 29694.50 sl: 29605.70 tp: 29916.00 [Invalid price]";"";"";"";""
"VMI3047753";"215D85D7";"20260810";"16:00:00";"50503392";"2689741";"ESEGUITO";"buy";"0.1";"NASUSD";"29694.30";"3112807"
"VMI3047753";"215D85D7";"20260810";"16:00:00";"50503392";"2689740";"ESEGUITO";"buy";"0.1";"NASUSD";"29694.30";"3112806"
"VMI3047753";"215D85D7";"20260810";"16:00:00";"50503392";"3112806";"PIAZZATO";"buy";"0.1";"NASUSD";"29694.30";"3112806"
"VMI3047753";"215D85D7";"20260810";"16:00:00";"50503392";"3112807";"PIAZZATO";"buy";"0.1";"NASUSD";"29694.30";"3112807"
"VMI3047753";"215D85D7";"20260810";"16:00:00";"50503392";"";"FALLITO";"buy stop 0.4 NASUSD at 29694.50 sl: 29605.70 tp: 29960.30 [Invalid price]";"";"";"";""
"VMI3047753";"215D85D7";"20260810";"16:10:41";"50503392";"2689938";"ESEGUITO";"buy";"0.1";"NASUSD";"29771.80";"3112306"
"VMI3047753";"215D85D7";"20260810";"16:18:00";"50503392";"";"FALLITO";"market buy 0.3 D30EUR sl: 26293.71 tp: 26372.50 [Invalid stops]";"";"";"";""
"VMI3047753";"215D85D7";"20260810";"16:18:00";"50503392";"";"FALLITO";"market buy 0.2 D30EUR sl: 26293.71 tp: 26434.30 [Invalid stops]";"";"";"";""
"VMI3047753";"215D85D7";"20260810";"16:18:00";"50503392";"";"FALLITO";"market buy 0.2 D30EUR sl: 26293.71 tp: 26400.40 [Invalid stops]";"";"";"";""
"VMI3047753";"215D85D7";"20260810";"16:46:14";"50503392";"3113524";"PIAZZATO";"buy limit";"0.3";"U30USD";"54007.50";"3113524"
"VMI3047753";"BCA8AD18";"20260810";"16:46:14";"50504263";"3113525";"PIAZZATO";"buy limit";"4.4";"U30USD";"54007.50";"3113525"
"VMI3047753";"215D85D7";"20260810";"16:53:40";"50503392";"2690491";"ESEGUITO";"buy";"0.3";"U30USD";"54007.50";"3113524"
"VMI3047753";"BCA8AD18";"20260810";"16:53:40";"50504263";"2690492";"ESEGUITO";"buy";"4.4";"U30USD";"54007.50";"3113525"
"VMI3047753";"215D85D7";"20260810";"16:54:01";"50503392";"2690500";"ESEGUITO";"sell";"0.1";"NASUSD";"29694.30";"3113595"
"VMI3047753";"215D85D7";"20260810";"16:54:01";"50503392";"2690501";"ESEGUITO";"sell";"0.1";"NASUSD";"29694.30";"3113596"
"VMI3047753";"215D85D7";"20260810";"17:00:00";"50503392";"3113665";"PIAZZATO";"buy stop";"0.3";"U30USD";"53994.70";"3113665"
"VMI3047753";"215D85D7";"20260810";"17:00:00";"50503392";"2690563";"ESEGUITO";"buy";"0.1";"U30USD";"53994.50";"3113664"
"VMI3047753";"215D85D7";"20260810";"17:00:00";"50503392";"3113664";"PIAZZATO";"buy";"0.1";"U30USD";"53994.50";"3113664"
"VMI3047753";"215D85D7";"20260810";"17:00:00";"50503392";"2690564";"ESEGUITO";"buy";"0.3";"U30USD";"53994.70";"3113665"
"VMI3047753";"215D85D7";"20260810";"17:12:42";"50503392";"2690677";"ESEGUITO";"sell";"0.1";"NASUSD";"29656.30";"3113787"
"VMI3047753";"215D85D7";"20260810";"17:25:28";"50503392";"2690801";"ESEGUITO";"sell";"0.3";"U30USD";"54036.50";"3113918"
"VMI3047753";"BCA8AD18";"20260810";"17:25:28";"50504263";"2690802";"ESEGUITO";"sell";"4.4";"U30USD";"54036.50";"3113919"
"VMI3047753";"215D85D7";"20260810";"18:32:01";"50503392";"2691366";"ESEGUITO";"sell";"0.3";"U30USD";"53867.60";"3114504"
"VMI3047753";"215D85D7";"20260810";"18:32:01";"50503392";"2691365";"ESEGUITO";"sell";"0.1";"U30USD";"53867.60";"3114503"
"VMI3047753";"215D85D7";"20260810";"21:09:09";"50503392";"";"FALLITO";"market buy 0.6 D30EUR sl: 26302.74 tp: 26356.50 [Invalid stops]";"";"";"";""
"VMI3047753";"215D85D7";"20260810";"21:09:09";"50503392";"";"FALLITO";"market buy 0.6 D30EUR sl: 26302.74 tp: 26345.50 [Invalid stops]";"";"";"";""
"VMI3047753";"215D85D7";"20260810";"21:09:09";"50503392";"";"FALLITO";"market buy 0.8 D30EUR sl: 26302.74 tp: 26333.40 [Invalid stops]";"";"";"";""
"VMI3047753";"215D85D7";"20260810";"22:00:00";"50503392";"2692357";"ESEGUITO";"buy";"0.1";"U30USD";"53961.50";"3115526"
"VMI3047753";"215D85D7";"20260810";"22:00:00";"50503392";"3115527";"PIAZZATO";"buy stop";"0.3";"U30USD";"53961.70";"3115527"
"VMI3047753";"215D85D7";"20260810";"22:00:00";"50503392";"3115526";"PIAZZATO";"buy";"0.1";"U30USD";"53961.50";"3115526"
"VMI3047753";"215D85D7";"20260810";"23:22:59";"50503392";"";"FALLITO";"market sell 0.1 U30USD, close #3115526 buy 0.1 U30USD 53961.50 [Market closed]";"";"";"";""
"VMI3047753";"215D85D7";"20260810";"23:24:02";"50503392";"";"FALLITO";"cancel order #3115527 buy stop 0.3 U30USD at 53961.70 sl: 53851.50 tp: 54291.70 [Market closed]";"";"";"";""
"VMI3047753";"215D85D7";"20260811";"08:00:00";"50503392";"3117199";"PIAZZATO";"buy stop";"0.01";"XAUUSD";"4437.58";"3117199"
"VMI3047753";"215D85D7";"20260811";"08:00:00";"50503392";"3117200";"PIAZZATO";"sell stop";"0.01";"XAUUSD";"4364.99";"3117200"
"VMI3047753";"215D85D7";"20260811";"08:29:13";"50503392";"2694084";"ESEGUITO";"sell";"0.01";"XAUUSD";"4364.99";"3117200"
"VMI3047753";"215D85D7";"20260811";"08:29:13";"50503392";"3117199";"ANNULLATO";"buy stop";"0.01";"XAUUSD";"";"3117199"
"VMI3047753";"215D85D7";"20260811";"08:33:20";"50503392";"2694130";"ESEGUITO";"sell";"0.1";"U30USD";"53867.60";"3117502"
"VMI3047753";"215D85D7";"20260811";"09:15:00";"50503392";"3117812";"PIAZZATO";"buy stop";"0.7";"D30EUR";"26391.80";"3117812"
"VMI3047753";"215D85D7";"20260811";"12:00:00";"50503392";"3119062";"PIAZZATO";"buy stop";"0.6";"U30USD";"53909.70";"3119062"
"VMI3047753";"215D85D7";"20260811";"12:00:00";"50503392";"3119061";"PIAZZATO";"buy";"0.2";"U30USD";"53909.50";"3119061"
"VMI3047753";"215D85D7";"20260811";"12:00:00";"50503392";"2695469";"ESEGUITO";"buy";"0.2";"U30USD";"53909.50";"3119061"
"VMI3047753";"215D85D7";"20260811";"12:00:00";"50503392";"2695470";"ESEGUITO";"buy";"0.6";"U30USD";"53909.70";"3119062"
"VMI3047753";"215D85D7";"20260811";"12:28:18";"50503392";"2695641";"ESEGUITO";"sell";"0.1";"U30USD";"53951.50";"3119257"
"VMI3047753";"215D85D7";"20260811";"12:28:18";"50503392";"3119257";"PIAZZATO";"sell";"0.1";"U30USD";"53951.50";"3119257"
"VMI3047753";"215D85D7";"20260811";"12:28:20";"50503392";"3119259";"PIAZZATO";"sell";"0.2";"U30USD";"53952.50";"3119259"
"VMI3047753";"215D85D7";"20260811";"12:28:20";"50503392";"2695643";"ESEGUITO";"sell";"0.2";"U30USD";"53952.50";"3119259"
"VMI3047753";"215D85D7";"20260811";"14:06:21";"50503392";"3120077";"PIAZZATO";"buy limit";"1.3";"D30EUR";"26382.80";"3120077"
"VMI3047753";"BCA8AD18";"20260811";"14:06:21";"50504263";"3120078";"PIAZZATO";"buy limit";"8.3";"D30EUR";"26382.80";"3120078"
"VMI3047753";"215D85D7";"20260811";"14:22:03";"50503392";"";"FALLITO";"modify #3120077 buy 1.3 D30EUR sl: 26305.10, tp: 26615.90 -> sl: 26385.80, tp: 26615.90 [Invalid stops]";"";"";"";""
"VMI3047753";"BCA8AD18";"20260811";"14:22:03";"50504263";"";"FALLITO";"modify #3120078 buy 8.3 D30EUR sl: 26305.10, tp: 26615.90 -> sl: 26385.80, tp: 26615.90 [Invalid stops]";"";"";"";""
"VMI3047753";"BCA8AD18";"20260811";"14:22:03";"50504263";"2696638";"ESEGUITO";"buy";"8.3";"D30EUR";"26382.80";"3120078"
"VMI3047753";"215D85D7";"20260811";"14:22:03";"50503392";"2696639";"ESEGUITO";"buy";"1.3";"D30EUR";"26382.80";"3120077"
"VMI3047753";"BCA8AD18";"20260811";"14:22:49";"50504263";"2696649";"ESEGUITO";"sell";"8.3";"D30EUR";"26385.80";"3120301"
"VMI3047753";"215D85D7";"20260811";"14:22:49";"50503392";"2696648";"ESEGUITO";"sell";"1.3";"D30EUR";"26385.80";"3120300"
"VMI3047753";"215D85D7";"20260811";"15:30:00";"50503392";"3121145";"PIAZZATO";"buy stop";"0.2";"NASUSD";"29760.20";"3121145"
"VMI3047753";"215D85D7";"20260811";"15:30:00";"50503392";"3121147";"PIAZZATO";"sell stop";"0.2";"NASUSD";"29704.90";"3121147"
"VMI3047753";"215D85D7";"20260811";"15:30:00";"50503392";"3121146";"PIAZZATO";"buy stop";"0.2";"NASUSD";"29760.70";"3121146"
"VMI3047753";"215D85D7";"20260811";"15:30:03";"50503392";"2697447";"ESEGUITO";"sell";"0.2";"NASUSD";"29704.90";"3121147"
"VMI3047753";"215D85D7";"20260811";"15:30:03";"50503392";"3121145";"ANNULLATO";"buy stop";"0.2";"NASUSD";"";"3121145"
"VMI3047753";"215D85D7";"20260811";"15:30:36";"50503392";"2697511";"ESEGUITO";"sell";"0.1";"U30USD";"54101.50";"3121204"
"VMI3047753";"215D85D7";"20260811";"15:30:36";"50503392";"2697512";"ESEGUITO";"sell";"0.4";"U30USD";"54101.70";"3121205"
"VMI3047753";"215D85D7";"20260811";"15:31:16";"50503392";"2697568";"ESEGUITO";"buy";"0.1";"NASUSD";"29646.60";"3121262"
"VMI3047753";"215D85D7";"20260811";"15:31:16";"50503392";"3121262";"PIAZZATO";"buy";"0.1";"NASUSD";"29646.60";"3121262"
"VMI3047753";"215D85D7";"20260811";"15:35:08";"50503392";"2697954";"ESEGUITO";"buy";"0.1";"NASUSD";"29631.30";"3121657"
"VMI3047753";"BCA8AD18";"20260811";"15:45:00";"50504263";"3122201";"PIAZZATO";"buy stop";"4.1";"U30USD";"54178.50";"3122201"
"VMI3047753";"215D85D7";"20260811";"15:45:00";"50503392";"3122202";"PIAZZATO";"buy stop";"0.7";"U30USD";"54178.50";"3122202"
"VMI3047753";"BCA8AD18";"20260811";"15:45:31";"50504263";"2698519";"ESEGUITO";"buy";"4.1";"U30USD";"54178.50";"3122201"
"VMI3047753";"215D85D7";"20260811";"15:45:31";"50503392";"2698520";"ESEGUITO";"buy";"0.7";"U30USD";"54178.50";"3122202"
"VMI3047753";"BCA8AD18";"20260811";"16:03:36";"50504263";"2698821";"ESEGUITO";"sell";"4.1";"U30USD";"54129.40";"3122543"
"VMI3047753";"215D85D7";"20260811";"16:03:36";"50503392";"2698820";"ESEGUITO";"sell";"0.7";"U30USD";"54129.40";"3122542"
"VMI3047753";"215D85D7";"20260811";"17:07:51";"50503392";"3123116";"PIAZZATO";"buy stop";"0.6";"U30USD";"54190.50";"3123116"
"VMI3047753";"215D85D7";"20260811";"17:07:51";"50503392";"";"FALLITO";"buy stop 0.6 D30EUR at 26391.80 sl: 26312.10 tp: 26630.90 [Invalid price]";"";"";"";""
"VMI3047753";"215D85D7";"20260811";"18:30:00";"50503392";"2700011";"ESEGUITO";"buy";"0.01";"XAUUSD";"4383.18";"3123801"
"VMI3047753";"215D85D7";"20260811";"18:30:00";"50503392";"3123801";"PIAZZATO";"buy";"0.01";"XAUUSD";"4383.18";"3123801"
"VMI3047753";"215D85D7";"20260811";"22:00:00";"50503392";"3123116";"ANNULLATO";"buy stop";"0.6";"U30USD";"";"3123116"
"VMI3047753";"215D85D7";"20260812";"08:00:00";"50503392";"3125886";"PIAZZATO";"sell stop";"0.01";"XAUUSD";"4360.01";"3125886"
"VMI3047753";"215D85D7";"20260812";"08:00:00";"50503392";"3125885";"PIAZZATO";"buy stop";"0.01";"XAUUSD";"4418.43";"3125885"
"VMI3047753";"215D85D7";"20260812";"10:46:42";"50503392";"2702759";"ESEGUITO";"buy";"2.7";"D30EUR";"26457.00";"3126316"
"VMI3047753";"BCA8AD18";"20260812";"10:52:10";"50504263";"3126861";"PIAZZATO";"buy limit";"9.7";"D30EUR";"26457.20";"3126861"
"VMI3047753";"215D85D7";"20260812";"11:11:26";"50503392";"2702911";"ESEGUITO";"sell";"2.7";"D30EUR";"26464.10";"3126994"
"VMI3047753";"215D85D7";"20260812";"14:01:39";"50503392";"3128566";"ANNULLATO";"sell stop";"0.01";"XAUUSD";"";"3128566"
"VMI3047753";"215D85D7";"20260812";"14:01:39";"50503392";"3128565";"ANNULLATO";"buy stop";"0.01";"XAUUSD";"";"3128565"
"VMI3047753";"215D85D7";"20260812";"14:01:39";"50503392";"3128565";"PIAZZATO";"buy stop";"0.01";"XAUUSD";"4418.43";"3128565"
"VMI3047753";"215D85D7";"20260812";"14:01:39";"50503392";"3128566";"PIAZZATO";"sell stop";"0.01";"XAUUSD";"4360.01";"3128566"
"VMI3047753";"215D85D7";"20260812";"14:23:53";"50503392";"3128709";"PIAZZATO";"sell stop";"0.01";"XAUUSD";"4360.01";"3128709"
"VMI3047753";"215D85D7";"20260812";"14:23:53";"50503392";"3128708";"PIAZZATO";"buy stop";"0.01";"XAUUSD";"4418.43";"3128708"
"VMI3047753";"215D85D7";"20260812";"14:23:53";"50503392";"3128709";"ANNULLATO";"sell stop";"0.01";"XAUUSD";"";"3128709"
"VMI3047753";"215D85D7";"20260812";"14:23:53";"50503392";"3128708";"ANNULLATO";"buy stop";"0.01";"XAUUSD";"";"3128708"
"VMI3047753";"215D85D7";"20260812";"22:00:00";"50503392";"3134875";"PIAZZATO";"buy limit";"0.2";"U30USD";"53612.10";"3134875"
"VMI3047753";"215D85D7";"20260812";"22:00:00";"50503392";"3134874";"PIAZZATO";"buy limit";"0.1";"U30USD";"53657.90";"3134874"
"VMI3047753";"215D85D7";"20260813";"05:00:00";"50503392";"3136544";"PIAZZATO";"buy limit";"0.3";"U30USD";"53621.60";"3136544"
"VMI3047753";"215D85D7";"20260813";"05:00:00";"50503392";"3136543";"PIAZZATO";"buy limit";"0.2";"U30USD";"53662.90";"3136543"
"VMI3047753";"215D85D7";"20260813";"08:00:00";"50503392";"3137165";"PIAZZATO";"sell stop";"0.01";"XAUUSD";"4378.01";"3137165"
"VMI3047753";"215D85D7";"20260813";"08:00:00";"50503392";"3137163";"PIAZZATO";"buy stop";"0.01";"XAUUSD";"4452.22";"3137163"
"VMI3047753";"215D85D7";"20260813";"08:04:40";"50503392";"2712825";"ESEGUITO";"sell";"0.01";"XAUUSD";"4378.01";"3137165"
"VMI3047753";"215D85D7";"20260813";"08:04:40";"50503392";"3137163";"ANNULLATO";"buy stop";"0.01";"XAUUSD";"";"3137163"
"VMI3047753";"215D85D7";"20260813";"13:36:50";"50503392";"3138771";"ANNULLATO";"buy stop";"1.4";"D30EUR";"";"3138771"
"VMI3047753";"215D85D7";"20260813";"13:36:50";"50503392";"2714344";"ESEGUITO";"sell";"1.4";"D30EUR";"26422.50";"3138772"
"VMI3047753";"215D85D7";"20260813";"14:45:00";"50503392";"";"FALLITO";"modify #3138772 sell 1.4 D30EUR sl: 26494.60, tp: 26206.20 -> sl: 26419.20, tp: 26206.20 [Invalid stops]";"";"";"";""
"VMI3047753";"215D85D7";"20260813";"14:45:02";"50503392";"2715212";"ESEGUITO";"buy";"1.4";"D30EUR";"26419.20";"3139839"
"VMI3047753";"215D85D7";"20260813";"15:45:00";"50503392";"3141558";"PIAZZATO";"buy stop";"0.8";"U30USD";"53993.50";"3141558"
"VMI3047753";"BCA8AD18";"20260813";"15:45:00";"50504263";"3141557";"PIAZZATO";"buy stop";"5";"U30USD";"53993.50";"3141557"
"VMI3047753";"215D85D7";"20260813";"16:05:18";"50503392";"2718275";"ESEGUITO";"buy";"0.8";"U30USD";"53993.50";"3141558"
"VMI3047753";"BCA8AD18";"20260813";"16:05:18";"50504263";"2718274";"ESEGUITO";"buy";"5";"U30USD";"53993.50";"3141557"
"VMI3047753";"BCA8AD18";"20260813";"16:05:24";"50504263";"3142969";"PIAZZATO";"buy limit";"4.7";"U30USD";"53983.50";"3142969"
"VMI3047753";"215D85D7";"20260813";"16:05:24";"50503392";"3142968";"PIAZZATO";"buy limit";"0.3";"U30USD";"53983.50";"3142968"
"VMI3047753";"BCA8AD18";"20260813";"16:06:04";"50504263";"2718342";"ESEGUITO";"buy";"4.7";"U30USD";"53983.50";"3142969"
"VMI3047753";"215D85D7";"20260813";"16:06:04";"50503392";"2718341";"ESEGUITO";"buy";"0.3";"U30USD";"53983.50";"3142968"
"VMI3047753";"BCA8AD18";"20260813";"16:17:13";"50504263";"2719344";"ESEGUITO";"sell";"5";"U30USD";"53935.80";"3144047"
"VMI3047753";"215D85D7";"20260813";"16:17:13";"50503392";"2719343";"ESEGUITO";"sell";"0.8";"U30USD";"53935.80";"3144046"
"VMI3047753";"BCA8AD18";"20260813";"16:30:05";"50504263";"2720067";"ESEGUITO";"sell";"4.7";"U30USD";"54010.50";"3144770"
"VMI3047753";"215D85D7";"20260813";"16:30:05";"50503392";"2720066";"ESEGUITO";"sell";"0.3";"U30USD";"54010.50";"3144769"
"VMI3047753";"215D85D7";"20260813";"18:30:00";"50503392";"2727472";"ESEGUITO";"buy";"0.01";"XAUUSD";"4362.75";"3152184"
"VMI3047753";"215D85D7";"20260813";"18:30:00";"50503392";"3152184";"PIAZZATO";"buy";"0.01";"XAUUSD";"4362.75";"3152184"
"VMI3047753";"215D85D7";"20260813";"19:00:00";"50503392";"3153298";"PIAZZATO";"buy limit";"0.2";"U30USD";"53687.10";"3153298"
"VMI3047753";"215D85D7";"20260813";"19:00:00";"50503392";"3153299";"PIAZZATO";"buy limit";"0.3";"U30USD";"53644.20";"3153299"
"VMI3047753";"215D85D7";"20260814";"01:00:00";"50503392";"3158560";"PIAZZATO";"sell stop";"0.17";"EURAUD";"1.63151";"3158560"
"VMI3047753";"215D85D7";"20260814";"01:05:00";"50503392";"3158568";"PIAZZATO";"buy stop";"0.01";"XAUUSD";"4449.72";"3158568"
"VMI3047753";"215D85D7";"20260814";"08:00:00";"50503392";"3160053";"PIAZZATO";"sell stop";"0.01";"XAUUSD";"4308.37";"3160053"
"VMI3047753";"215D85D7";"20260814";"08:00:00";"50503392";"3160052";"PIAZZATO";"buy stop";"0.01";"XAUUSD";"4366.56";"3160052"
"VMI3047753";"215D85D7";"20260814";"09:49:24";"50503392";"2735926";"ESEGUITO";"buy";"2";"D30EUR";"26479.00";"3160534"
"VMI3047753";"215D85D7";"20260814";"09:49:24";"50503392";"3160535";"ANNULLATO";"sell stop";"2";"D30EUR";"";"3160535"
"VMI3047753";"BCA8AD18";"20260814";"09:50:14";"50504263";"3160789";"PIAZZATO";"buy limit";"11.8";"D30EUR";"26476.80";"3160789"
"VMI3047753";"BCA8AD18";"20260814";"09:50:21";"50504263";"2735935";"ESEGUITO";"buy";"11.8";"D30EUR";"26476.80";"3160789"
"VMI3047753";"215D85D7";"20260814";"10:17:54";"50503392";"2737314";"ESEGUITO";"sell";"2";"D30EUR";"26426.70";"3162207"
"VMI3047753";"BCA8AD18";"20260814";"10:18:21";"50504263";"2737316";"ESEGUITO";"sell";"11.8";"D30EUR";"26421.90";"3162210"
"VMI3047753";"215D85D7";"20260814";"13:00:00";"50503392";"3162959";"PIAZZATO";"buy";"0.3";"EURJPY";"183.948";"3162959"
"VMI3047753";"215D85D7";"20260814";"13:00:00";"50503392";"2737995";"ESEGUITO";"buy";"0.3";"EURJPY";"183.948";"3162959"
"VMI3047753";"215D85D7";"20260814";"16:11:04";"50503392";"3165340";"PIAZZATO";"sell stop";"0.01";"XAUUSD";"4308.37";"3165340"
"VMI3047753";"215D85D7";"20260814";"16:11:04";"50503392";"3165340";"ANNULLATO";"sell stop";"0.01";"XAUUSD";"";"3165340"
"VMI3047753";"215D85D7";"20260814";"16:11:04";"50503392";"";"FALLITO";"buy stop 0.01 XAUUSD at 4366.56 sl: 4308.37 tp: 4599.32 [Invalid price]";"";"";"";""
"VMI3047753";"215D85D7";"20260814";"17:00:00";"50503392";"3165918";"PIAZZATO";"buy limit";"0.2";"U30USD";"53711.60";"3165918"
"VMI3047753";"215D85D7";"20260814";"17:00:01";"50503392";"3165919";"PIAZZATO";"buy limit";"0.4";"U30USD";"53680.40";"3165919"
"VMI3047753";"215D85D7";"20260814";"17:43:24";"50503392";"2741234";"ESEGUITO";"buy";"0.2";"U30USD";"53711.60";"3165918"
"VMI3047753";"215D85D7";"20260814";"18:58:20";"50503392";"2741619";"ESEGUITO";"buy";"0.4";"U30USD";"53680.40";"3165919"
"VMI3047753";"215D85D7";"20260814";"19:00:00";"50503392";"2741625";"ESEGUITO";"sell";"0.33";"GBPUSD";"1.35388";"3166766"
"VMI3047753";"215D85D7";"20260814";"19:00:00";"50503392";"3166766";"PIAZZATO";"sell";"0.33";"GBPUSD";"1.35388";"3166766"
"VMI3047753";"215D85D7";"20260814";"19:10:01";"50503392";"2741646";"ESEGUITO";"buy";"0.16";"GBPUSD";"1.35324";"3166791"
"VMI3047753";"215D85D7";"20260814";"19:10:01";"50503392";"3166791";"PIAZZATO";"buy";"0.16";"GBPUSD";"1.35324";"3166791"
"VMI3047753";"215D85D7";"20260814";"19:19:48";"50503392";"2741679";"ESEGUITO";"buy";"0.17";"GBPUSD";"1.35287";"3166824"
"VMI3047753";"215D85D7";"20260814";"20:13:30";"50503392";"3167082";"PIAZZATO";"sell";"0.2";"U30USD";"53768.50";"3167082"
"VMI3047753";"215D85D7";"20260814";"20:13:30";"50503392";"2741936";"ESEGUITO";"sell";"0.2";"U30USD";"53768.50";"3167082"
"VMI3047753";"215D85D7";"20260814";"20:13:31";"50503392";"2741937";"ESEGUITO";"sell";"0.1";"U30USD";"53768.50";"3167083"
"VMI3047753";"215D85D7";"20260814";"20:13:31";"50503392";"3167083";"PIAZZATO";"sell";"0.1";"U30USD";"53768.50";"3167083"
"VMI3047753";"215D85D7";"20260814";"20:13:41";"50503392";"2741939";"ESEGUITO";"sell";"0.2";"U30USD";"53768.20";"3167085"
"VMI3047753";"215D85D7";"20260814";"20:13:41";"50503392";"2741938";"ESEGUITO";"sell";"0.1";"U30USD";"53768.20";"3167084"
"VMI3047753";"215D85D7";"20260814";"21:00:00";"50503392";"3167178";"PIAZZATO";"buy limit";"0.3";"U30USD";"53676.60";"3167178"
"VMI3047753";"215D85D7";"20260814";"21:00:00";"50503392";"3167177";"PIAZZATO";"buy limit";"0.2";"U30USD";"53715.70";"3167177"
"VMI3047753";"215D85D7";"20260814";"21:55:19";"50503392";"2742159";"ESEGUITO";"buy";"0.2";"U30USD";"53715.70";"3167177"
