Data Ora;Impatto;Valuta;Titolo
2021.01.04 14:45;High;USD;SP Global US Manufacturing PMI (Dec)
2021.01.05 15:00;High;USD;ISM Manufacturing PMI (Dec)
2021.01.05 15:00;High;USD;ISM Manufacturing Prices (Dec)
2021.01.06 13:15;High;USD;ADP Nonfarm Employment Change (Dec)
2021.01.06 14:45;High;USD;SP Global Services PMI (Dec)
2021.01.06 15:30;High;USD;Crude Oil Inventories
2021.01.06 19:00;High;USD;FOMC Meeting Minutes
2021.01.07 10:00;High;EUR;CPI (YoY) (Dec)
2021.01.07 13:30;High;USD;Initial Jobless Claims
2021.01.07 15:00;High;USD;ISM Non-Manufacturing PMI (Dec)
2021.01.07 15:00;High;USD;ISM Non-Manufacturing Prices (Dec)
2021.01.08 13:30;High;USD;Average Hourly Earnings (MoM) (Dec)
2021.01.08 13:30;High;USD;Nonfarm Payrolls (Dec)
2021.01.08 13:30;High;USD;Unemployment Rate (Dec)
2021.01.12 15:00;High;USD;JOLTs Job Openings (Nov)
2021.01.12 18:00;High;USD;10-Year Note Auction
2021.01.13 13:30;High;USD;CPI (MoM) (Dec)
2021.01.13 13:30;High;USD;CPI (YoY) (Dec)
2021.01.13 13:30;High;USD;Core CPI (MoM) (Dec)
2021.01.13 15:30;High;USD;Crude Oil Inventories
2021.01.13 18:01;High;USD;30-Year Bond Auction
2021.01.14 13:30;High;USD;Initial Jobless Claims
2021.01.14 17:30;High;USD;Fed Chair Powell Speaks
2021.01.15 00:15;High;USD;U.S. President Biden Speaks
2021.01.15 07:00;High;GBP;GDP (MoM)
2021.01.15 13:30;High;USD;Core Retail Sales (MoM) (Dec)
2021.01.15 13:30;High;USD;PPI (MoM) (Dec)
2021.01.15 13:30;High;USD;Retail Sales (MoM) (Dec)
2021.01.20 07:00;High;GBP;CPI (YoY) (Dec)
2021.01.20 10:00;High;EUR;CPI (YoY) (Dec)
2021.01.20 15:00;High;CAD;BoC Interest Rate Decision
2021.01.20 16:30;High;USD;U.S. President Biden Speaks
2021.01.21 02:38;High;JPY;BoJ Interest Rate Decision
2021.01.21 12:45;High;EUR;Deposit Facility Rate (Jan)
2021.01.21 12:45;High;EUR;ECB Interest Rate Decision (Jan)
2021.01.21 13:30;High;EUR;ECB Press Conference
2021.01.21 13:30;High;USD;Initial Jobless Claims
2021.01.21 13:30;High;USD;Philadelphia Fed Manufacturing Index (Jan)
2021.01.22 14:45;High;USD;SP Global Services PMI (Jan)
2021.01.22 14:45;High;USD;SP Global US Manufacturing PMI (Jan)
2021.01.22 15:00;High;USD;Existing Home Sales (Dec)
2021.01.22 16:00;High;USD;Crude Oil Inventories
2021.01.26 15:00;High;USD;CB Consumer Confidence (Jan)
2021.01.27 13:30;High;USD;Durable Goods Orders (MoM) (Dec)
2021.01.27 15:30;High;USD;Crude Oil Inventories
2021.01.27 19:00;High;USD;FOMC Statement
2021.01.27 19:00;High;USD;Fed Interest Rate Decision
2021.01.27 19:30;High;USD;FOMC Press Conference
2021.01.28 13:30;High;USD;GDP (QoQ) (Q4)
2021.01.28 13:30;High;USD;Initial Jobless Claims
2021.01.28 15:00;High;USD;New Home Sales (Dec)
2021.01.29 13:30;High;USD;Core PCE Price Index (MoM) (Dec)
2021.01.29 13:30;High;USD;Core PCE Price Index (YoY) (Dec)
2021.01.29 14:45;High;USD;Chicago PMI (Jan)
2021.02.01 14:45;High;USD;SP Global US Manufacturing PMI (Jan)
2021.02.01 15:00;High;USD;ISM Manufacturing PMI (Jan)
2021.02.01 15:00;High;USD;ISM Manufacturing Prices (Jan)
2021.02.02 03:30;High;AUD;RBA Interest Rate Decision (Jan)
2021.02.03 10:00;High;EUR;CPI (YoY) (Jan)
2021.02.03 13:15;High;USD;ADP Nonfarm Employment Change (Jan)
2021.02.03 14:45;High;USD;SP Global Services PMI (Jan)
2021.02.03 15:00;High;USD;ISM Non-Manufacturing PMI (Jan)
2021.02.03 15:00;High;USD;ISM Non-Manufacturing Prices (Jan)
2021.02.03 15:30;High;USD;Crude Oil Inventories
2021.02.04 12:00;High;GBP;BoE Inflation Report
2021.02.04 12:00;High;GBP;BoE Interest Rate Decision (Feb)
2021.02.04 13:30;High;USD;Initial Jobless Claims
2021.02.05 13:30;High;USD;Average Hourly Earnings (MoM) (Jan)
2021.02.05 13:30;High;USD;Nonfarm Payrolls (Jan)
2021.02.05 13:30;High;USD;Unemployment Rate (Jan)
2021.02.09 15:00;High;USD;JOLTs Job Openings (Dec)
2021.02.10 13:30;High;USD;CPI (MoM) (Jan)
2021.02.10 13:30;High;USD;CPI (YoY) (Jan)
2021.02.10 13:30;High;USD;Core CPI (MoM) (Jan)
2021.02.10 15:30;High;USD;Crude Oil Inventories
2021.02.10 18:00;High;USD;10-Year Note Auction
2021.02.10 19:00;High;USD;Fed Chair Powell Speaks
2021.02.11 13:30;High;USD;Initial Jobless Claims
2021.02.11 18:00;High;USD;30-Year Bond Auction
2021.02.12 07:00;High;GBP;GDP (MoM)
2021.02.12 07:00;High;GBP;GDP (QoQ) (Q4)
2021.02.12 07:00;High;GBP;GDP (YoY) (Q4)
2021.02.14 23:50;High;JPY;GDP (QoQ) (Q4)
2021.02.17 07:00;High;GBP;CPI (YoY) (Jan)
2021.02.17 13:30;High;USD;Core Retail Sales (MoM) (Jan)
2021.02.17 13:30;High;USD;PPI (MoM) (Jan)
2021.02.17 13:30;High;USD;Retail Sales (MoM) (Jan)
2021.02.17 19:00;High;USD;FOMC Meeting Minutes
2021.02.18 13:30;High;USD;Initial Jobless Claims
2021.02.18 13:30;High;USD;Philadelphia Fed Manufacturing Index (Feb)
2021.02.18 16:00;High;USD;Crude Oil Inventories
2021.02.19 14:45;High;USD;SP Global Services PMI (Feb)
2021.02.19 14:45;High;USD;SP Global US Manufacturing PMI (Feb)
2021.02.19 15:00;High;USD;Existing Home Sales (Jan)
2021.02.19 15:00;High;USD;Fed Monetary Policy Report
2021.02.23 10:00;High;EUR;CPI (YoY) (Jan)
2021.02.23 15:00;High;USD;CB Consumer Confidence (Feb)
2021.02.23 15:00;High;USD;Fed Chair Powell Testifies
2021.02.24 01:00;High;NZD;RBNZ Interest Rate Decision
2021.02.24 15:00;High;USD;Fed Chair Powell Testifies
2021.02.24 15:00;High;USD;New Home Sales (Jan)
2021.02.24 15:30;High;USD;Crude Oil Inventories
2021.02.25 13:30;High;USD;Durable Goods Orders (MoM) (Jan)
2021.02.25 13:30;High;USD;GDP (QoQ) (Q4)
2021.02.25 13:30;High;USD;Initial Jobless Claims
2021.02.26 13:30;High;USD;Core PCE Price Index (MoM) (Jan)
2021.02.26 13:30;High;USD;Core PCE Price Index (YoY) (Jan)
2021.02.26 14:45;High;USD;Chicago PMI (Feb)
2021.03.01 14:45;High;USD;SP Global US Manufacturing PMI (Feb)
2021.03.01 15:00;High;USD;ISM Manufacturing PMI (Feb)
2021.03.01 15:00;High;USD;ISM Manufacturing Prices (Feb)
2021.03.02 03:30;High;AUD;RBA Interest Rate Decision (Mar)
2021.03.02 10:00;High;EUR;CPI (YoY) (Feb)
2021.03.03 12:30;High;GBP;Spring Forecast Statement
2021.03.03 13:15;High;USD;ADP Nonfarm Employment Change (Feb)
2021.03.03 14:45;High;USD;SP Global Services PMI (Feb)
2021.03.03 15:00;High;USD;ISM Non-Manufacturing PMI (Feb)
2021.03.03 15:00;High;USD;ISM Non-Manufacturing Prices (Feb)
2021.03.03 15:30;High;USD;Crude Oil Inventories
2021.03.04 13:30;High;USD;Initial Jobless Claims
2021.03.04 17:05;High;USD;Fed Chair Powell Speaks
2021.03.05 13:30;High;USD;Average Hourly Earnings (MoM) (Feb)
2021.03.05 13:30;High;USD;Nonfarm Payrolls (Feb)
2021.03.05 13:30;High;USD;Unemployment Rate (Feb)
2021.03.08 23:50;High;JPY;GDP (QoQ) (Q4)
2021.03.10 13:30;High;USD;CPI (MoM) (Feb)
2021.03.10 13:30;High;USD;CPI (YoY) (Feb)
2021.03.10 13:30;High;USD;Core CPI (MoM) (Feb)
2021.03.10 15:00;High;CAD;BoC Interest Rate Decision
2021.03.10 15:30;High;USD;Crude Oil Inventories
2021.03.10 18:00;High;USD;10-Year Note Auction
2021.03.11 12:45;High;EUR;Deposit Facility Rate (Mar)
2021.03.11 12:45;High;EUR;ECB Interest Rate Decision (Mar)
2021.03.11 13:30;High;EUR;ECB Press Conference
2021.03.11 13:30;High;USD;Initial Jobless Claims
2021.03.11 15:00;High;USD;JOLTs Job Openings (Jan)
2021.03.11 18:00;High;USD;30-Year Bond Auction
2021.03.12 07:00;High;GBP;GDP (MoM)
2021.03.12 07:00;High;GBP;GDP (YoY)
2021.03.12 13:30;High;USD;PPI (MoM) (Feb)
2021.03.16 12:30;High;USD;Core Retail Sales (MoM) (Feb)
2021.03.16 12:30;High;USD;Retail Sales (MoM) (Feb)
2021.03.17 10:00;High;EUR;CPI (YoY) (Feb)
2021.03.17 14:30;High;USD;Crude Oil Inventories
2021.03.17 18:00;High;USD;FOMC Economic Projections
2021.03.17 18:00;High;USD;FOMC Statement
2021.03.17 18:00;High;USD;Fed Interest Rate Decision
2021.03.17 18:30;High;USD;FOMC Press Conference
2021.03.18 12:00;High;GBP;BoE Interest Rate Decision (Mar)
2021.03.18 12:30;High;USD;Initial Jobless Claims
2021.03.18 12:30;High;USD;Philadelphia Fed Manufacturing Index (Mar)
2021.03.19 03:39;High;JPY;BoJ Interest Rate Decision
2021.03.22 13:00;High;USD;Fed Chair Powell Speaks
2021.03.22 14:00;High;USD;Existing Home Sales (Feb)
2021.03.23 14:00;High;USD;New Home Sales (Feb)
2021.03.23 16:00;High;USD;Fed Chair Powell Testifies
2021.03.24 07:00;High;GBP;CPI (YoY) (Feb)
2021.03.24 12:30;High;USD;Durable Goods Orders (MoM) (Feb)
2021.03.24 13:45;High;USD;SP Global Services PMI (Mar)
2021.03.24 13:45;High;USD;SP Global US Manufacturing PMI (Mar)
2021.03.24 14:00;High;USD;Fed Chair Powell Testifies
2021.03.24 14:30;High;USD;Crude Oil Inventories
2021.03.25 08:30;High;CHF;SNB Interest Rate Decision
2021.03.25 12:30;High;USD;GDP (QoQ) (Q4)
2021.03.25 12:30;High;USD;Initial Jobless Claims
2021.03.26 13:30;High;USD;Core PCE Price Index (MoM) (Feb)
2021.03.26 13:30;High;USD;Core PCE Price Index (YoY) (Feb)
2021.03.30 14:00;High;USD;CB Consumer Confidence (Mar)
2021.03.31 06:00;High;GBP;GDP (QoQ) (Q4)
2021.03.31 06:00;High;GBP;GDP (YoY) (Q4)
2021.03.31 09:00;High;EUR;CPI (YoY) (Mar)
2021.03.31 12:15;High;USD;ADP Nonfarm Employment Change (Mar)
2021.03.31 13:45;High;USD;Chicago PMI (Mar)
2021.03.31 14:30;High;USD;Crude Oil Inventories
2021.03.31 23:00;High;USD;U.S. President Biden Speaks
2021.04.01 12:30;High;USD;Initial Jobless Claims
2021.04.01 13:45;High;USD;SP Global US Manufacturing PMI (Mar)
2021.04.01 14:00;High;USD;ISM Manufacturing PMI (Mar)
2021.04.01 14:00;High;USD;ISM Manufacturing Prices (Mar)
2021.04.02 12:30;High;USD;Average Hourly Earnings (MoM) (Mar)
2021.04.02 12:30;High;USD;Nonfarm Payrolls (Mar)
2021.04.02 12:30;High;USD;Unemployment Rate (Mar)
2021.04.05 13:45;High;USD;SP Global Services PMI (Mar)
2021.04.05 14:00;High;USD;ISM Non-Manufacturing PMI (Mar)
2021.04.05 14:00;High;USD;ISM Non-Manufacturing Prices (Mar)
2021.04.06 04:30;High;AUD;RBA Interest Rate Decision (Apr)
2021.04.06 14:00;High;USD;JOLTs Job Openings (Feb)
2021.04.07 14:30;High;USD;Crude Oil Inventories
2021.04.07 18:00;High;USD;FOMC Meeting Minutes
2021.04.08 12:30;High;USD;Initial Jobless Claims
2021.04.08 16:00;High;USD;Fed Chair Powell Speaks
2021.04.09 12:30;High;USD;PPI (MoM) (Mar)
2021.04.12 17:00;High;USD;10-Year Note Auction
2021.04.13 06:00;High;GBP;GDP (MoM)
2021.04.13 06:00;High;GBP;GDP (YoY)
2021.04.13 12:30;High;USD;CPI (MoM) (Mar)
2021.04.13 12:30;High;USD;CPI (YoY) (Mar)
2021.04.13 12:30;High;USD;Core CPI (MoM) (Mar)
2021.04.13 17:00;High;USD;30-Year Bond Auction
2021.04.14 02:00;High;NZD;RBNZ Interest Rate Decision
2021.04.14 14:30;High;USD;Crude Oil Inventories
2021.04.14 16:00;High;USD;Fed Chair Powell Speaks
2021.04.15 12:30;High;USD;Core Retail Sales (MoM) (Mar)
2021.04.15 12:30;High;USD;Initial Jobless Claims
2021.04.15 12:30;High;USD;Philadelphia Fed Manufacturing Index (Apr)
2021.04.15 12:30;High;USD;Retail Sales (MoM) (Mar)
2021.04.16 09:00;High;EUR;CPI (YoY) (Mar)
2021.04.21 06:00;High;GBP;CPI (YoY) (Mar)
2021.04.21 14:00;High;CAD;BoC Interest Rate Decision
2021.04.21 14:30;High;USD;Crude Oil Inventories
2021.04.22 11:45;High;EUR;Deposit Facility Rate (Apr)
2021.04.22 11:45;High;EUR;ECB Interest Rate Decision (Apr)
2021.04.22 12:30;High;EUR;ECB Press Conference
2021.04.22 12:30;High;USD;Initial Jobless Claims
2021.04.22 14:00;High;USD;Existing Home Sales (Mar)
2021.04.23 13:45;High;USD;SP Global Services PMI (Apr)
2021.04.23 13:45;High;USD;SP Global US Manufacturing PMI (Apr)
2021.04.23 14:00;High;USD;New Home Sales (Mar)
2021.04.26 12:30;High;USD;Durable Goods Orders (MoM) (Mar)
2021.04.27 03:00;High;JPY;BoJ Interest Rate Decision
2021.04.27 14:00;High;USD;CB Consumer Confidence (Apr)
2021.04.28 14:30;High;USD;Crude Oil Inventories
2021.04.28 18:00;High;USD;FOMC Statement
2021.04.28 18:00;High;USD;Fed Interest Rate Decision
2021.04.28 18:30;High;USD;FOMC Press Conference
2021.04.29 01:00;High;USD;U.S. President Biden Speaks
2021.04.29 12:30;High;USD;GDP (QoQ) (Q1)
2021.04.29 12:30;High;USD;Initial Jobless Claims
2021.04.30 09:00;High;EUR;CPI (YoY) (Apr)
2021.04.30 12:30;High;USD;Core PCE Price Index (MoM) (Mar)
2021.04.30 12:30;High;USD;Core PCE Price Index (YoY) (Mar)
2021.04.30 13:45;High;USD;Chicago PMI (Apr)
2021.05.03 13:45;High;USD;SP Global US Manufacturing PMI (Apr)
2021.05.03 14:00;High;USD;ISM Manufacturing PMI (Apr)
2021.05.03 14:00;High;USD;ISM Manufacturing Prices (Apr)
2021.05.03 18:20;High;USD;Fed Chair Powell Speaks
2021.05.04 04:30;High;AUD;RBA Interest Rate Decision (May)
2021.05.05 12:15;High;USD;ADP Nonfarm Employment Change (Apr)
2021.05.05 13:45;High;USD;SP Global Services PMI (Apr)
2021.05.05 14:00;High;USD;ISM Non-Manufacturing PMI (Apr)
2021.05.05 14:00;High;USD;ISM Non-Manufacturing Prices (Apr)
2021.05.05 14:30;High;USD;Crude Oil Inventories
2021.05.06 11:00;High;GBP;BoE Inflation Report
2021.05.06 11:00;High;GBP;BoE Interest Rate Decision (May)
2021.05.06 12:30;High;USD;Initial Jobless Claims
2021.05.07 12:30;High;USD;Average Hourly Earnings (MoM) (Apr)
2021.05.07 12:30;High;USD;Nonfarm Payrolls (Apr)
2021.05.07 12:30;High;USD;Unemployment Rate (Apr)
2021.05.10 17:15;High;USD;U.S. President Biden Speaks
2021.05.11 14:00;High;USD;JOLTs Job Openings (Mar)
2021.05.12 06:00;High;GBP;GDP (MoM)
2021.05.12 06:00;High;GBP;GDP (QoQ) (Q1)
2021.05.12 06:00;High;GBP;GDP (YoY) (Q1)
2021.05.12 12:30;High;USD;CPI (MoM) (Apr)
2021.05.12 12:30;High;USD;CPI (YoY) (Apr)
2021.05.12 12:30;High;USD;Core CPI (MoM) (Apr)
2021.05.12 14:30;High;USD;Crude Oil Inventories
2021.05.12 17:00;High;USD;10-Year Note Auction
2021.05.13 12:30;High;USD;Initial Jobless Claims
2021.05.13 12:30;High;USD;PPI (MoM) (Apr)
2021.05.13 17:00;High;USD;30-Year Bond Auction
2021.05.14 12:30;High;USD;Core Retail Sales (MoM) (Apr)
2021.05.14 12:30;High;USD;Retail Sales (MoM) (Apr)
2021.05.17 23:50;High;JPY;GDP (QoQ) (Q1)
2021.05.19 06:00;High;GBP;CPI (YoY) (Apr)
2021.05.19 09:00;High;EUR;CPI (YoY) (Apr)
2021.05.19 14:30;High;USD;Crude Oil Inventories
2021.05.19 18:00;High;USD;FOMC Meeting Minutes
2021.05.20 12:30;High;USD;Initial Jobless Claims
2021.05.20 12:30;High;USD;Philadelphia Fed Manufacturing Index (May)
2021.05.21 13:45;High;USD;SP Global Services PMI (May)
2021.05.21 13:45;High;USD;SP Global US Manufacturing PMI (May)
2021.05.21 14:00;High;USD;Existing Home Sales (Apr)
2021.05.25 14:00;High;USD;CB Consumer Confidence (May)
2021.05.25 14:00;High;USD;New Home Sales (Apr)
2021.05.26 02:00;High;NZD;RBNZ Interest Rate Decision
2021.05.26 14:30;High;USD;Crude Oil Inventories
2021.05.27 12:30;High;USD;Durable Goods Orders (MoM) (Apr)
2021.05.27 12:30;High;USD;GDP (QoQ) (Q1)
2021.05.27 12:30;High;USD;Initial Jobless Claims
2021.05.28 12:30;High;USD;Core PCE Price Index (MoM) (Apr)
2021.05.28 12:30;High;USD;Core PCE Price Index (YoY) (Apr)
2021.05.28 13:45;High;USD;Chicago PMI (May)
2021.05.28 18:00;High;USD;US Federal Budget
2021.06.01 04:30;High;AUD;RBA Interest Rate Decision (Jun)
2021.06.01 09:00;High;EUR;CPI (YoY) (May)
2021.06.01 13:45;High;USD;SP Global US Manufacturing PMI (May)
2021.06.01 14:00;High;USD;ISM Manufacturing PMI (May)
2021.06.01 14:00;High;USD;ISM Manufacturing Prices (May)
2021.06.03 12:15;High;USD;ADP Nonfarm Employment Change (May)
2021.06.03 12:30;High;USD;Initial Jobless Claims
2021.06.03 13:45;High;USD;SP Global Services PMI (May)
2021.06.03 14:00;High;USD;ISM Non-Manufacturing PMI (May)
2021.06.03 14:00;High;USD;ISM Non-Manufacturing Prices (May)
2021.06.03 15:00;High;USD;Crude Oil Inventories
2021.06.04 11:00;High;USD;Fed Chair Powell Speaks
2021.06.04 12:30;High;USD;Average Hourly Earnings (MoM) (May)
2021.06.04 12:30;High;USD;Nonfarm Payrolls (May)
2021.06.04 12:30;High;USD;Unemployment Rate (May)
2021.06.07 23:50;High;JPY;GDP (QoQ) (Q1)
2021.06.08 14:00;High;USD;JOLTs Job Openings (Apr)
2021.06.09 14:00;High;CAD;BoC Interest Rate Decision
2021.06.09 14:30;High;USD;Crude Oil Inventories
2021.06.09 17:00;High;USD;10-Year Note Auction
2021.06.10 11:45;High;EUR;Deposit Facility Rate (Jun)
2021.06.10 11:45;High;EUR;ECB Interest Rate Decision (Jun)
2021.06.10 12:30;High;EUR;ECB Press Conference
2021.06.10 12:30;High;USD;CPI (MoM) (May)
2021.06.10 12:30;High;USD;CPI (YoY) (May)
2021.06.10 12:30;High;USD;Core CPI (MoM) (May)
2021.06.10 12:30;High;USD;Initial Jobless Claims
2021.06.10 17:00;High;USD;30-Year Bond Auction
2021.06.11 06:00;High;GBP;GDP (MoM)
2021.06.15 12:30;High;USD;Core Retail Sales (MoM) (May)
2021.06.15 12:30;High;USD;PPI (MoM) (May)
2021.06.15 12:30;High;USD;Retail Sales (MoM) (May)
2021.06.16 06:00;High;GBP;CPI (YoY) (May)
2021.06.16 14:00;High;USD;Fed Chair Yellen Testifies
2021.06.16 14:30;High;USD;Crude Oil Inventories
2021.06.16 18:00;High;USD;FOMC Economic Projections
2021.06.16 18:00;High;USD;FOMC Statement
2021.06.16 18:00;High;USD;Fed Interest Rate Decision
2021.06.16 18:30;High;USD;FOMC Press Conference
2021.06.17 07:30;High;CHF;SNB Interest Rate Decision
2021.06.17 09:00;High;EUR;CPI (YoY) (May)
2021.06.17 12:30;High;USD;Initial Jobless Claims
2021.06.17 12:30;High;USD;Philadelphia Fed Manufacturing Index (Jun)
2021.06.17 14:00;High;USD;Fed Chair Yellen Testifies
2021.06.18 03:30;High;JPY;BoJ Interest Rate Decision
2021.06.22 14:00;High;USD;Existing Home Sales (May)
2021.06.22 18:00;High;USD;Fed Chair Powell Testifies
2021.06.23 13:45;High;USD;SP Global Services PMI (Jun)
2021.06.23 13:45;High;USD;SP Global US Manufacturing PMI (Jun)
2021.06.23 14:00;High;USD;New Home Sales (May)
2021.06.23 14:30;High;USD;Crude Oil Inventories
2021.06.24 11:00;High;GBP;BoE Interest Rate Decision (Jun)
2021.06.24 12:30;High;USD;Durable Goods Orders (MoM) (May)
2021.06.24 12:30;High;USD;GDP (QoQ) (Q1)
2021.06.24 12:30;High;USD;Initial Jobless Claims
2021.06.25 12:30;High;USD;Core PCE Price Index (MoM) (May)
2021.06.25 12:30;High;USD;Core PCE Price Index (YoY) (May)
2021.06.29 14:00;High;USD;CB Consumer Confidence (Jun)
2021.06.30 06:00;High;GBP;GDP (QoQ) (Q1)
2021.06.30 06:00;High;GBP;GDP (YoY) (Q1)
2021.06.30 09:00;High;EUR;CPI (YoY) (Jun)
2021.06.30 12:15;High;USD;ADP Nonfarm Employment Change (Jun)
2021.06.30 13:45;High;USD;Chicago PMI (Jun)
2021.06.30 14:30;High;USD;Crude Oil Inventories
2021.07.01 12:30;High;USD;Initial Jobless Claims
2021.07.01 13:45;High;USD;SP Global US Manufacturing PMI (Jun)
2021.07.01 14:00;High;USD;ISM Manufacturing PMI (Jun)
2021.07.01 14:00;High;USD;ISM Manufacturing Prices (Jun)
2021.07.02 12:30;High;USD;Average Hourly Earnings (MoM) (Jun)
2021.07.02 12:30;High;USD;Nonfarm Payrolls (Jun)
2021.07.02 12:30;High;USD;Unemployment Rate (Jun)
2021.07.06 04:30;High;AUD;RBA Interest Rate Decision (Jul)
2021.07.06 13:45;High;USD;SP Global Services PMI (Jun)
2021.07.06 14:00;High;USD;ISM Non-Manufacturing PMI (Jun)
2021.07.06 14:00;High;USD;ISM Non-Manufacturing Prices (Jun)
2021.07.07 14:00;High;USD;JOLTs Job Openings (May)
2021.07.07 18:00;High;USD;FOMC Meeting Minutes
2021.07.08 12:30;High;USD;Initial Jobless Claims
2021.07.08 15:00;High;USD;Crude Oil Inventories
2021.07.09 06:00;High;GBP;GDP (MoM)
2021.07.09 15:00;High;USD;Fed Monetary Policy Report
2021.07.12 17:01;High;USD;10-Year Note Auction
2021.07.13 12:30;High;USD;CPI (MoM) (Jun)
2021.07.13 12:30;High;USD;CPI (YoY) (Jun)
2021.07.13 12:30;High;USD;Core CPI (MoM) (Jun)
2021.07.13 17:00;High;USD;30-Year Bond Auction
2021.07.14 02:00;High;NZD;RBNZ Interest Rate Decision
2021.07.14 06:00;High;GBP;CPI (YoY) (Jun)
2021.07.14 12:30;High;USD;PPI (MoM) (Jun)
2021.07.14 14:00;High;CAD;BoC Interest Rate Decision
2021.07.14 14:30;High;USD;Crude Oil Inventories
2021.07.14 16:00;High;USD;Fed Chair Powell Testifies
2021.07.15 12:30;High;USD;Initial Jobless Claims
2021.07.15 12:30;High;USD;Philadelphia Fed Manufacturing Index (Jul)
2021.07.15 13:30;High;USD;Fed Chair Powell Testifies
2021.07.16 03:00;High;JPY;BoJ Interest Rate Decision
2021.07.16 09:00;High;EUR;CPI (YoY) (Jun)
2021.07.16 12:30;High;USD;Core Retail Sales (MoM) (Jun)
2021.07.16 12:30;High;USD;Retail Sales (MoM) (Jun)
2021.07.19 15:30;High;USD;U.S. President Biden Speaks
2021.07.21 14:30;High;USD;Crude Oil Inventories
2021.07.22 11:45;High;EUR;Deposit Facility Rate (Jul)
2021.07.22 11:45;High;EUR;ECB Interest Rate Decision (Jul)
2021.07.22 12:30;High;EUR;ECB Press Conference
2021.07.22 12:30;High;USD;Initial Jobless Claims
2021.07.22 14:00;High;USD;Existing Home Sales (Jun)
2021.07.23 13:45;High;USD;SP Global Services PMI (Jul)
2021.07.23 13:45;High;USD;SP Global US Manufacturing PMI (Jul)
2021.07.26 14:00;High;USD;New Home Sales (Jun)
2021.07.27 12:30;High;USD;Durable Goods Orders (MoM) (Jun)
2021.07.27 14:00;High;USD;CB Consumer Confidence (Jul)
2021.07.28 14:30;High;USD;Crude Oil Inventories
2021.07.28 18:00;High;USD;FOMC Statement
2021.07.28 18:00;High;USD;Fed Interest Rate Decision
2021.07.28 18:30;High;USD;FOMC Press Conference
2021.07.29 12:30;High;USD;GDP (QoQ) (Q2)
2021.07.29 12:30;High;USD;Initial Jobless Claims
2021.07.30 09:00;High;EUR;CPI (YoY) (Jul)
2021.07.30 12:30;High;USD;Core PCE Price Index (MoM) (Jun)
2021.07.30 12:30;High;USD;Core PCE Price Index (YoY) (Jun)
2021.07.30 13:45;High;USD;Chicago PMI (Jul)
2021.08.02 13:45;High;USD;SP Global US Manufacturing PMI (Jul)
2021.08.02 14:00;High;USD;ISM Manufacturing PMI (Jul)
2021.08.02 14:00;High;USD;ISM Manufacturing Prices (Jul)
2021.08.03 04:30;High;AUD;RBA Interest Rate Decision (Aug)
2021.08.04 12:15;High;USD;ADP Nonfarm Employment Change (Jul)
2021.08.04 13:45;High;USD;SP Global Services PMI (Jul)
2021.08.04 14:00;High;USD;ISM Non-Manufacturing PMI (Jul)
2021.08.04 14:00;High;USD;ISM Non-Manufacturing Prices (Jul)
2021.08.04 14:30;High;USD;Crude Oil Inventories
2021.08.05 11:00;High;GBP;BoE Inflation Report
2021.08.05 11:00;High;GBP;BoE Interest Rate Decision (Aug)
2021.08.05 12:30;High;USD;Initial Jobless Claims
2021.08.06 12:30;High;USD;Average Hourly Earnings (MoM) (Jul)
2021.08.06 12:30;High;USD;Nonfarm Payrolls (Jul)
2021.08.06 12:30;High;USD;Unemployment Rate (Jul)
2021.08.09 14:00;High;USD;JOLTs Job Openings (Jun)
2021.08.11 12:30;High;USD;CPI (MoM) (Jul)
2021.08.11 12:30;High;USD;CPI (YoY) (Jul)
2021.08.11 12:30;High;USD;Core CPI (MoM) (Jul)
2021.08.11 14:30;High;USD;Crude Oil Inventories
2021.08.11 17:00;High;USD;10-Year Note Auction
2021.08.12 06:00;High;GBP;GDP (QoQ) (Q2)
2021.08.12 06:00;High;GBP;GDP (YoY) (Q2)
2021.08.12 12:30;High;USD;Initial Jobless Claims
2021.08.12 12:30;High;USD;PPI (MoM) (Jul)
2021.08.12 17:00;High;USD;30-Year Bond Auction
2021.08.15 23:50;High;JPY;GDP (QoQ) (Q2)
2021.08.17 12:30;High;USD;Core Retail Sales (MoM) (Jul)
2021.08.17 12:30;High;USD;Retail Sales (MoM) (Jul)
2021.08.17 17:30;High;USD;Fed Chair Powell Speaks
2021.08.18 02:00;High;NZD;RBNZ Interest Rate Decision
2021.08.18 06:00;High;GBP;CPI (YoY) (Jul)
2021.08.18 09:00;High;EUR;CPI (YoY) (Jul)
2021.08.18 14:30;High;USD;Crude Oil Inventories
2021.08.18 18:00;High;USD;FOMC Meeting Minutes
2021.08.19 12:30;High;USD;Initial Jobless Claims
2021.08.19 12:30;High;USD;Philadelphia Fed Manufacturing Index (Aug)
2021.08.23 13:45;High;USD;SP Global Services PMI (Aug)
2021.08.23 13:45;High;USD;SP Global US Manufacturing PMI (Aug)
2021.08.23 14:00;High;USD;Existing Home Sales (Jul)
2021.08.24 14:00;High;USD;New Home Sales (Jul)
2021.08.25 12:30;High;USD;Durable Goods Orders (MoM) (Jul)
2021.08.25 14:30;High;USD;Crude Oil Inventories
2021.08.26 12:30;High;USD;GDP (QoQ) (Q2)
2021.08.26 12:30;High;USD;Initial Jobless Claims
2021.08.27 12:30;High;USD;Core PCE Price Index (MoM) (Jul)
2021.08.27 12:30;High;USD;Core PCE Price Index (YoY) (Jul)
2021.08.27 14:00;High;USD;Fed Chair Powell Speaks
2021.08.31 09:00;High;EUR;CPI (YoY) (Aug)
2021.08.31 13:45;High;USD;Chicago PMI (Aug)
2021.08.31 14:00;High;USD;CB Consumer Confidence (Aug)
2021.09.01 12:15;High;USD;ADP Nonfarm Employment Change (Aug)
2021.09.01 13:45;High;USD;SP Global US Manufacturing PMI (Aug)
2021.09.01 14:00;High;USD;ISM Manufacturing PMI (Aug)
2021.09.01 14:00;High;USD;ISM Manufacturing Prices (Aug)
2021.09.01 14:30;High;USD;Crude Oil Inventories
2021.09.02 12:30;High;USD;Initial Jobless Claims
2021.09.03 12:30;High;USD;Average Hourly Earnings (MoM) (Aug)
2021.09.03 12:30;High;USD;Nonfarm Payrolls (Aug)
2021.09.03 12:30;High;USD;Unemployment Rate (Aug)
2021.09.03 13:45;High;USD;SP Global Services PMI (Aug)
2021.09.03 14:00;High;USD;ISM Non-Manufacturing PMI (Aug)
2021.09.03 14:00;High;USD;ISM Non-Manufacturing Prices (Aug)
2021.09.07 04:30;High;AUD;RBA Interest Rate Decision (Sep)
2021.09.07 23:50;High;JPY;GDP (QoQ) (Q2)
2021.09.08 14:00;High;CAD;BoC Interest Rate Decision
2021.09.08 14:00;High;USD;JOLTs Job Openings (Jul)
2021.09.08 17:00;High;USD;10-Year Note Auction
2021.09.09 11:45;High;EUR;Deposit Facility Rate (Aug)
2021.09.09 11:45;High;EUR;ECB Interest Rate Decision (Aug)
2021.09.09 12:30;High;EUR;ECB Press Conference
2021.09.09 12:30;High;USD;Initial Jobless Claims
2021.09.09 15:00;High;USD;Crude Oil Inventories
2021.09.09 17:00;High;USD;30-Year Bond Auction
2021.09.10 06:00;High;GBP;GDP (MoM)
2021.09.10 06:00;High;GBP;GDP (YoY)
2021.09.10 12:30;High;USD;PPI (MoM) (Aug)
2021.09.14 12:30;High;USD;CPI (MoM) (Aug)
2021.09.14 12:30;High;USD;CPI (YoY) (Aug)
2021.09.15 06:00;High;GBP;CPI (YoY) (Aug)
2021.09.15 14:30;High;USD;Crude Oil Inventories
2021.09.16 12:30;High;USD;Core Retail Sales (MoM) (Aug)
2021.09.16 12:30;High;USD;Initial Jobless Claims
2021.09.16 12:30;High;USD;Philadelphia Fed Manufacturing Index (Sep)
2021.09.16 12:30;High;USD;Retail Sales (MoM) (Aug)
2021.09.17 09:00;High;EUR;CPI (YoY) (Aug)
2021.09.22 02:47;High;JPY;BoJ Interest Rate Decision
2021.09.22 14:00;High;USD;Existing Home Sales (Aug)
2021.09.22 14:30;High;USD;Crude Oil Inventories
2021.09.22 18:00;High;USD;FOMC Economic Projections
2021.09.22 18:00;High;USD;FOMC Statement
2021.09.22 18:00;High;USD;Fed Interest Rate Decision
2021.09.22 18:30;High;USD;FOMC Press Conference
2021.09.23 07:30;High;CHF;SNB Interest Rate Decision (Q3)
2021.09.23 11:00;High;GBP;BoE Interest Rate Decision (Sep)
2021.09.23 12:30;High;USD;Initial Jobless Claims
2021.09.23 13:45;High;USD;SP Global Services PMI (Sep)
2021.09.23 13:45;High;USD;SP Global US Manufacturing PMI (Sep)
2021.09.24 14:00;High;USD;Fed Chair Powell Speaks
2021.09.24 14:00;High;USD;New Home Sales (Aug)
2021.09.27 12:30;High;USD;Durable Goods Orders (MoM) (Aug)
2021.09.28 14:00;High;USD;CB Consumer Confidence (Sep)
2021.09.28 14:00;High;USD;Fed Chair Powell Testifies
2021.09.29 14:30;High;USD;Crude Oil Inventories
2021.09.29 15:45;High;USD;Fed Chair Powell Speaks
2021.09.30 06:00;High;GBP;GDP (QoQ) (Q2)
2021.09.30 06:00;High;GBP;GDP (YoY) (Q2)
2021.09.30 12:30;High;USD;GDP (QoQ) (Q2)
2021.09.30 12:30;High;USD;Initial Jobless Claims
2021.09.30 13:45;High;USD;Chicago PMI (Sep)
2021.09.30 14:00;High;USD;Fed Chair Powell Testifies
2021.10.01 09:00;High;EUR;CPI (YoY) (Sep)
2021.10.01 12:30;High;USD;Core PCE Price Index (MoM) (Aug)
2021.10.01 12:30;High;USD;Core PCE Price Index (YoY) (Aug)
2021.10.01 13:45;High;USD;SP Global US Manufacturing PMI (Sep)
2021.10.01 14:00;High;USD;ISM Manufacturing PMI (Sep)
2021.10.01 14:00;High;USD;ISM Manufacturing Prices (Sep)
2021.10.05 03:30;High;AUD;RBA Interest Rate Decision (Oct)
2021.10.05 13:45;High;USD;SP Global Services PMI (Sep)
2021.10.05 14:00;High;USD;ISM Non-Manufacturing PMI (Sep)
2021.10.05 14:00;High;USD;ISM Non-Manufacturing Prices (Sep)
2021.10.06 01:00;High;NZD;RBNZ Interest Rate Decision
2021.10.06 12:15;High;USD;ADP Nonfarm Employment Change (Sep)
2021.10.06 14:30;High;USD;Crude Oil Inventories
2021.10.07 12:30;High;USD;Initial Jobless Claims
2021.10.08 12:30;High;USD;Average Hourly Earnings (MoM) (Sep)
2021.10.08 12:30;High;USD;Nonfarm Payrolls (Sep)
2021.10.08 12:30;High;USD;Unemployment Rate (Sep)
2021.10.12 14:00;High;USD;JOLTs Job Openings (Aug)
2021.10.12 17:00;High;USD;10-Year Note Auction
2021.10.13 06:00;High;GBP;GDP (MoM)
2021.10.13 06:00;High;GBP;GDP (YoY)
2021.10.13 12:30;High;USD;CPI (MoM) (Sep)
2021.10.13 12:30;High;USD;CPI (YoY) (Sep)
2021.10.13 12:30;High;USD;Core CPI (MoM) (Sep)
2021.10.13 17:00;High;USD;30-Year Bond Auction
2021.10.13 18:00;High;USD;FOMC Meeting Minutes
2021.10.14 12:30;High;USD;Initial Jobless Claims
2021.10.14 12:30;High;USD;PPI (MoM) (Sep)
2021.10.14 15:00;High;USD;Crude Oil Inventories
2021.10.15 12:30;High;USD;Core Retail Sales (MoM) (Sep)
2021.10.15 12:30;High;USD;Retail Sales (MoM) (Sep)
2021.10.20 06:00;High;GBP;CPI (YoY) (Sep)
2021.10.20 09:00;High;EUR;CPI (YoY) (Sep)
2021.10.20 14:30;High;USD;Crude Oil Inventories
2021.10.21 12:30;High;USD;Initial Jobless Claims
2021.10.21 12:30;High;USD;Philadelphia Fed Manufacturing Index (Oct)
2021.10.21 14:00;High;USD;Existing Home Sales (Sep)
2021.10.22 13:45;High;USD;SP Global Services PMI (Oct)
2021.10.22 13:45;High;USD;SP Global US Manufacturing PMI (Oct)
2021.10.22 15:00;High;USD;Fed Chair Powell Speaks
2021.10.26 14:00;High;USD;CB Consumer Confidence (Oct)
2021.10.26 14:00;High;USD;New Home Sales (Sep)
2021.10.27 12:30;High;GBP;Autumn Forecast Statement
2021.10.27 12:30;High;USD;Durable Goods Orders (MoM) (Sep)
2021.10.27 14:00;High;CAD;BoC Interest Rate Decision
2021.10.27 14:30;High;USD;Crude Oil Inventories
2021.10.28 02:45;High;JPY;BoJ Interest Rate Decision
2021.10.28 11:45;High;EUR;Deposit Facility Rate (Oct)
2021.10.28 11:45;High;EUR;ECB Interest Rate Decision (Oct)
2021.10.28 12:30;High;EUR;ECB Press Conference
2021.10.28 12:30;High;USD;GDP (QoQ) (Q3)
2021.10.28 12:30;High;USD;Initial Jobless Claims
2021.10.29 09:00;High;EUR;CPI (YoY) (Oct)
2021.10.29 12:30;High;USD;Core PCE Price Index (MoM) (Sep)
2021.10.29 12:30;High;USD;Core PCE Price Index (YoY) (Sep)
2021.10.29 13:45;High;USD;Chicago PMI (Oct)
2021.11.01 13:45;High;USD;SP Global US Manufacturing PMI (Oct)
2021.11.01 14:00;High;USD;ISM Manufacturing PMI (Oct)
2021.11.01 14:00;High;USD;ISM Manufacturing Prices (Oct)
2021.11.02 03:30;High;AUD;RBA Interest Rate Decision (Nov)
2021.11.03 12:15;High;USD;ADP Nonfarm Employment Change (Oct)
2021.11.03 13:45;High;USD;SP Global Services PMI (Oct)
2021.11.03 14:00;High;USD;ISM Non-Manufacturing PMI (Oct)
2021.11.03 14:00;High;USD;ISM Non-Manufacturing Prices (Oct)
2021.11.03 14:30;High;USD;Crude Oil Inventories
2021.11.03 18:00;High;USD;FOMC Statement
2021.11.03 18:00;High;USD;Fed Interest Rate Decision
2021.11.03 18:30;High;USD;FOMC Press Conference
2021.11.04 12:00;High;GBP;BoE Inflation Report
2021.11.04 12:00;High;GBP;BoE Interest Rate Decision (Nov)
2021.11.04 12:30;High;USD;Initial Jobless Claims
2021.11.05 12:30;High;USD;Average Hourly Earnings (MoM) (Oct)
2021.11.05 12:30;High;USD;Nonfarm Payrolls (Oct)
2021.11.05 12:30;High;USD;Unemployment Rate (Oct)
2021.11.08 15:30;High;USD;Fed Chair Powell Speaks
2021.11.09 13:30;High;USD;PPI (MoM) (Oct)
2021.11.09 14:00;High;USD;Fed Chair Powell Speaks
2021.11.09 18:00;High;USD;10-Year Note Auction
2021.11.09 18:30;High;USD;Sec Kashkari Speaks
2021.11.10 13:30;High;USD;CPI (MoM) (Oct)
2021.11.10 13:30;High;USD;CPI (YoY) (Oct)
2021.11.10 13:30;High;USD;Core CPI (MoM) (Oct)
2021.11.10 13:30;High;USD;Initial Jobless Claims
2021.11.10 15:30;High;USD;Crude Oil Inventories
2021.11.10 18:00;High;USD;30-Year Bond Auction
2021.11.11 07:00;High;GBP;GDP (MoM)
2021.11.11 07:00;High;GBP;GDP (QoQ) (Q3)
2021.11.11 07:00;High;GBP;GDP (YoY) (Q3)
2021.11.12 15:00;High;USD;JOLTs Job Openings (Sep)
2021.11.14 23:50;High;JPY;GDP (QoQ) (Q3)
2021.11.16 13:30;High;USD;Core Retail Sales (MoM) (Oct)
2021.11.16 13:30;High;USD;Retail Sales (MoM) (Oct)
2021.11.17 07:00;High;GBP;CPI (YoY) (Oct)
2021.11.17 10:00;High;EUR;CPI (YoY) (Oct)
2021.11.17 15:30;High;USD;Crude Oil Inventories
2021.11.18 13:30;High;USD;Initial Jobless Claims
2021.11.18 13:30;High;USD;Philadelphia Fed Manufacturing Index (Nov)
2021.11.22 15:00;High;USD;Existing Home Sales (Oct)
2021.11.23 14:45;High;USD;SP Global Services PMI (Nov)
2021.11.23 14:45;High;USD;SP Global US Manufacturing PMI (Nov)
2021.11.23 19:00;High;USD;U.S. President Biden Speaks
2021.11.24 01:00;High;NZD;RBNZ Interest Rate Decision
2021.11.24 13:30;High;USD;Durable Goods Orders (MoM) (Oct)
2021.11.24 13:30;High;USD;GDP (QoQ) (Q3)
2021.11.24 13:30;High;USD;Initial Jobless Claims
2021.11.24 15:00;High;USD;Core PCE Price Index (MoM) (Oct)
2021.11.24 15:00;High;USD;Core PCE Price Index (YoY) (Oct)
2021.11.24 15:00;High;USD;New Home Sales (Oct)
2021.11.24 15:30;High;USD;Crude Oil Inventories
2021.11.24 19:00;High;USD;FOMC Meeting Minutes
2021.11.29 20:05;High;USD;FOMC Member Powell Speaks
2021.11.30 10:00;High;EUR;CPI (YoY) (Nov)
2021.11.30 14:45;High;USD;Chicago PMI (Nov)
2021.11.30 15:00;High;USD;CB Consumer Confidence (Nov)
2021.11.30 15:00;High;USD;Fed Chair Powell Testifies
2021.12.01 13:15;High;USD;ADP Nonfarm Employment Change (Nov)
2021.12.01 14:45;High;USD;SP Global US Manufacturing PMI (Nov)
2021.12.01 15:00;High;USD;Fed Chair Powell Testifies
2021.12.01 15:00;High;USD;ISM Manufacturing PMI (Nov)
2021.12.01 15:00;High;USD;ISM Manufacturing Prices (Nov)
2021.12.01 15:30;High;USD;Crude Oil Inventories
2021.12.02 13:30;High;USD;Initial Jobless Claims
2021.12.03 13:30;High;USD;Average Hourly Earnings (MoM) (Nov)
2021.12.03 13:30;High;USD;Nonfarm Payrolls (Nov)
2021.12.03 13:30;High;USD;Unemployment Rate (Nov)
2021.12.03 14:45;High;USD;SP Global Services PMI (Nov)
2021.12.03 15:00;High;USD;ISM Non-Manufacturing PMI (Nov)
2021.12.03 15:00;High;USD;ISM Non-Manufacturing Prices (Nov)
2021.12.07 03:30;High;AUD;RBA Interest Rate Decision (Dec)
2021.12.07 23:50;High;JPY;GDP (QoQ) (Q3)
2021.12.08 15:00;High;CAD;BoC Interest Rate Decision
2021.12.08 15:00;High;USD;JOLTs Job Openings (Oct)
2021.12.08 15:30;High;USD;Crude Oil Inventories
2021.12.08 18:00;High;USD;10-Year Note Auction
2021.12.09 13:30;High;USD;Initial Jobless Claims
2021.12.09 18:00;High;USD;30-Year Bond Auction
2021.12.10 07:00;High;GBP;GDP (MoM)
2021.12.10 13:30;High;USD;CPI (MoM) (Nov)
2021.12.10 13:30;High;USD;CPI (YoY) (Nov)
2021.12.10 13:30;High;USD;Core CPI (MoM) (Nov)
2021.12.14 13:30;High;USD;PPI (MoM) (Nov)
2021.12.15 07:00;High;GBP;CPI (YoY) (Nov)
2021.12.15 13:30;High;USD;Core Retail Sales (MoM) (Nov)
2021.12.15 13:30;High;USD;Retail Sales (MoM) (Nov)
2021.12.15 15:30;High;USD;Crude Oil Inventories
2021.12.15 19:00;High;USD;FOMC Economic Projections
2021.12.15 19:00;High;USD;FOMC Statement
2021.12.15 19:00;High;USD;Fed Interest Rate Decision
2021.12.15 19:30;High;USD;FOMC Press Conference
2021.12.16 08:30;High;CHF;SNB Interest Rate Decision (Q4)
2021.12.16 12:00;High;GBP;BoE Interest Rate Decision (Dec)
2021.12.16 12:45;High;EUR;Deposit Facility Rate (Dec)
2021.12.16 12:45;High;EUR;ECB Interest Rate Decision (Dec)
2021.12.16 13:30;High;EUR;ECB Press Conference
2021.12.16 13:30;High;USD;Initial Jobless Claims
2021.12.16 13:30;High;USD;Philadelphia Fed Manufacturing Index (Dec)
2021.12.16 14:45;High;USD;SP Global Services PMI (Dec)
2021.12.16 14:45;High;USD;SP Global US Manufacturing PMI (Dec)
2021.12.17 02:57;High;JPY;BoJ Interest Rate Decision
2021.12.17 10:00;High;EUR;CPI (YoY) (Nov)
2021.12.22 07:00;High;GBP;GDP (QoQ) (Q3)
2021.12.22 07:00;High;GBP;GDP (YoY) (Q3)
2021.12.22 13:30;High;USD;GDP (QoQ) (Q3)
2021.12.22 15:00;High;USD;CB Consumer Confidence (Dec)
2021.12.22 15:00;High;USD;Existing Home Sales (Nov)
2021.12.22 15:30;High;USD;Crude Oil Inventories
2021.12.23 13:30;High;USD;Core PCE Price Index (MoM) (Nov)
2021.12.23 13:30;High;USD;Core PCE Price Index (YoY) (Nov)
2021.12.23 13:30;High;USD;Durable Goods Orders (MoM) (Nov)
2021.12.23 13:30;High;USD;Initial Jobless Claims
2021.12.23 15:00;High;USD;New Home Sales (Nov)
2021.12.29 15:30;High;USD;Crude Oil Inventories
2021.12.30 13:30;High;USD;Initial Jobless Claims
2021.12.30 14:45;High;USD;Chicago PMI (Dec)
2022.01.03 14:45;High;USD;SP Global US Manufacturing PMI (Dec)
2022.01.04 15:00;High;USD;ISM Manufacturing PMI (Dec)
2022.01.04 15:00;High;USD;ISM Manufacturing Prices (Dec)
2022.01.04 15:00;High;USD;JOLTs Job Openings (Nov)
2022.01.05 13:15;High;USD;ADP Nonfarm Employment Change (Dec)
2022.01.05 14:45;High;USD;SP Global Services PMI (Dec)
2022.01.05 15:30;High;USD;Crude Oil Inventories
2022.01.05 19:00;High;USD;FOMC Meeting Minutes
2022.01.06 13:30;High;USD;Initial Jobless Claims
2022.01.06 15:00;High;USD;ISM Non-Manufacturing PMI (Dec)
2022.01.06 15:00;High;USD;ISM Non-Manufacturing Prices (Dec)
2022.01.07 10:00;High;EUR;CPI (YoY) (Dec)
2022.01.07 13:30;High;USD;Average Hourly Earnings (MoM) (Dec)
2022.01.07 13:30;High;USD;Nonfarm Payrolls (Dec)
2022.01.07 13:30;High;USD;Unemployment Rate (Dec)
2022.01.11 15:00;High;USD;Fed Chair Powell Testifies
2022.01.12 13:30;High;USD;CPI (MoM) (Dec)
2022.01.12 13:30;High;USD;CPI (YoY) (Dec)
2022.01.12 13:30;High;USD;Core CPI (MoM) (Dec)
2022.01.12 15:30;High;USD;Crude Oil Inventories
2022.01.12 18:00;High;USD;10-Year Note Auction
2022.01.13 13:30;High;USD;Initial Jobless Claims
2022.01.13 13:30;High;USD;PPI (MoM) (Dec)
2022.01.13 18:00;High;USD;30-Year Bond Auction
2022.01.14 07:00;High;GBP;GDP (MoM)
2022.01.14 13:30;High;USD;Core Retail Sales (MoM) (Dec)
2022.01.14 13:30;High;USD;Retail Sales (MoM) (Dec)
2022.01.18 02:46;High;JPY;BoJ Interest Rate Decision
2022.01.19 07:00;High;GBP;CPI (YoY) (Dec)
2022.01.20 10:00;High;EUR;CPI (YoY) (Dec)
2022.01.20 13:30;High;USD;Initial Jobless Claims
2022.01.20 13:30;High;USD;Philadelphia Fed Manufacturing Index (Jan)
2022.01.20 15:00;High;USD;Existing Home Sales (Dec)
2022.01.20 16:00;High;USD;Crude Oil Inventories
2022.01.24 14:45;High;USD;SP Global Services PMI (Jan)
2022.01.24 14:45;High;USD;SP Global US Manufacturing PMI (Jan)
2022.01.25 15:00;High;USD;CB Consumer Confidence (Jan)
2022.01.26 15:00;High;CAD;BoC Interest Rate Decision
2022.01.26 15:00;High;USD;New Home Sales (Dec)
2022.01.26 15:30;High;USD;Crude Oil Inventories
2022.01.26 19:00;High;USD;FOMC Statement
2022.01.26 19:00;High;USD;Fed Interest Rate Decision
2022.01.26 19:30;High;USD;FOMC Press Conference
2022.01.27 13:30;High;USD;Durable Goods Orders (MoM) (Dec)
2022.01.27 13:30;High;USD;GDP (QoQ) (Q4)
2022.01.27 13:30;High;USD;Initial Jobless Claims
2022.01.28 13:30;High;USD;Core PCE Price Index (MoM) (Dec)
2022.01.28 13:30;High;USD;Core PCE Price Index (YoY) (Dec)
2022.01.31 14:45;High;USD;Chicago PMI (Jan)
2022.02.01 03:30;High;AUD;RBA Interest Rate Decision (Feb)
2022.02.01 14:45;High;USD;SP Global US Manufacturing PMI (Jan)
2022.02.01 15:00;High;USD;ISM Manufacturing PMI (Jan)
2022.02.01 15:00;High;USD;ISM Manufacturing Prices (Jan)
2022.02.01 15:00;High;USD;JOLTs Job Openings (Dec)
2022.02.02 10:00;High;EUR;CPI (YoY) (Jan)
2022.02.02 13:15;High;USD;ADP Nonfarm Employment Change (Jan)
2022.02.02 15:30;High;USD;Crude Oil Inventories
2022.02.03 12:00;High;GBP;BoE Inflation Report
2022.02.03 12:00;High;GBP;BoE Interest Rate Decision (Feb)
2022.02.03 12:45;High;EUR;Deposit Facility Rate (Feb)
2022.02.03 12:45;High;EUR;ECB Interest Rate Decision (Feb)
2022.02.03 13:30;High;EUR;ECB Press Conference
2022.02.03 13:30;High;USD;Initial Jobless Claims
2022.02.03 14:45;High;USD;SP Global Services PMI (Jan)
2022.02.03 15:00;High;USD;ISM Non-Manufacturing PMI (Jan)
2022.02.03 15:00;High;USD;ISM Non-Manufacturing Prices (Jan)
2022.02.04 13:30;High;USD;Average Hourly Earnings (MoM) (Jan)
2022.02.04 13:30;High;USD;Nonfarm Payrolls (Jan)
2022.02.04 13:30;High;USD;Unemployment Rate (Jan)
2022.02.04 15:45;High;USD;U.S. President Biden Speaks
2022.02.09 15:30;High;USD;Crude Oil Inventories
2022.02.09 18:00;High;USD;10-Year Note Auction
2022.02.10 13:30;High;USD;CPI (MoM) (Jan)
2022.02.10 13:30;High;USD;CPI (YoY) (Jan)
2022.02.10 13:30;High;USD;Core CPI (MoM) (Jan)
2022.02.10 13:30;High;USD;Initial Jobless Claims
2022.02.10 18:00;High;USD;30-Year Bond Auction
2022.02.11 07:00;High;GBP;GDP (MoM)
2022.02.11 07:00;High;GBP;GDP (QoQ) (Q4)
2022.02.11 07:00;High;GBP;GDP (YoY) (Q4)
2022.02.14 23:50;High;JPY;GDP (QoQ) (Q4)
2022.02.15 13:30;High;USD;PPI (MoM) (Jan)
2022.02.15 20:30;High;USD;U.S. President Biden Speaks
2022.02.16 07:00;High;GBP;CPI (YoY) (Jan)
2022.02.16 13:30;High;USD;Core Retail Sales (MoM) (Jan)
2022.02.16 13:30;High;USD;Retail Sales (MoM) (Jan)
2022.02.16 15:30;High;USD;Crude Oil Inventories
2022.02.16 19:00;High;USD;FOMC Meeting Minutes
2022.02.17 13:30;High;USD;Initial Jobless Claims
2022.02.17 13:30;High;USD;Philadelphia Fed Manufacturing Index (Feb)
2022.02.18 15:00;High;USD;Existing Home Sales (Jan)
2022.02.18 21:00;High;USD;U.S. President Biden Speaks
2022.02.22 14:45;High;USD;SP Global Services PMI (Feb)
2022.02.22 14:45;High;USD;SP Global US Manufacturing PMI (Feb)
2022.02.22 15:00;High;USD;CB Consumer Confidence (Feb)
2022.02.23 01:00;High;NZD;RBNZ Interest Rate Decision
2022.02.23 10:00;High;EUR;CPI (YoY) (Jan)
2022.02.24 13:30;High;USD;GDP (QoQ) (Q4)
2022.02.24 13:30;High;USD;Initial Jobless Claims
2022.02.24 15:00;High;USD;New Home Sales (Jan)
2022.02.24 16:00;High;USD;Crude Oil Inventories
2022.02.24 18:30;High;USD;U.S. President Biden Speaks
2022.02.25 13:30;High;USD;Core PCE Price Index (MoM) (Jan)
2022.02.25 13:30;High;USD;Core PCE Price Index (YoY) (Jan)
2022.02.25 13:30;High;USD;Durable Goods Orders (MoM) (Jan)
2022.02.25 16:00;High;USD;Fed Monetary Policy Report
2022.02.28 14:45;High;USD;Chicago PMI (Feb)
2022.03.01 03:30;High;AUD;RBA Interest Rate Decision (Mar)
2022.03.01 14:45;High;USD;SP Global US Manufacturing PMI (Feb)
2022.03.01 15:00;High;USD;ISM Manufacturing PMI (Feb)
2022.03.01 15:00;High;USD;ISM Manufacturing Prices (Feb)
2022.03.01 21:00;High;USD;U.S. President Biden Speaks
2022.03.02 02:00;High;USD;U.S. President Biden Speaks
2022.03.02 10:00;High;EUR;CPI (YoY) (Feb)
2022.03.02 13:15;High;USD;ADP Nonfarm Employment Change (Feb)
2022.03.02 15:00;High;CAD;BoC Interest Rate Decision
2022.03.02 15:00;High;USD;Fed Chair Powell Testifies
2022.03.02 15:30;High;USD;Crude Oil Inventories
2022.03.03 13:30;High;USD;Initial Jobless Claims
2022.03.03 14:45;High;USD;SP Global Services PMI (Feb)
2022.03.03 15:00;High;USD;Fed Chair Powell Testifies
2022.03.03 15:00;High;USD;ISM Non-Manufacturing PMI (Feb)
2022.03.03 15:00;High;USD;ISM Non-Manufacturing Prices (Feb)
2022.03.04 13:30;High;USD;Average Hourly Earnings (MoM) (Feb)
2022.03.04 13:30;High;USD;Nonfarm Payrolls (Feb)
2022.03.04 13:30;High;USD;Unemployment Rate (Feb)
2022.03.08 23:50;High;JPY;GDP (QoQ) (Q4)
2022.03.09 15:00;High;USD;JOLTs Job Openings (Jan)
2022.03.09 15:30;High;USD;Crude Oil Inventories
2022.03.09 18:01;High;USD;10-Year Note Auction
2022.03.10 12:45;High;EUR;Deposit Facility Rate (Mar)
2022.03.10 12:45;High;EUR;ECB Interest Rate Decision (Mar)
2022.03.10 13:30;High;EUR;ECB Press Conference
2022.03.10 13:30;High;USD;CPI (MoM) (Feb)
2022.03.10 13:30;High;USD;CPI (YoY) (Feb)
2022.03.10 13:30;High;USD;Core CPI (MoM) (Feb)
2022.03.10 13:30;High;USD;Initial Jobless Claims
2022.03.10 18:01;High;USD;30-Year Bond Auction
2022.03.11 07:00;High;GBP;GDP (MoM)
2022.03.11 07:00;High;GBP;GDP (YoY)
2022.03.15 12:30;High;USD;PPI (MoM) (Feb)
2022.03.16 12:30;High;USD;Core Retail Sales (MoM) (Feb)
2022.03.16 12:30;High;USD;Retail Sales (MoM) (Feb)
2022.03.16 14:30;High;USD;Crude Oil Inventories
2022.03.16 18:00;High;USD;FOMC Economic Projections
2022.03.16 18:00;High;USD;FOMC Statement
2022.03.16 18:00;High;USD;Fed Interest Rate Decision
2022.03.16 18:30;High;USD;FOMC Press Conference
2022.03.17 10:00;High;EUR;CPI (YoY) (Feb)
2022.03.17 12:00;High;GBP;BoE Interest Rate Decision (Mar)
2022.03.17 12:30;High;USD;Initial Jobless Claims
2022.03.17 12:30;High;USD;Philadelphia Fed Manufacturing Index (Mar)
2022.03.18 02:51;High;JPY;BoJ Interest Rate Decision
2022.03.18 14:00;High;USD;Existing Home Sales (Feb)
2022.03.21 16:30;High;USD;Fed Chair Powell Speaks
2022.03.22 12:30;High;GBP;Spring Forecast Statement
2022.03.23 07:00;High;GBP;CPI (YoY) (Feb)
2022.03.23 12:00;High;USD;Fed Chair Powell Speaks
2022.03.23 14:00;High;USD;New Home Sales (Feb)
2022.03.23 14:30;High;USD;Crude Oil Inventories
2022.03.24 08:30;High;CHF;SNB Interest Rate Decision (Q1)
2022.03.24 12:30;High;USD;Durable Goods Orders (MoM) (Feb)
2022.03.24 12:30;High;USD;Initial Jobless Claims
2022.03.24 13:45;High;USD;SP Global Services PMI (Mar)
2022.03.24 13:45;High;USD;SP Global US Manufacturing PMI (Mar)
2022.03.29 14:00;High;USD;CB Consumer Confidence (Mar)
2022.03.29 14:00;High;USD;JOLTs Job Openings (Feb)
2022.03.30 12:15;High;USD;ADP Nonfarm Employment Change (Mar)
2022.03.30 12:30;High;USD;GDP (QoQ) (Q4)
2022.03.30 14:30;High;USD;Crude Oil Inventories
2022.03.31 06:00;High;GBP;GDP (QoQ) (Q4)
2022.03.31 06:00;High;GBP;GDP (YoY) (Q4)
2022.03.31 12:30;High;USD;Core PCE Price Index (MoM) (Feb)
2022.03.31 12:30;High;USD;Core PCE Price Index (YoY) (Feb)
2022.03.31 12:30;High;USD;Initial Jobless Claims
2022.03.31 13:45;High;USD;Chicago PMI (Mar)
2022.04.01 09:00;High;EUR;CPI (YoY) (Mar)
2022.04.01 12:30;High;USD;Average Hourly Earnings (MoM) (Mar)
2022.04.01 12:30;High;USD;Nonfarm Payrolls (Mar)
2022.04.01 12:30;High;USD;Unemployment Rate (Mar)
2022.04.01 13:45;High;USD;SP Global US Manufacturing PMI (Mar)
2022.04.01 14:00;High;USD;ISM Manufacturing PMI (Mar)
2022.04.01 14:00;High;USD;ISM Manufacturing Prices (Mar)
2022.04.05 04:30;High;AUD;RBA Interest Rate Decision (Apr)
2022.04.05 13:45;High;USD;SP Global Services PMI (Mar)
2022.04.05 14:00;High;USD;ISM Non-Manufacturing PMI (Mar)
2022.04.05 14:00;High;USD;ISM Non-Manufacturing Prices (Mar)
2022.04.06 14:30;High;USD;Crude Oil Inventories
2022.04.06 18:00;High;USD;FOMC Meeting Minutes
2022.04.07 12:30;High;USD;Initial Jobless Claims
2022.04.11 06:00;High;GBP;GDP (MoM)
2022.04.11 06:00;High;GBP;GDP (YoY)
2022.04.12 12:30;High;USD;CPI (MoM) (Mar)
2022.04.12 12:30;High;USD;CPI (YoY) (Mar)
2022.04.12 12:30;High;USD;Core CPI (MoM) (Mar)
2022.04.12 17:00;High;USD;10-Year Note Auction
2022.04.13 02:00;High;NZD;RBNZ Interest Rate Decision
2022.04.13 06:00;High;GBP;CPI (YoY) (Mar)
2022.04.13 12:30;High;USD;PPI (MoM) (Mar)
2022.04.13 14:00;High;CAD;BoC Interest Rate Decision
2022.04.13 14:30;High;USD;Crude Oil Inventories
2022.04.13 17:00;High;USD;30-Year Bond Auction
2022.04.14 11:45;High;EUR;Deposit Facility Rate (Apr)
2022.04.14 11:45;High;EUR;ECB Interest Rate Decision (Apr)
2022.04.14 12:30;High;EUR;ECB Press Conference
2022.04.14 12:30;High;USD;Core Retail Sales (MoM) (Mar)
2022.04.14 12:30;High;USD;Initial Jobless Claims
2022.04.14 12:30;High;USD;Retail Sales (MoM) (Mar)
2022.04.20 14:00;High;USD;Existing Home Sales (Mar)
2022.04.20 14:30;High;USD;Crude Oil Inventories
2022.04.21 09:00;High;EUR;CPI (YoY) (Mar)
2022.04.21 12:30;High;USD;Initial Jobless Claims
2022.04.21 12:30;High;USD;Philadelphia Fed Manufacturing Index (Apr)
2022.04.21 15:00;High;USD;Fed Chair Powell Speaks
2022.04.21 17:00;High;USD;Fed Chair Powell Speaks
2022.04.22 13:45;High;USD;SP Global Services PMI (Apr)
2022.04.22 13:45;High;USD;SP Global US Manufacturing PMI (Apr)
2022.04.26 12:30;High;USD;Durable Goods Orders (MoM) (Mar)
2022.04.26 14:00;High;USD;CB Consumer Confidence (Apr)
2022.04.26 14:00;High;USD;New Home Sales (Mar)
2022.04.27 14:30;High;USD;Crude Oil Inventories
2022.04.28 03:09;High;JPY;BoJ Interest Rate Decision
2022.04.28 12:30;High;USD;GDP (QoQ) (Q1)
2022.04.28 12:30;High;USD;Initial Jobless Claims
2022.04.29 09:00;High;EUR;CPI (YoY) (Apr)
2022.04.29 12:30;High;USD;Core PCE Price Index (MoM) (Mar)
2022.04.29 12:30;High;USD;Core PCE Price Index (YoY) (Mar)
2022.04.29 13:45;High;USD;Chicago PMI (Apr)
2022.05.02 13:45;High;USD;SP Global US Manufacturing PMI (Apr)
2022.05.02 14:00;High;USD;ISM Manufacturing PMI (Apr)
2022.05.02 14:00;High;USD;ISM Manufacturing Prices (Apr)
2022.05.03 04:30;High;AUD;RBA Interest Rate Decision (May)
2022.05.03 14:00;High;USD;JOLTs Job Openings (Mar)
2022.05.04 12:15;High;USD;ADP Nonfarm Employment Change (Apr)
2022.05.04 13:45;High;USD;SP Global Services PMI (Apr)
2022.05.04 14:00;High;USD;ISM Non-Manufacturing PMI (Apr)
2022.05.04 14:00;High;USD;ISM Non-Manufacturing Prices (Apr)
2022.05.04 14:30;High;USD;Crude Oil Inventories
2022.05.04 18:00;High;USD;FOMC Statement
2022.05.04 18:00;High;USD;Fed Interest Rate Decision
2022.05.04 18:30;High;USD;FOMC Press Conference
2022.05.05 11:00;High;GBP;BoE Inflation Report
2022.05.05 11:00;High;GBP;BoE Interest Rate Decision (May)
2022.05.05 12:30;High;USD;Initial Jobless Claims
2022.05.06 12:30;High;USD;Average Hourly Earnings (MoM) (Apr)
2022.05.06 12:30;High;USD;Nonfarm Payrolls (Apr)
2022.05.06 12:30;High;USD;Unemployment Rate (Apr)
2022.05.10 15:30;High;USD;U.S. President Biden Speaks
2022.05.11 12:30;High;USD;CPI (MoM) (Apr)
2022.05.11 12:30;High;USD;CPI (YoY) (Apr)
2022.05.11 12:30;High;USD;Core CPI (MoM) (Apr)
2022.05.11 14:30;High;USD;Crude Oil Inventories
2022.05.11 17:01;High;USD;10-Year Note Auction
2022.05.12 06:00;High;GBP;GDP (MoM)
2022.05.12 06:00;High;GBP;GDP (QoQ) (Q1)
2022.05.12 06:00;High;GBP;GDP (YoY) (Q1)
2022.05.12 12:30;High;USD;Initial Jobless Claims
2022.05.12 12:30;High;USD;PPI (MoM) (Apr)
2022.05.12 17:00;High;USD;30-Year Bond Auction
2022.05.17 12:30;High;USD;Core Retail Sales (MoM) (Apr)
2022.05.17 12:30;High;USD;Retail Sales (MoM) (Apr)
2022.05.17 18:00;High;USD;Fed Chair Powell Speaks
2022.05.17 23:50;High;JPY;GDP (QoQ) (Q1)
2022.05.18 06:00;High;GBP;CPI (YoY) (Apr)
2022.05.18 09:00;High;EUR;CPI (YoY) (Apr)
2022.05.18 14:30;High;USD;Crude Oil Inventories
2022.05.19 12:30;High;USD;Initial Jobless Claims
2022.05.19 12:30;High;USD;Philadelphia Fed Manufacturing Index (May)
2022.05.19 14:00;High;USD;Existing Home Sales (Apr)
2022.05.24 13:45;High;USD;SP Global Services PMI (May)
2022.05.24 13:45;High;USD;SP Global US Manufacturing PMI (May)
2022.05.24 14:00;High;USD;New Home Sales (Apr)
2022.05.24 16:20;High;USD;Fed Chair Powell Speaks
2022.05.25 02:00;High;NZD;RBNZ Interest Rate Decision
2022.05.25 12:30;High;USD;Durable Goods Orders (MoM) (Apr)
2022.05.25 14:30;High;USD;Crude Oil Inventories
2022.05.25 18:00;High;USD;FOMC Meeting Minutes
2022.05.26 12:30;High;USD;GDP (QoQ) (Q1)
2022.05.26 12:30;High;USD;Initial Jobless Claims
2022.05.27 12:30;High;USD;Core PCE Price Index (MoM) (Apr)
2022.05.27 12:30;High;USD;Core PCE Price Index (YoY) (Apr)
2022.05.31 09:00;High;EUR;CPI (YoY) (May)
2022.05.31 13:45;High;USD;Chicago PMI (May)
2022.05.31 14:00;High;USD;CB Consumer Confidence (May)
2022.06.01 13:45;High;USD;SP Global US Manufacturing PMI (May)
2022.06.01 14:00;High;CAD;BoC Interest Rate Decision
2022.06.01 14:00;High;USD;ISM Manufacturing PMI (May)
2022.06.01 14:00;High;USD;ISM Manufacturing Prices (May)
2022.06.01 14:00;High;USD;JOLTs Job Openings (Apr)
2022.06.02 12:15;High;USD;ADP Nonfarm Employment Change (May)
2022.06.02 12:30;High;USD;Initial Jobless Claims
2022.06.02 15:00;High;USD;Crude Oil Inventories
2022.06.03 12:30;High;USD;Average Hourly Earnings (MoM) (May)
2022.06.03 12:30;High;USD;Nonfarm Payrolls (May)
2022.06.03 12:30;High;USD;Unemployment Rate (May)
2022.06.03 13:45;High;USD;SP Global Services PMI (May)
2022.06.03 14:00;High;USD;ISM Non-Manufacturing PMI (May)
2022.06.03 14:00;High;USD;ISM Non-Manufacturing Prices (May)
2022.06.07 04:30;High;AUD;RBA Interest Rate Decision (Jun)
2022.06.07 23:50;High;JPY;GDP (QoQ) (Q1)
2022.06.08 14:30;High;USD;Crude Oil Inventories
2022.06.08 17:00;High;USD;10-Year Note Auction
2022.06.09 11:45;High;EUR;Deposit Facility Rate (Jun)
2022.06.09 11:45;High;EUR;ECB Interest Rate Decision (Jun)
2022.06.09 12:30;High;EUR;ECB Press Conference
2022.06.09 12:30;High;USD;Initial Jobless Claims
2022.06.09 17:00;High;USD;30-Year Bond Auction
2022.06.10 12:30;High;USD;CPI (MoM) (May)
2022.06.10 12:30;High;USD;CPI (YoY) (May)
2022.06.10 12:30;High;USD;Core CPI (MoM) (May)
2022.06.13 06:00;High;GBP;GDP (MoM)
2022.06.13 06:00;High;GBP;GDP (QoQ)
2022.06.13 06:00;High;GBP;GDP (YoY)
2022.06.14 12:30;High;USD;PPI (MoM) (May)
2022.06.15 12:30;High;USD;Core Retail Sales (MoM) (May)
2022.06.15 12:30;High;USD;Retail Sales (MoM) (May)
2022.06.15 14:30;High;USD;Crude Oil Inventories
2022.06.15 18:00;High;USD;FOMC Economic Projections
2022.06.15 18:00;High;USD;FOMC Statement
2022.06.15 18:00;High;USD;Fed Interest Rate Decision
2022.06.15 18:30;High;USD;FOMC Press Conference
2022.06.16 07:30;High;CHF;SNB Interest Rate Decision (Q2)
2022.06.16 11:00;High;GBP;BoE Interest Rate Decision (Jun)
2022.06.16 12:30;High;USD;Initial Jobless Claims
2022.06.16 12:30;High;USD;Philadelphia Fed Manufacturing Index (Jun)
2022.06.17 02:43;High;JPY;BoJ Interest Rate Decision
2022.06.17 03:00;High;JPY;BoJ Interest Rate Decision
2022.06.17 09:00;High;EUR;CPI (YoY) (May)
2022.06.17 12:45;High;USD;Fed Chair Powell Speaks
2022.06.17 16:00;High;USD;Fed Monetary Policy Report
2022.06.21 14:00;High;USD;Existing Home Sales (May)
2022.06.22 06:00;High;GBP;CPI (YoY) (May)
2022.06.22 13:30;High;USD;Fed Chair Powell Testifies
2022.06.23 12:30;High;USD;Initial Jobless Claims
2022.06.23 13:45;High;USD;SP Global Services PMI (Jun)
2022.06.23 13:45;High;USD;SP Global US Manufacturing PMI (Jun)
2022.06.23 14:00;High;USD;Fed Chair Powell Testifies
2022.06.24 14:00;High;USD;New Home Sales (May)
2022.06.27 12:30;High;USD;Durable Goods Orders (MoM) (May)
2022.06.28 14:00;High;USD;CB Consumer Confidence (Jun)
2022.06.29 12:30;High;USD;GDP (QoQ) (Q1)
2022.06.29 13:00;High;USD;Fed Chair Powell Speaks
2022.06.29 14:25;High;USD;Crude Oil Inventories
2022.06.29 14:30;High;USD;Crude Oil Inventories
2022.06.30 06:00;High;GBP;GDP (QoQ) (Q1)
2022.06.30 06:00;High;GBP;GDP (YoY) (Q1)
2022.06.30 12:30;High;USD;Core PCE Price Index (MoM) (May)
2022.06.30 12:30;High;USD;Core PCE Price Index (YoY) (May)
2022.06.30 12:30;High;USD;Initial Jobless Claims
2022.06.30 13:45;High;USD;Chicago PMI (Jun)
2022.07.01 09:00;High;EUR;CPI (YoY) (Jun)
2022.07.01 13:45;High;USD;SP Global US Manufacturing PMI (Jun)
2022.07.01 14:00;High;USD;ISM Manufacturing PMI (Jun)
2022.07.01 14:00;High;USD;ISM Manufacturing Prices (Jun)
2022.07.05 04:30;High;AUD;RBA Interest Rate Decision (Jul)
2022.07.06 13:45;High;USD;SP Global Services PMI (Jun)
2022.07.06 14:00;High;USD;ISM Non-Manufacturing PMI (Jun)
2022.07.06 14:00;High;USD;ISM Non-Manufacturing Prices (Jun)
2022.07.06 14:00;High;USD;JOLTs Job Openings (May)
2022.07.06 18:00;High;USD;FOMC Meeting Minutes
2022.07.07 12:30;High;USD;Initial Jobless Claims
2022.07.07 15:00;High;USD;Crude Oil Inventories
2022.07.08 12:30;High;USD;Average Hourly Earnings (MoM) (Jun)
2022.07.08 12:30;High;USD;Nonfarm Payrolls (Jun)
2022.07.08 12:30;High;USD;Unemployment Rate (Jun)
2022.07.12 17:00;High;USD;10-Year Note Auction
2022.07.13 02:00;High;NZD;RBNZ Interest Rate Decision
2022.07.13 06:00;High;GBP;GDP (MoM)
2022.07.13 06:00;High;GBP;GDP (QoQ)
2022.07.13 06:00;High;GBP;GDP (YoY)
2022.07.13 12:30;High;USD;CPI (MoM) (Jun)
2022.07.13 12:30;High;USD;CPI (YoY) (Jun)
2022.07.13 12:30;High;USD;Core CPI (MoM) (Jun)
2022.07.13 14:00;High;CAD;BoC Interest Rate Decision
2022.07.13 14:30;High;USD;Crude Oil Inventories
2022.07.13 17:00;High;USD;30-Year Bond Auction
2022.07.14 12:30;High;USD;Initial Jobless Claims
2022.07.14 12:30;High;USD;PPI (MoM) (Jun)
2022.07.15 12:30;High;USD;Core Retail Sales (MoM) (Jun)
2022.07.15 12:30;High;USD;Retail Sales (MoM) (Jun)
2022.07.19 09:00;High;EUR;CPI (YoY) (Jun)
2022.07.20 06:00;High;GBP;CPI (YoY) (Jun)
2022.07.20 14:00;High;USD;Existing Home Sales (Jun)
2022.07.20 14:30;High;USD;Crude Oil Inventories
2022.07.21 03:04;High;JPY;BoJ Interest Rate Decision
2022.07.21 12:15;High;EUR;Deposit Facility Rate (Jul)
2022.07.21 12:15;High;EUR;ECB Interest Rate Decision (Jul)
2022.07.21 12:30;High;USD;Initial Jobless Claims
2022.07.21 12:30;High;USD;Philadelphia Fed Manufacturing Index (Jul)
2022.07.21 12:45;High;EUR;ECB Press Conference
2022.07.22 13:45;High;USD;SP Global Services PMI (Jul)
2022.07.22 13:45;High;USD;SP Global US Manufacturing PMI (Jul)
2022.07.26 14:00;High;USD;CB Consumer Confidence (Jul)
2022.07.26 14:00;High;USD;New Home Sales (Jun)
2022.07.27 12:30;High;USD;Durable Goods Orders (MoM) (Jun)
2022.07.27 14:30;High;USD;Crude Oil Inventories
2022.07.27 18:00;High;USD;FOMC Statement
2022.07.27 18:00;High;USD;Fed Interest Rate Decision
2022.07.27 18:30;High;USD;FOMC Press Conference
2022.07.28 12:30;High;USD;GDP (QoQ) (Q2)
2022.07.28 12:30;High;USD;Initial Jobless Claims
2022.07.28 16:55;High;USD;U.S. President Biden Speaks
2022.07.28 18:40;High;USD;U.S. President Biden Speaks
2022.07.29 09:00;High;EUR;CPI (YoY) (Jul)
2022.07.29 12:30;High;USD;Core PCE Price Index (MoM) (Jun)
2022.07.29 12:30;High;USD;Core PCE Price Index (YoY) (Jun)
2022.07.29 13:45;High;USD;Chicago PMI (Jul)
2022.08.01 13:45;High;USD;SP Global US Manufacturing PMI (Jul)
2022.08.01 14:00;High;USD;ISM Manufacturing PMI (Jul)
2022.08.01 14:00;High;USD;ISM Manufacturing Prices (Jul)
2022.08.02 04:30;High;AUD;RBA Interest Rate Decision (Aug)
2022.08.02 14:00;High;USD;JOLTs Job Openings (Jun)
2022.08.03 13:45;High;USD;SP Global Services PMI (Jul)
2022.08.03 14:00;High;USD;ISM Non-Manufacturing PMI (Jul)
2022.08.03 14:00;High;USD;ISM Non-Manufacturing Prices (Jul)
2022.08.03 14:30;High;USD;Crude Oil Inventories
2022.08.04 11:00;High;GBP;BoE Interest Rate Decision (Aug)
2022.08.04 12:30;High;USD;Initial Jobless Claims
2022.08.05 12:30;High;USD;Average Hourly Earnings (MoM) (Jul)
2022.08.05 12:30;High;USD;Nonfarm Payrolls (Jul)
2022.08.05 12:30;High;USD;Unemployment Rate (Jul)
2022.08.10 12:30;High;USD;CPI (MoM) (Jul)
2022.08.10 12:30;High;USD;CPI (YoY) (Jul)
2022.08.10 12:30;High;USD;Core CPI (MoM) (Jul)
2022.08.10 14:30;High;USD;Crude Oil Inventories
2022.08.10 17:00;High;USD;10-Year Note Auction
2022.08.11 12:30;High;USD;Initial Jobless Claims
2022.08.11 12:30;High;USD;PPI (MoM) (Jul)
2022.08.11 17:00;High;USD;30-Year Bond Auction
2022.08.12 06:00;High;GBP;GDP (MoM)
2022.08.12 06:00;High;GBP;GDP (QoQ) (Q2)
2022.08.12 06:00;High;GBP;GDP (YoY) (Q2)
2022.08.14 23:50;High;JPY;GDP (QoQ) (Q2)
2022.08.17 02:00;High;NZD;RBNZ Interest Rate Decision
2022.08.17 06:00;High;GBP;CPI (YoY) (Jul)
2022.08.17 12:30;High;USD;Core Retail Sales (MoM) (Jul)
2022.08.17 12:30;High;USD;Retail Sales (MoM) (Jul)
2022.08.17 14:30;High;USD;Crude Oil Inventories
2022.08.17 18:00;High;USD;FOMC Meeting Minutes
2022.08.18 09:00;High;EUR;CPI (YoY) (Jul)
2022.08.18 12:30;High;USD;Initial Jobless Claims
2022.08.18 12:30;High;USD;Philadelphia Fed Manufacturing Index (Aug)
2022.08.18 14:00;High;USD;Existing Home Sales (Jul)
2022.08.23 13:45;High;USD;SP Global Services PMI (Aug)
2022.08.23 13:45;High;USD;SP Global US Manufacturing PMI (Aug)
2022.08.23 14:00;High;USD;New Home Sales (Jul)
2022.08.24 12:30;High;USD;Durable Goods Orders (MoM) (Jul)
2022.08.24 14:30;High;USD;Crude Oil Inventories
2022.08.25 12:30;High;USD;GDP (QoQ) (Q2)
2022.08.25 12:30;High;USD;Initial Jobless Claims
2022.08.26 12:30;High;USD;Core PCE Price Index (MoM) (Jul)
2022.08.26 12:30;High;USD;Core PCE Price Index (YoY) (Jul)
2022.08.26 14:00;High;USD;Fed Chair Powell Speaks
2022.08.30 14:00;High;USD;CB Consumer Confidence (Aug)
2022.08.30 14:00;High;USD;JOLTs Job Openings (Jul)
2022.08.31 09:00;High;EUR;CPI (YoY) (Aug)
2022.08.31 12:15;High;USD;ADP Nonfarm Employment Change (Aug)
2022.08.31 13:45;High;USD;Chicago PMI (Aug)
2022.08.31 14:30;High;USD;Crude Oil Inventories
2022.09.01 12:30;High;USD;Initial Jobless Claims
2022.09.01 13:45;High;USD;SP Global US Manufacturing PMI (Aug)
2022.09.01 14:00;High;USD;ISM Manufacturing PMI (Aug)
2022.09.01 14:00;High;USD;ISM Manufacturing Prices (Aug)
2022.09.02 12:30;High;USD;Average Hourly Earnings (MoM) (Aug)
2022.09.02 12:30;High;USD;Nonfarm Payrolls (Aug)
2022.09.02 12:30;High;USD;Unemployment Rate (Aug)
2022.09.06 04:30;High;AUD;RBA Interest Rate Decision (Sep)
2022.09.06 13:45;High;USD;SP Global Services PMI (Aug)
2022.09.06 14:00;High;USD;ISM Non-Manufacturing PMI (Aug)
2022.09.06 14:00;High;USD;ISM Non-Manufacturing Prices (Aug)
2022.09.07 14:00;High;CAD;BoC Interest Rate Decision
2022.09.07 23:50;High;JPY;GDP (QoQ) (Q2)
2022.09.08 12:15;High;EUR;Deposit Facility Rate (Sep)
2022.09.08 12:15;High;EUR;ECB Interest Rate Decision (Sep)
2022.09.08 12:30;High;USD;Initial Jobless Claims
2022.09.08 12:45;High;EUR;ECB Press Conference
2022.09.08 13:10;High;USD;Fed Chair Powell Speaks
2022.09.08 15:00;High;USD;Crude Oil Inventories
2022.09.12 06:00;High;GBP;GDP (MoM)
2022.09.12 06:00;High;GBP;GDP (YoY)
2022.09.12 17:00;High;USD;10-Year Note Auction
2022.09.13 12:30;High;USD;CPI (MoM) (Aug)
2022.09.13 12:30;High;USD;CPI (YoY) (Aug)
2022.09.13 12:30;High;USD;Core CPI (MoM) (Aug)
2022.09.13 17:01;High;USD;30-Year Bond Auction
2022.09.14 06:00;High;GBP;CPI (YoY) (Aug)
2022.09.14 12:30;High;USD;PPI (MoM) (Aug)
2022.09.14 14:30;High;USD;Crude Oil Inventories
2022.09.15 12:30;High;USD;Core Retail Sales (MoM) (Aug)
2022.09.15 12:30;High;USD;Initial Jobless Claims
2022.09.15 12:30;High;USD;Philadelphia Fed Manufacturing Index (Sep)
2022.09.15 12:30;High;USD;Retail Sales (MoM) (Aug)
2022.09.16 09:00;High;EUR;CPI (YoY) (Aug)
2022.09.21 14:00;High;USD;Existing Home Sales (Aug)
2022.09.21 14:30;High;USD;Crude Oil Inventories
2022.09.21 18:00;High;USD;FOMC Economic Projections
2022.09.21 18:00;High;USD;FOMC Statement
2022.09.21 18:00;High;USD;Fed Interest Rate Decision
2022.09.21 18:30;High;USD;FOMC Press Conference
2022.09.22 02:51;High;JPY;BoJ Interest Rate Decision
2022.09.22 07:30;High;CHF;SNB Interest Rate Decision (Q3)
2022.09.22 11:00;High;GBP;BoE Interest Rate Decision (Sep)
2022.09.22 12:30;High;USD;Initial Jobless Claims
2022.09.23 13:45;High;USD;SP Global Services PMI (Sep)
2022.09.23 13:45;High;USD;SP Global US Manufacturing PMI (Sep)
2022.09.23 18:00;High;USD;Fed Chair Powell Speaks
2022.09.27 12:30;High;USD;Durable Goods Orders (MoM) (Aug)
2022.09.27 14:00;High;USD;CB Consumer Confidence (Sep)
2022.09.27 14:00;High;USD;New Home Sales (Aug)
2022.09.28 14:15;High;USD;Fed Chair Powell Speaks
2022.09.28 14:30;High;USD;Crude Oil Inventories
2022.09.29 12:30;High;USD;GDP (QoQ) (Q2)
2022.09.29 12:30;High;USD;Initial Jobless Claims
2022.09.30 06:00;High;GBP;GDP (QoQ) (Q2)
2022.09.30 06:00;High;GBP;GDP (YoY) (Q2)
2022.09.30 09:00;High;EUR;CPI (YoY) (Sep)
2022.09.30 12:30;High;USD;Core PCE Price Index (MoM) (Aug)
2022.09.30 12:30;High;USD;Core PCE Price Index (YoY) (Aug)
2022.09.30 13:45;High;USD;Chicago PMI (Sep)
2022.10.03 13:45;High;USD;SP Global US Manufacturing PMI (Sep)
2022.10.03 14:00;High;USD;ISM Manufacturing PMI (Sep)
2022.10.03 14:00;High;USD;ISM Manufacturing Prices (Sep)
2022.10.04 03:30;High;AUD;RBA Interest Rate Decision (Oct)
2022.10.04 14:00;High;USD;JOLTs Job Openings (Aug)
2022.10.05 01:00;High;NZD;RBNZ Interest Rate Decision
2022.10.05 12:15;High;USD;ADP Nonfarm Employment Change (Sep)
2022.10.05 13:45;High;USD;SP Global Services PMI (Sep)
2022.10.05 14:00;High;USD;ISM Non-Manufacturing PMI (Sep)
2022.10.05 14:00;High;USD;ISM Non-Manufacturing Prices (Sep)
2022.10.05 14:30;High;USD;Crude Oil Inventories
2022.10.06 12:30;High;USD;Initial Jobless Claims
2022.10.07 12:30;High;USD;Average Hourly Earnings (MoM) (Sep)
2022.10.07 12:30;High;USD;Nonfarm Payrolls (Sep)
2022.10.07 12:30;High;USD;Unemployment Rate (Sep)
2022.10.12 06:00;High;GBP;GDP (MoM)
2022.10.12 06:00;High;GBP;GDP (YoY)
2022.10.12 12:30;High;USD;PPI (MoM) (Sep)
2022.10.12 17:00;High;USD;10-Year Note Auction
2022.10.12 18:00;High;USD;FOMC Meeting Minutes
2022.10.13 12:30;High;USD;CPI (MoM) (Sep)
2022.10.13 12:30;High;USD;CPI (YoY) (Sep)
2022.10.13 12:30;High;USD;Core CPI (MoM) (Sep)
2022.10.13 12:30;High;USD;Initial Jobless Claims
2022.10.13 15:00;High;USD;Crude Oil Inventories
2022.10.13 17:00;High;USD;30-Year Bond Auction
2022.10.14 12:30;High;USD;Core Retail Sales (MoM) (Sep)
2022.10.14 12:30;High;USD;Retail Sales (MoM) (Sep)
2022.10.19 06:00;High;GBP;CPI (YoY) (Sep)
2022.10.19 09:00;High;EUR;CPI (YoY) (Sep)
2022.10.19 14:30;High;USD;Crude Oil Inventories
2022.10.20 12:30;High;USD;Initial Jobless Claims
2022.10.20 12:30;High;USD;Philadelphia Fed Manufacturing Index (Oct)
2022.10.20 14:00;High;USD;Existing Home Sales (Sep)
2022.10.24 13:45;High;USD;SP Global Services PMI (Oct)
2022.10.24 13:45;High;USD;SP Global US Manufacturing PMI (Oct)
2022.10.25 14:00;High;USD;CB Consumer Confidence (Oct)
2022.10.26 14:00;High;CAD;BoC Interest Rate Decision
2022.10.26 14:00;High;USD;New Home Sales (Sep)
2022.10.26 14:30;High;USD;Crude Oil Inventories
2022.10.27 12:15;High;EUR;Deposit Facility Rate (Oct)
2022.10.27 12:15;High;EUR;ECB Interest Rate Decision (Oct)
2022.10.27 12:30;High;USD;Durable Goods Orders (MoM) (Sep)
2022.10.27 12:30;High;USD;GDP (QoQ) (Q3)
2022.10.27 12:30;High;USD;Initial Jobless Claims
2022.10.27 12:45;High;EUR;ECB Press Conference
2022.10.28 02:50;High;JPY;BoJ Interest Rate Decision
2022.10.28 12:30;High;USD;Core PCE Price Index (MoM) (Sep)
2022.10.28 12:30;High;USD;Core PCE Price Index (YoY) (Sep)
2022.10.31 10:00;High;EUR;CPI (YoY) (Oct)
2022.10.31 13:45;High;USD;Chicago PMI (Oct)
2022.10.31 20:30;High;USD;U.S. President Biden Speaks
2022.11.01 03:30;High;AUD;RBA Interest Rate Decision (Nov)
2022.11.01 13:45;High;USD;SP Global US Manufacturing PMI (Oct)
2022.11.01 14:00;High;USD;ISM Manufacturing PMI (Oct)
2022.11.01 14:00;High;USD;ISM Manufacturing Prices (Oct)
2022.11.01 14:00;High;USD;JOLTs Job Openings (Sep)
2022.11.02 12:15;High;USD;ADP Nonfarm Employment Change (Oct)
2022.11.02 14:30;High;USD;Crude Oil Inventories
2022.11.02 18:00;High;USD;FOMC Statement
2022.11.02 18:00;High;USD;Fed Interest Rate Decision
2022.11.02 18:30;High;USD;FOMC Press Conference
2022.11.03 12:00;High;GBP;BoE Interest Rate Decision (Nov)
2022.11.03 12:30;High;USD;Initial Jobless Claims
2022.11.03 13:45;High;USD;SP Global Services PMI (Oct)
2022.11.03 14:00;High;USD;ISM Non-Manufacturing PMI (Oct)
2022.11.03 14:00;High;USD;ISM Non-Manufacturing Prices (Oct)
2022.11.04 12:30;High;USD;Average Hourly Earnings (MoM) (Oct)
2022.11.04 12:30;High;USD;Nonfarm Payrolls (Oct)
2022.11.04 12:30;High;USD;Unemployment Rate (Oct)
2022.11.09 15:30;High;USD;Crude Oil Inventories
2022.11.09 18:00;High;USD;10-Year Note Auction
2022.11.10 13:30;High;USD;CPI (MoM) (Oct)
2022.11.10 13:30;High;USD;CPI (YoY) (Oct)
2022.11.10 13:30;High;USD;Core CPI (MoM) (Oct)
2022.11.10 13:30;High;USD;Initial Jobless Claims
2022.11.10 18:00;High;USD;30-Year Bond Auction
2022.11.11 07:00;High;GBP;GDP (MoM)
2022.11.11 07:00;High;GBP;GDP (QoQ) (Q3)
2022.11.11 07:00;High;GBP;GDP (YoY) (Q3)
2022.11.14 23:50;High;JPY;GDP (QoQ) (Q3)
2022.11.15 13:30;High;USD;PPI (MoM) (Oct)
2022.11.16 07:00;High;GBP;CPI (YoY) (Oct)
2022.11.16 13:30;High;USD;Core Retail Sales (MoM) (Oct)
2022.11.16 13:30;High;USD;Retail Sales (MoM) (Oct)
2022.11.16 15:30;High;USD;Crude Oil Inventories
2022.11.17 10:00;High;EUR;CPI (YoY) (Oct)
2022.11.17 12:30;High;GBP;Autumn Forecast Statement
2022.11.17 13:30;High;USD;Initial Jobless Claims
2022.11.17 13:30;High;USD;Philadelphia Fed Manufacturing Index (Nov)
2022.11.17 18:45;High;USD;Sec Kashkari Speaks
2022.11.18 15:00;High;USD;Existing Home Sales (Oct)
2022.11.23 01:00;High;NZD;RBNZ Interest Rate Decision
2022.11.23 13:30;High;USD;Durable Goods Orders (MoM) (Oct)
2022.11.23 13:30;High;USD;Initial Jobless Claims
2022.11.23 14:45;High;USD;SP Global Services PMI (Nov)
2022.11.23 14:45;High;USD;SP Global US Manufacturing PMI (Nov)
2022.11.23 15:00;High;USD;New Home Sales (Oct)
2022.11.23 15:30;High;USD;Crude Oil Inventories
2022.11.23 19:00;High;USD;FOMC Meeting Minutes
2022.11.29 15:00;High;USD;CB Consumer Confidence (Nov)
2022.11.30 10:00;High;EUR;CPI (YoY) (Nov)
2022.11.30 13:15;High;USD;ADP Nonfarm Employment Change (Nov)
2022.11.30 13:30;High;USD;GDP (QoQ) (Q3)
2022.11.30 14:45;High;USD;Chicago PMI (Nov)
2022.11.30 15:00;High;USD;JOLTs Job Openings (Oct)
2022.11.30 15:30;High;USD;Crude Oil Inventories
2022.11.30 18:30;High;USD;Fed Chair Powell Speaks
2022.12.01 13:30;High;USD;Core PCE Price Index (MoM) (Oct)
2022.12.01 13:30;High;USD;Core PCE Price Index (YoY) (Oct)
2022.12.01 13:30;High;USD;Initial Jobless Claims
2022.12.01 14:45;High;USD;SP Global US Manufacturing PMI (Nov)
2022.12.01 15:00;High;USD;ISM Manufacturing PMI (Nov)
2022.12.01 15:00;High;USD;ISM Manufacturing Prices (Nov)
2022.12.02 12:30;High;USD;Unemployment Rate (Nov)
2022.12.02 13:30;High;USD;Average Hourly Earnings (MoM) (Nov)
2022.12.02 13:30;High;USD;Nonfarm Payrolls (Nov)
2022.12.05 14:45;High;USD;SP Global Services PMI (Nov)
2022.12.05 15:00;High;USD;ISM Non-Manufacturing PMI (Nov)
2022.12.05 15:00;High;USD;ISM Non-Manufacturing Prices (Nov)
2022.12.06 03:30;High;AUD;RBA Interest Rate Decision (Dec)
2022.12.07 15:00;High;CAD;BoC Interest Rate Decision
2022.12.07 15:30;High;USD;Crude Oil Inventories
2022.12.07 23:50;High;JPY;GDP (QoQ) (Q3)
2022.12.08 13:30;High;USD;Initial Jobless Claims
2022.12.09 13:30;High;USD;PPI (MoM) (Nov)
2022.12.12 07:00;High;GBP;GDP (MoM)
2022.12.12 07:00;High;GBP;GDP (YoY)
2022.12.12 18:00;High;USD;10-Year Note Auction
2022.12.13 13:30;High;USD;CPI (MoM) (Nov)
2022.12.13 13:30;High;USD;CPI (YoY) (Nov)
2022.12.13 13:30;High;USD;Core CPI (MoM) (Nov)
2022.12.13 18:00;High;USD;30-Year Bond Auction
2022.12.14 07:00;High;GBP;CPI (YoY) (Nov)
2022.12.14 15:30;High;USD;Crude Oil Inventories
2022.12.14 19:00;High;USD;FOMC Economic Projections
2022.12.14 19:00;High;USD;FOMC Statement
2022.12.14 19:00;High;USD;Fed Interest Rate Decision
2022.12.14 19:30;High;USD;FOMC Press Conference
2022.12.15 08:30;High;CHF;SNB Interest Rate Decision (Q4)
2022.12.15 12:00;High;GBP;BoE Interest Rate Decision (Dec)
2022.12.15 13:15;High;EUR;Deposit Facility Rate (Dec)
2022.12.15 13:15;High;EUR;ECB Interest Rate Decision (Dec)
2022.12.15 13:30;High;USD;Core Retail Sales (MoM) (Nov)
2022.12.15 13:30;High;USD;Initial Jobless Claims
2022.12.15 13:30;High;USD;Philadelphia Fed Manufacturing Index (Dec)
2022.12.15 13:30;High;USD;Retail Sales (MoM) (Nov)
2022.12.15 13:45;High;EUR;ECB Press Conference
2022.12.16 10:00;High;EUR;CPI (YoY) (Nov)
2022.12.16 14:45;High;USD;SP Global Services PMI (Dec)
2022.12.16 14:45;High;USD;SP Global US Manufacturing PMI (Dec)
2022.12.20 03:01;High;JPY;BoJ Interest Rate Decision
2022.12.21 15:00;High;USD;CB Consumer Confidence (Dec)
2022.12.21 15:00;High;USD;Existing Home Sales (Nov)
2022.12.21 15:30;High;USD;Crude Oil Inventories
2022.12.22 07:00;High;GBP;GDP (QoQ) (Q3)
2022.12.22 07:00;High;GBP;GDP (YoY) (Q3)
2022.12.22 13:30;High;USD;GDP (QoQ) (Q3)
2022.12.22 13:30;High;USD;Initial Jobless Claims
2022.12.23 13:30;High;USD;Core PCE Price Index (MoM) (Nov)
2022.12.23 13:30;High;USD;Core PCE Price Index (YoY) (Nov)
2022.12.23 13:30;High;USD;Durable Goods Orders (MoM) (Nov)
2022.12.23 15:00;High;USD;New Home Sales (Nov)
2022.12.29 13:30;High;USD;Initial Jobless Claims
2022.12.29 16:00;High;USD;Crude Oil Inventories
2022.12.30 14:45;High;USD;Chicago PMI (Dec)
2023.01.03 14:45;High;USD;SP Global US Manufacturing PMI (Dec)
2023.01.04 15:00;High;USD;ISM Manufacturing PMI (Dec)
2023.01.04 15:00;High;USD;ISM Manufacturing Prices (Dec)
2023.01.04 15:00;High;USD;JOLTs Job Openings (Nov)
2023.01.04 19:00;High;USD;FOMC Meeting Minutes
2023.01.05 13:15;High;USD;ADP Nonfarm Employment Change (Dec)
2023.01.05 13:30;High;USD;Initial Jobless Claims
2023.01.05 14:45;High;USD;SP Global Services PMI (Dec)
2023.01.05 16:00;High;USD;Crude Oil Inventories
2023.01.06 10:00;High;EUR;CPI (YoY) (Dec)
2023.01.06 13:30;High;USD;Average Hourly Earnings (MoM) (Dec)
2023.01.06 13:30;High;USD;Nonfarm Payrolls (Dec)
2023.01.06 13:30;High;USD;Unemployment Rate (Dec)
2023.01.06 15:00;High;USD;ISM Non-Manufacturing PMI (Dec)
2023.01.06 15:00;High;USD;ISM Non-Manufacturing Prices (Dec)
2023.01.10 14:00;High;USD;Fed Chair Powell Speaks
2023.01.11 15:30;High;USD;Crude Oil Inventories
2023.01.11 18:00;High;USD;10-Year Note Auction
2023.01.12 13:30;High;USD;CPI (MoM) (Dec)
2023.01.12 13:30;High;USD;CPI (YoY) (Dec)
2023.01.12 13:30;High;USD;Core CPI (MoM) (Dec)
2023.01.12 13:30;High;USD;Initial Jobless Claims
2023.01.12 18:00;High;USD;30-Year Bond Auction
2023.01.13 07:00;High;GBP;GDP (MoM)
2023.01.13 07:00;High;GBP;GDP (YoY)
2023.01.18 02:40;High;JPY;BoJ Interest Rate Decision
2023.01.18 07:00;High;GBP;CPI (YoY) (Dec)
2023.01.18 10:00;High;EUR;CPI (YoY) (Dec)
2023.01.18 13:30;High;USD;Core Retail Sales (MoM) (Dec)
2023.01.18 13:30;High;USD;PPI (MoM) (Dec)
2023.01.18 13:30;High;USD;Retail Sales (MoM) (Dec)
2023.01.19 13:30;High;USD;Initial Jobless Claims
2023.01.19 13:30;High;USD;Philadelphia Fed Manufacturing Index (Jan)
2023.01.19 16:00;High;USD;Crude Oil Inventories
2023.01.20 15:00;High;USD;Existing Home Sales (Dec)
2023.01.24 14:45;High;USD;SP Global Services PMI (Jan)
2023.01.24 14:45;High;USD;SP Global US Manufacturing PMI (Jan)
2023.01.25 15:00;High;CAD;BoC Interest Rate Decision
2023.01.25 15:30;High;USD;Crude Oil Inventories
2023.01.26 13:30;High;USD;Durable Goods Orders (MoM) (Dec)
2023.01.26 13:30;High;USD;GDP (QoQ) (Q4)
2023.01.26 13:30;High;USD;Initial Jobless Claims
2023.01.26 15:00;High;USD;New Home Sales (Dec)
2023.01.26 19:45;High;USD;U.S. President Biden Speaks
2023.01.27 13:30;High;USD;Core PCE Price Index (MoM) (Dec)
2023.01.27 13:30;High;USD;Core PCE Price Index (YoY) (Dec)
2023.01.31 14:45;High;USD;Chicago PMI (Jan)
2023.01.31 15:00;High;USD;CB Consumer Confidence (Jan)
2023.02.01 10:00;High;EUR;CPI (YoY) (Jan)
2023.02.01 13:15;High;USD;ADP Nonfarm Employment Change (Jan)
2023.02.01 14:45;High;USD;SP Global US Manufacturing PMI (Jan)
2023.02.01 15:00;High;USD;ISM Manufacturing PMI (Jan)
2023.02.01 15:00;High;USD;ISM Manufacturing Prices (Jan)
2023.02.01 15:00;High;USD;JOLTs Job Openings (Dec)
2023.02.01 15:30;High;USD;Crude Oil Inventories
2023.02.01 19:00;High;USD;FOMC Statement
2023.02.01 19:00;High;USD;Fed Interest Rate Decision
2023.02.01 19:30;High;USD;FOMC Press Conference
2023.02.02 12:00;High;GBP;BoE Interest Rate Decision (Jan)
2023.02.02 13:15;High;EUR;Deposit Facility Rate (Feb)
2023.02.02 13:15;High;EUR;ECB Interest Rate Decision (Feb)
2023.02.02 13:30;High;USD;Initial Jobless Claims
2023.02.02 13:45;High;EUR;ECB Press Conference
2023.02.03 13:30;High;USD;Average Hourly Earnings (MoM) (Jan)
2023.02.03 13:30;High;USD;Nonfarm Payrolls (Jan)
2023.02.03 13:30;High;USD;Unemployment Rate (Jan)
2023.02.03 14:45;High;USD;SP Global Services PMI (Jan)
2023.02.03 15:00;High;USD;ISM Non-Manufacturing PMI (Jan)
2023.02.03 15:00;High;USD;ISM Non-Manufacturing Prices (Jan)
2023.02.07 03:30;High;AUD;RBA Interest Rate Decision (Feb)
2023.02.07 17:40;High;USD;Fed Chair Powell Speaks
2023.02.08 15:30;High;USD;Crude Oil Inventories
2023.02.08 18:01;High;USD;10-Year Note Auction
2023.02.09 13:30;High;USD;Initial Jobless Claims
2023.02.09 18:00;High;USD;30-Year Bond Auction
2023.02.10 07:00;High;GBP;GDP (MoM) (Dec)
2023.02.10 07:00;High;GBP;GDP (QoQ) (Q4)
2023.02.10 07:00;High;GBP;GDP (YoY) (Q4)
2023.02.13 23:50;High;JPY;GDP (QoQ) (Q4)
2023.02.14 13:30;High;USD;CPI (MoM) (Jan)
2023.02.14 13:30;High;USD;CPI (YoY) (Jan)
2023.02.14 13:30;High;USD;Core CPI (MoM) (Jan)
2023.02.15 07:00;High;GBP;CPI (YoY) (Jan)
2023.02.15 13:30;High;USD;Core Retail Sales (MoM) (Jan)
2023.02.15 13:30;High;USD;Retail Sales (MoM) (Jan)
2023.02.15 15:30;High;USD;Crude Oil Inventories
2023.02.16 13:30;High;USD;Initial Jobless Claims
2023.02.16 13:30;High;USD;PPI (MoM) (Jan)
2023.02.16 13:30;High;USD;Philadelphia Fed Manufacturing Index (Feb)
2023.02.21 14:45;High;USD;SP Global Services PMI (Feb)
2023.02.21 14:45;High;USD;SP Global US Manufacturing PMI (Feb)
2023.02.21 15:00;High;USD;Existing Home Sales (Jan)
2023.02.22 01:00;High;NZD;RBNZ Interest Rate Decision
2023.02.22 19:00;High;USD;FOMC Meeting Minutes
2023.02.23 10:00;High;EUR;CPI (YoY) (Jan)
2023.02.23 13:30;High;USD;GDP (QoQ) (Q4)
2023.02.23 13:30;High;USD;Initial Jobless Claims
2023.02.23 16:00;High;USD;Crude Oil Inventories
2023.02.24 13:30;High;USD;Core PCE Price Index (MoM) (Jan)
2023.02.24 13:30;High;USD;Core PCE Price Index (YoY) (Jan)
2023.02.24 15:00;High;USD;New Home Sales (Jan)
2023.02.27 13:30;High;USD;Durable Goods Orders (MoM) (Jan)
2023.02.28 14:45;High;USD;Chicago PMI (Feb)
2023.02.28 15:00;High;USD;CB Consumer Confidence (Feb)
2023.03.01 14:45;High;USD;SP Global US Manufacturing PMI (Feb)
2023.03.01 15:00;High;USD;ISM Manufacturing PMI (Feb)
2023.03.01 15:00;High;USD;ISM Manufacturing Prices (Feb)
2023.03.01 15:30;High;USD;Crude Oil Inventories
2023.03.02 10:00;High;EUR;CPI (YoY) (Feb)
2023.03.02 13:30;High;USD;Initial Jobless Claims
2023.03.03 14:45;High;USD;SP Global Services PMI (Feb)
2023.03.03 15:00;High;USD;ISM Non-Manufacturing PMI (Feb)
2023.03.03 15:00;High;USD;ISM Non-Manufacturing Prices (Feb)
2023.03.07 03:30;High;AUD;RBA Interest Rate Decision (Mar)
2023.03.07 15:00;High;USD;Fed Chair Powell Testifies
2023.03.08 13:15;High;USD;ADP Nonfarm Employment Change (Feb)
2023.03.08 15:00;High;CAD;BoC Interest Rate Decision
2023.03.08 15:00;High;USD;Fed Chair Powell Testifies
2023.03.08 15:00;High;USD;JOLTs Job Openings (Jan)
2023.03.08 15:30;High;USD;Crude Oil Inventories
2023.03.08 18:00;High;USD;10-Year Note Auction
2023.03.08 23:50;High;JPY;GDP (QoQ) (Q4)
2023.03.09 13:30;High;USD;Initial Jobless Claims
2023.03.09 18:00;High;USD;30-Year Bond Auction
2023.03.10 02:30;High;JPY;BoJ Interest Rate Decision
2023.03.10 07:00;High;GBP;GDP (MoM) (Jan)
2023.03.10 13:30;High;USD;Average Hourly Earnings (MoM) (Feb)
2023.03.10 13:30;High;USD;Nonfarm Payrolls (Feb)
2023.03.10 13:30;High;USD;Unemployment Rate (Feb)
2023.03.13 13:00;High;USD;U.S. President Biden Speaks
2023.03.14 12:30;High;USD;CPI (MoM) (Feb)
2023.03.14 12:30;High;USD;CPI (YoY) (Feb)
2023.03.14 12:30;High;USD;Core CPI (MoM) (Feb)
2023.03.15 12:30;High;GBP;Spring Forecast Statement
2023.03.15 12:30;High;USD;Core Retail Sales (MoM) (Feb)
2023.03.15 12:30;High;USD;PPI (MoM) (Feb)
2023.03.15 12:30;High;USD;Retail Sales (MoM) (Feb)
2023.03.15 14:30;High;USD;Crude Oil Inventories
2023.03.16 12:30;High;USD;Initial Jobless Claims
2023.03.16 12:30;High;USD;Philadelphia Fed Manufacturing Index (Mar)
2023.03.16 13:15;High;EUR;Deposit Facility Rate (Mar)
2023.03.16 13:15;High;EUR;ECB Interest Rate Decision (Mar)
2023.03.16 13:45;High;EUR;ECB Press Conference
2023.03.17 10:00;High;EUR;CPI (YoY) (Feb)
2023.03.21 14:00;High;USD;Existing Home Sales
2023.03.22 07:00;High;GBP;CPI (YoY) (Feb)
2023.03.22 14:30;High;USD;Crude Oil Inventories
2023.03.22 18:00;High;USD;FOMC Economic Projections
2023.03.22 18:00;High;USD;Fed Interest Rate Decision
2023.03.22 18:30;High;USD;FOMC Press Conference
2023.03.23 08:30;High;CHF;SNB Interest Rate Decision (Q1)
2023.03.23 12:00;High;GBP;BoE Interest Rate Decision (Mar)
2023.03.23 12:30;High;USD;Initial Jobless Claims
2023.03.23 14:00;High;USD;New Home Sales (Feb)
2023.03.24 12:30;High;USD;Durable Goods Orders (MoM) (Feb)
2023.03.24 13:45;High;USD;SP Global Services PMI (Mar)
2023.03.24 13:45;High;USD;SP Global US Manufacturing PMI (Mar)
2023.03.28 14:00;High;USD;CB Consumer Confidence (Mar)
2023.03.29 14:30;High;USD;Crude Oil Inventories
2023.03.30 12:30;High;USD;GDP (QoQ) (Q4)
2023.03.30 12:30;High;USD;Initial Jobless Claims
2023.03.31 06:00;High;GBP;GDP (QoQ) (Q4)
2023.03.31 06:00;High;GBP;GDP (YoY) (Q4)
2023.03.31 09:00;High;EUR;CPI (YoY) (Mar)
2023.03.31 12:30;High;USD;Core PCE Price Index (MoM) (Feb)
2023.03.31 12:30;High;USD;Core PCE Price Index (YoY) (Feb)
2023.03.31 13:45;High;USD;Chicago PMI (Mar)
2023.04.03 13:45;High;USD;SP Global US Manufacturing PMI (Mar)
2023.04.03 14:00;High;USD;ISM Manufacturing PMI (Mar)
2023.04.03 14:00;High;USD;ISM Manufacturing Prices (Mar)
2023.04.04 04:30;High;AUD;RBA Interest Rate Decision (Apr)
2023.04.04 14:00;High;USD;JOLTs Job Openings (Feb)
2023.04.05 02:00;High;NZD;RBNZ Interest Rate Decision
2023.04.05 12:15;High;USD;ADP Nonfarm Employment Change (Mar)
2023.04.05 13:45;High;USD;SP Global Services PMI (Mar)
2023.04.05 14:00;High;USD;ISM Non-Manufacturing PMI (Mar)
2023.04.05 14:00;High;USD;ISM Non-Manufacturing Prices (Mar)
2023.04.05 14:30;High;USD;Crude Oil Inventories
2023.04.06 12:30;High;USD;Initial Jobless Claims
2023.04.07 12:30;High;USD;Average Hourly Earnings (MoM) (Mar)
2023.04.07 12:30;High;USD;Nonfarm Payrolls (Mar)
2023.04.07 12:30;High;USD;Unemployment Rate (Mar)
2023.04.12 12:30;High;USD;CPI (MoM) (Mar)
2023.04.12 12:30;High;USD;CPI (YoY) (Mar)
2023.04.12 12:30;High;USD;Core CPI (MoM) (Mar)
2023.04.12 14:00;High;CAD;BoC Interest Rate Decision
2023.04.12 14:30;High;USD;Crude Oil Inventories
2023.04.12 17:00;High;USD;10-Year Note Auction
2023.04.12 18:00;High;USD;FOMC Meeting Minutes
2023.04.13 06:00;High;GBP;GDP (MoM) (Feb)
2023.04.13 12:30;High;USD;Initial Jobless Claims
2023.04.13 12:30;High;USD;PPI (MoM) (Mar)
2023.04.13 17:00;High;USD;30-Year Bond Auction
2023.04.14 12:30;High;USD;Core Retail Sales (MoM) (Mar)
2023.04.14 12:30;High;USD;Retail Sales (MoM) (Mar)
2023.04.19 06:00;High;GBP;CPI (YoY) (Mar)
2023.04.19 09:00;High;EUR;CPI (YoY) (Mar)
2023.04.19 14:30;High;USD;Crude Oil Inventories
2023.04.20 12:30;High;USD;Initial Jobless Claims
2023.04.20 12:30;High;USD;Philadelphia Fed Manufacturing Index (Apr)
2023.04.20 14:00;High;USD;Existing Home Sales (Mar)
2023.04.21 13:45;High;USD;SP Global Services PMI (Apr)
2023.04.21 13:45;High;USD;SP Global US Manufacturing PMI (Apr)
2023.04.25 14:00;High;USD;CB Consumer Confidence (Apr)
2023.04.25 14:00;High;USD;New Home Sales (Mar)
2023.04.26 12:30;High;USD;Durable Goods Orders (MoM) (Mar)
2023.04.26 14:30;High;USD;Crude Oil Inventories
2023.04.27 12:30;High;USD;GDP (QoQ) (Q1)
2023.04.27 12:30;High;USD;Initial Jobless Claims
2023.04.28 04:00;High;JPY;BoJ Interest Rate Decision
2023.04.28 12:30;High;USD;Core PCE Price Index (MoM) (Mar)
2023.04.28 12:30;High;USD;Core PCE Price Index (YoY) (Mar)
2023.04.28 13:45;High;USD;Chicago PMI (Apr)
2023.05.01 13:45;High;USD;SP Global US Manufacturing PMI (Apr)
2023.05.01 14:00;High;USD;ISM Manufacturing PMI (Apr)
2023.05.01 14:00;High;USD;ISM Manufacturing Prices (Apr)
2023.05.02 04:30;High;AUD;RBA Interest Rate Decision (May)
2023.05.02 09:00;High;EUR;CPI (YoY) (Apr)
2023.05.02 14:00;High;USD;JOLTs Job Openings (Mar)
2023.05.03 12:15;High;USD;ADP Nonfarm Employment Change (Apr)
2023.05.03 13:45;High;USD;SP Global Services PMI (Apr)
2023.05.03 14:00;High;USD;ISM Non-Manufacturing PMI (Apr)
2023.05.03 14:00;High;USD;ISM Non-Manufacturing Prices (Apr)
2023.05.03 14:30;High;USD;Crude Oil Inventories
2023.05.03 18:00;High;USD;FOMC Statement
2023.05.03 18:00;High;USD;Fed Interest Rate Decision
2023.05.03 18:30;High;USD;FOMC Press Conference
2023.05.04 12:15;High;EUR;Deposit Facility Rate (May)
2023.05.04 12:15;High;EUR;ECB Interest Rate Decision (May)
2023.05.04 12:30;High;USD;Initial Jobless Claims
2023.05.04 12:45;High;EUR;ECB Press Conference
2023.05.05 12:30;High;USD;Average Hourly Earnings (MoM) (Apr)
2023.05.05 12:30;High;USD;Nonfarm Payrolls (Apr)
2023.05.05 12:30;High;USD;Unemployment Rate (Apr)
2023.05.10 12:30;High;USD;CPI (MoM) (Apr)
2023.05.10 12:30;High;USD;CPI (YoY) (Apr)
2023.05.10 12:30;High;USD;Core CPI (MoM) (Apr)
2023.05.10 14:30;High;USD;Crude Oil Inventories
2023.05.10 17:00;High;USD;10-Year Note Auction
2023.05.11 11:00;High;GBP;BoE Interest Rate Decision (May)
2023.05.11 12:30;High;USD;Initial Jobless Claims
2023.05.11 12:30;High;USD;PPI (MoM) (Apr)
2023.05.11 17:00;High;USD;30-Year Bond Auction
2023.05.12 06:00;High;GBP;GDP (MoM) (Mar)
2023.05.12 06:00;High;GBP;GDP (QoQ) (Q1)
2023.05.12 06:00;High;GBP;GDP (YoY) (Q1)
2023.05.16 12:30;High;USD;Core Retail Sales (MoM) (Apr)
2023.05.16 12:30;High;USD;Retail Sales (MoM) (Apr)
2023.05.16 23:50;High;JPY;GDP (QoQ) (Q1)
2023.05.17 09:00;High;EUR;CPI (YoY) (Apr)
2023.05.17 14:30;High;USD;Crude Oil Inventories
2023.05.18 12:30;High;USD;Initial Jobless Claims
2023.05.18 12:30;High;USD;Philadelphia Fed Manufacturing Index (May)
2023.05.18 14:00;High;USD;Existing Home Sales (Apr)
2023.05.19 15:00;High;USD;Fed Chair Powell Speaks
2023.05.23 13:45;High;USD;SP Global Services PMI (May)
2023.05.23 13:45;High;USD;SP Global US Manufacturing PMI (May)
2023.05.23 14:00;High;USD;New Home Sales (Apr)
2023.05.23 16:30;High;USD;Fed Chair Powell Speaks
2023.05.24 02:00;High;NZD;RBNZ Interest Rate Decision
2023.05.24 06:00;High;GBP;CPI (YoY) (Apr)
2023.05.24 14:30;High;USD;Crude Oil Inventories
2023.05.24 18:00;High;USD;FOMC Meeting Minutes
2023.05.25 12:30;High;USD;GDP (QoQ) (Q1)
2023.05.25 12:30;High;USD;Initial Jobless Claims
2023.05.26 12:30;High;USD;Core PCE Price Index (MoM) (Apr)
2023.05.26 12:30;High;USD;Core PCE Price Index (YoY) (Apr)
2023.05.26 12:30;High;USD;Durable Goods Orders (MoM) (Apr)
2023.05.30 14:00;High;USD;CB Consumer Confidence (May)
2023.05.31 13:45;High;USD;Chicago PMI (May)
2023.05.31 14:00;High;USD;JOLTs Job Openings (Apr)
2023.06.01 09:00;High;EUR;CPI (YoY) (May)
2023.06.01 12:15;High;USD;ADP Nonfarm Employment Change (May)
2023.06.01 12:30;High;USD;Initial Jobless Claims
2023.06.01 13:45;High;USD;SP Global US Manufacturing PMI (May)
2023.06.01 14:00;High;USD;ISM Manufacturing PMI (May)
2023.06.01 14:00;High;USD;ISM Manufacturing Prices (May)
2023.06.01 15:00;High;USD;Crude Oil Inventories
2023.06.02 12:30;High;USD;Average Hourly Earnings (MoM) (May)
2023.06.02 12:30;High;USD;Nonfarm Payrolls (May)
2023.06.02 12:30;High;USD;Unemployment Rate (May)
2023.06.05 13:45;High;USD;SP Global Services PMI (May)
2023.06.05 14:00;High;USD;ISM Non-Manufacturing PMI (May)
2023.06.05 14:00;High;USD;ISM Non-Manufacturing Prices (May)
2023.06.06 04:30;High;AUD;RBA Interest Rate Decision (Jun)
2023.06.07 14:00;High;CAD;BoC Interest Rate Decision
2023.06.07 14:30;High;USD;Crude Oil Inventories
2023.06.07 23:50;High;JPY;GDP (QoQ) (Q1)
2023.06.08 12:30;High;USD;Initial Jobless Claims
2023.06.12 17:00;High;USD;10-Year Note Auction
2023.06.13 12:30;High;USD;CPI (MoM) (May)
2023.06.13 12:30;High;USD;CPI (YoY) (May)
2023.06.13 12:30;High;USD;Core CPI (MoM) (May)
2023.06.13 17:00;High;USD;30-Year Bond Auction
2023.06.14 06:00;High;GBP;GDP (MoM) (Apr)
2023.06.14 12:30;High;USD;PPI (MoM) (May)
2023.06.14 14:30;High;USD;Crude Oil Inventories
2023.06.14 18:00;High;USD;FOMC Economic Projections
2023.06.14 18:00;High;USD;FOMC Statement
2023.06.14 18:00;High;USD;Fed Interest Rate Decision
2023.06.14 18:30;High;USD;FOMC Press Conference
2023.06.15 12:15;High;EUR;Deposit Facility Rate (Jun)
2023.06.15 12:15;High;EUR;ECB Interest Rate Decision (Jun)
2023.06.15 12:30;High;USD;Core Retail Sales (MoM) (May)
2023.06.15 12:30;High;USD;Initial Jobless Claims
2023.06.15 12:30;High;USD;Philadelphia Fed Manufacturing Index (Jun)
2023.06.15 12:30;High;USD;Retail Sales (MoM) (May)
2023.06.15 12:45;High;EUR;ECB Press Conference
2023.06.16 02:47;High;JPY;BoJ Interest Rate Decision
2023.06.16 09:00;High;EUR;CPI (YoY) (May)
2023.06.21 06:00;High;GBP;CPI (YoY) (May)
2023.06.21 14:00;High;USD;Fed Chair Powell Testifies
2023.06.22 07:30;High;CHF;SNB Interest Rate Decision (Q2)
2023.06.22 11:00;High;GBP;BoE Interest Rate Decision (Jun)
2023.06.22 12:30;High;USD;Initial Jobless Claims
2023.06.22 14:00;High;USD;Existing Home Sales (May)
2023.06.22 14:00;High;USD;Fed Chair Powell Testifies
2023.06.22 15:00;High;USD;Crude Oil Inventories
2023.06.23 13:45;High;USD;SP Global Services PMI (Jun)
2023.06.23 13:45;High;USD;SP Global US Manufacturing PMI (Jun)
2023.06.27 12:30;High;USD;Durable Goods Orders (MoM) (May)
2023.06.27 14:00;High;USD;CB Consumer Confidence (Jun)
2023.06.27 14:00;High;USD;New Home Sales (May)
2023.06.28 13:30;High;USD;Fed Chair Powell Speaks
2023.06.28 14:30;High;USD;Crude Oil Inventories
2023.06.29 06:30;High;USD;Fed Chair Powell Speaks
2023.06.29 12:30;High;USD;GDP (QoQ) (Q1)
2023.06.29 12:30;High;USD;Initial Jobless Claims
2023.06.30 06:00;High;GBP;GDP (QoQ) (Q1)
2023.06.30 06:00;High;GBP;GDP (YoY) (Q1)
2023.06.30 09:00;High;EUR;CPI (YoY) (Jun)
2023.06.30 12:30;High;USD;Core PCE Price Index (MoM) (May)
2023.06.30 12:30;High;USD;Core PCE Price Index (YoY) (May)
2023.06.30 13:45;High;USD;Chicago PMI (Jun)
2023.07.03 13:45;High;USD;SP Global US Manufacturing PMI (Jun)
2023.07.03 14:00;High;USD;ISM Manufacturing PMI (Jun)
2023.07.03 14:00;High;USD;ISM Manufacturing Prices (Jun)
2023.07.04 04:30;High;AUD;RBA Interest Rate Decision (Jul)
2023.07.05 18:00;High;USD;FOMC Meeting Minutes
2023.07.06 12:15;High;USD;ADP Nonfarm Employment Change (Jun)
2023.07.06 12:30;High;USD;Initial Jobless Claims
2023.07.06 13:45;High;USD;SP Global Services PMI (Jun)
2023.07.06 14:00;High;USD;ISM Non-Manufacturing PMI (Jun)
2023.07.06 14:00;High;USD;ISM Non-Manufacturing Prices (Jun)
2023.07.06 14:00;High;USD;JOLTs Job Openings (May)
2023.07.06 15:00;High;USD;Crude Oil Inventories
2023.07.07 12:30;High;USD;Average Hourly Earnings (MoM) (Jun)
2023.07.07 12:30;High;USD;Nonfarm Payrolls (Jun)
2023.07.07 12:30;High;USD;Unemployment Rate (Jun)
2023.07.12 02:00;High;NZD;RBNZ Interest Rate Decision
2023.07.12 12:30;High;USD;CPI (MoM) (Jun)
2023.07.12 12:30;High;USD;CPI (YoY) (Jun)
2023.07.12 12:30;High;USD;Core CPI (MoM) (Jun)
2023.07.12 14:00;High;CAD;BoC Interest Rate Decision
2023.07.12 14:30;High;USD;Crude Oil Inventories
2023.07.12 17:00;High;USD;10-Year Note Auction
2023.07.13 06:00;High;GBP;GDP (MoM) (May)
2023.07.13 12:30;High;USD;Initial Jobless Claims
2023.07.13 12:30;High;USD;PPI (MoM) (Jun)
2023.07.13 17:00;High;USD;30-Year Bond Auction
2023.07.18 12:30;High;USD;Core Retail Sales (MoM) (Jun)
2023.07.18 12:30;High;USD;Retail Sales (MoM) (Jun)
2023.07.19 06:00;High;GBP;CPI (YoY) (Jun)
2023.07.19 09:00;High;EUR;CPI (YoY) (Jun)
2023.07.19 14:30;High;USD;Crude Oil Inventories
2023.07.20 12:30;High;USD;Initial Jobless Claims
2023.07.20 12:30;High;USD;Philadelphia Fed Manufacturing Index (Jul)
2023.07.20 14:00;High;USD;Existing Home Sales (Jun)
2023.07.24 13:45;High;USD;SP Global Services PMI (Jul)
2023.07.24 13:45;High;USD;SP Global US Manufacturing PMI (Jul)
2023.07.25 14:00;High;USD;CB Consumer Confidence (Jul)
2023.07.26 14:00;High;USD;New Home Sales (Jun)
2023.07.26 14:30;High;USD;Crude Oil Inventories
2023.07.26 18:00;High;USD;FOMC Statement
2023.07.26 18:00;High;USD;Fed Interest Rate Decision
2023.07.26 18:30;High;USD;FOMC Press Conference
2023.07.27 12:15;High;EUR;Deposit Facility Rate (Jul)
2023.07.27 12:15;High;EUR;ECB Interest Rate Decision (Jul)
2023.07.27 12:30;High;USD;Durable Goods Orders (MoM) (Jun)
2023.07.27 12:30;High;USD;GDP (QoQ) (Q2)
2023.07.27 12:30;High;USD;Initial Jobless Claims
2023.07.27 12:45;High;EUR;ECB Press Conference
2023.07.28 03:00;High;JPY;BoJ Interest Rate Decision
2023.07.28 12:30;High;USD;Core PCE Price Index (MoM) (Jun)
2023.07.28 12:30;High;USD;Core PCE Price Index (YoY) (Jun)
2023.07.31 09:00;High;EUR;CPI (YoY) (Jul)
2023.07.31 13:45;High;USD;Chicago PMI (Jul)
2023.08.01 04:30;High;AUD;RBA Interest Rate Decision (Aug)
2023.08.01 13:45;High;USD;SP Global US Manufacturing PMI (Jul)
2023.08.01 14:00;High;USD;ISM Manufacturing PMI (Jul)
2023.08.01 14:00;High;USD;ISM Manufacturing Prices (Jul)
2023.08.01 14:00;High;USD;JOLTs Job Openings (Jun)
2023.08.02 12:15;High;USD;ADP Nonfarm Employment Change (Jul)
2023.08.02 14:30;High;USD;Crude Oil Inventories
2023.08.03 11:00;High;GBP;BoE Interest Rate Decision (Aug)
2023.08.03 12:30;High;USD;Initial Jobless Claims
2023.08.03 13:45;High;USD;SP Global Services PMI (Jul)
2023.08.03 14:00;High;USD;ISM Non-Manufacturing PMI (Jul)
2023.08.03 14:00;High;USD;ISM Non-Manufacturing Prices (Jul)
2023.08.04 12:30;High;USD;Average Hourly Earnings (MoM) (Jul)
2023.08.04 12:30;High;USD;Nonfarm Payrolls (Jul)
2023.08.04 12:30;High;USD;Unemployment Rate (Jul)
2023.08.09 14:30;High;USD;Crude Oil Inventories
2023.08.09 17:00;High;USD;10-Year Note Auction
2023.08.10 12:30;High;USD;CPI (MoM) (Jul)
2023.08.10 12:30;High;USD;CPI (YoY) (Jul)
2023.08.10 12:30;High;USD;Core CPI (MoM) (Jul)
2023.08.10 12:30;High;USD;Initial Jobless Claims
2023.08.10 17:01;High;USD;30-Year Bond Auction
2023.08.11 06:00;High;GBP;GDP (MoM) (Jun)
2023.08.11 06:00;High;GBP;GDP (QoQ) (Q2)
2023.08.11 06:00;High;GBP;GDP (YoY) (Q2)
2023.08.11 12:30;High;USD;PPI (MoM) (Jul)
2023.08.14 23:50;High;JPY;GDP (QoQ) (Q2)
2023.08.15 12:30;High;USD;Core Retail Sales (MoM) (Jul)
2023.08.15 12:30;High;USD;Retail Sales (MoM) (Jul)
2023.08.16 02:00;High;NZD;RBNZ Interest Rate Decision
2023.08.16 06:00;High;GBP;CPI (YoY) (Jul)
2023.08.16 14:30;High;USD;Crude Oil Inventories
2023.08.16 18:00;High;USD;FOMC Meeting Minutes
2023.08.17 12:30;High;USD;Initial Jobless Claims
2023.08.17 12:30;High;USD;Philadelphia Fed Manufacturing Index (Aug)
2023.08.18 09:00;High;EUR;CPI (YoY) (Jul)
2023.08.22 14:00;High;USD;Existing Home Sales (Jul)
2023.08.23 13:45;High;USD;SP Global Services PMI (Aug)
2023.08.23 13:45;High;USD;SP Global US Manufacturing PMI (Aug)
2023.08.23 14:00;High;USD;New Home Sales (Jul)
2023.08.23 14:30;High;USD;Crude Oil Inventories
2023.08.24 12:30;High;USD;Durable Goods Orders (MoM) (Jul)
2023.08.24 12:30;High;USD;Initial Jobless Claims
2023.08.25 14:05;High;USD;Fed Chair Powell Speaks
2023.08.29 14:00;High;USD;CB Consumer Confidence (Aug)
2023.08.29 14:00;High;USD;JOLTs Job Openings (Jul)
2023.08.30 12:15;High;USD;ADP Nonfarm Employment Change (Aug)
2023.08.30 12:30;High;USD;GDP (QoQ) (Q2)
2023.08.30 14:30;High;USD;Crude Oil Inventories
2023.08.31 09:00;High;EUR;CPI (YoY) (Aug)
2023.08.31 12:30;High;USD;Core PCE Price Index (MoM) (Jul)
2023.08.31 12:30;High;USD;Core PCE Price Index (YoY) (Jul)
2023.08.31 12:30;High;USD;Initial Jobless Claims
2023.08.31 13:45;High;USD;Chicago PMI (Aug)
2023.09.01 12:30;High;USD;Average Hourly Earnings (MoM) (Aug)
2023.09.01 12:30;High;USD;Nonfarm Payrolls (Aug)
2023.09.01 12:30;High;USD;Unemployment Rate (Aug)
2023.09.01 13:45;High;USD;SP Global US Manufacturing PMI (Aug)
2023.09.01 14:00;High;USD;ISM Manufacturing PMI (Aug)
2023.09.01 14:00;High;USD;ISM Manufacturing Prices (Aug)
2023.09.05 04:30;High;AUD;RBA Interest Rate Decision (Sep)
2023.09.06 13:45;High;USD;SP Global Services PMI (Aug)
2023.09.06 14:00;High;CAD;BoC Interest Rate Decision
2023.09.06 14:00;High;USD;ISM Non-Manufacturing PMI (Aug)
2023.09.06 14:00;High;USD;ISM Non-Manufacturing Prices (Aug)
2023.09.07 12:30;High;USD;Initial Jobless Claims
2023.09.07 15:00;High;USD;Crude Oil Inventories
2023.09.07 23:50;High;JPY;GDP (QoQ) (Q2)
2023.09.12 17:00;High;USD;10-Year Note Auction
2023.09.13 06:00;High;GBP;GDP (MoM) (Jul)
2023.09.13 12:30;High;USD;CPI (MoM) (Aug)
2023.09.13 12:30;High;USD;CPI (YoY) (Aug)
2023.09.13 12:30;High;USD;Core CPI (MoM) (Aug)
2023.09.13 14:30;High;USD;Crude Oil Inventories
2023.09.13 17:00;High;USD;30-Year Bond Auction
2023.09.14 12:15;High;EUR;Deposit Facility Rate (Sep)
2023.09.14 12:15;High;EUR;ECB Interest Rate Decision (Sep)
2023.09.14 12:30;High;USD;Core Retail Sales (MoM) (Aug)
2023.09.14 12:30;High;USD;Initial Jobless Claims
2023.09.14 12:30;High;USD;PPI (MoM) (Aug)
2023.09.14 12:30;High;USD;Retail Sales (MoM) (Aug)
2023.09.14 12:45;High;EUR;ECB Press Conference
2023.09.19 09:00;High;EUR;CPI (YoY) (Aug)
2023.09.20 06:00;High;GBP;CPI (YoY) (Aug)
2023.09.20 14:30;High;USD;Crude Oil Inventories
2023.09.20 18:00;High;USD;FOMC Economic Projections
2023.09.20 18:00;High;USD;FOMC Statement
2023.09.20 18:00;High;USD;Fed Interest Rate Decision
2023.09.20 18:30;High;USD;FOMC Press Conference
2023.09.21 07:30;High;CHF;SNB Interest Rate Decision (Q3)
2023.09.21 11:00;High;GBP;BoE Interest Rate Decision (Sep)
2023.09.21 12:30;High;USD;Initial Jobless Claims
2023.09.21 12:30;High;USD;Philadelphia Fed Manufacturing Index (Sep)
2023.09.21 14:00;High;USD;Existing Home Sales (Aug)
2023.09.22 02:52;High;JPY;BoJ Interest Rate Decision
2023.09.22 13:45;High;USD;SP Global Services PMI (Sep)
2023.09.22 13:45;High;USD;SP Global US Manufacturing PMI (Sep)
2023.09.26 14:00;High;USD;CB Consumer Confidence (Sep)
2023.09.26 14:00;High;USD;New Home Sales (Aug)
2023.09.27 12:30;High;USD;Durable Goods Orders (MoM) (Aug)
2023.09.27 14:30;High;USD;Crude Oil Inventories
2023.09.28 12:30;High;USD;GDP (QoQ) (Q2)
2023.09.28 12:30;High;USD;Initial Jobless Claims
2023.09.28 20:00;High;USD;Fed Chair Powell Speaks
2023.09.29 06:00;High;GBP;GDP (QoQ) (Q2)
2023.09.29 06:00;High;GBP;GDP (YoY) (Q2)
2023.09.29 09:00;High;EUR;CPI (YoY) (Sep)
2023.09.29 12:30;High;USD;Core PCE Price Index (MoM) (Aug)
2023.09.29 12:30;High;USD;Core PCE Price Index (YoY) (Aug)
2023.09.29 13:45;High;USD;Chicago PMI (Sep)
2023.10.02 13:45;High;USD;SP Global US Manufacturing PMI (Sep)
2023.10.02 14:00;High;USD;ISM Manufacturing PMI (Sep)
2023.10.02 14:00;High;USD;ISM Manufacturing Prices (Sep)
2023.10.02 15:00;High;USD;Fed Chair Powell Speaks
2023.10.03 03:30;High;AUD;RBA Interest Rate Decision (Oct)
2023.10.03 14:00;High;USD;JOLTs Job Openings (Aug)
2023.10.04 01:00;High;NZD;RBNZ Interest Rate Decision
2023.10.04 12:15;High;USD;ADP Nonfarm Employment Change (Sep)
2023.10.04 13:45;High;USD;SP Global Services PMI (Sep)
2023.10.04 14:00;High;USD;ISM Non-Manufacturing PMI (Sep)
2023.10.04 14:00;High;USD;ISM Non-Manufacturing Prices (Sep)
2023.10.04 14:30;High;USD;Crude Oil Inventories
2023.10.05 12:30;High;USD;Initial Jobless Claims
2023.10.06 12:30;High;USD;Average Hourly Earnings (MoM) (Sep)
2023.10.06 12:30;High;USD;Nonfarm Payrolls (Sep)
2023.10.06 12:30;High;USD;Unemployment Rate (Sep)
2023.10.11 12:30;High;USD;PPI (MoM) (Sep)
2023.10.11 17:00;High;USD;10-Year Note Auction
2023.10.11 18:00;High;USD;FOMC Meeting Minutes
2023.10.12 06:00;High;GBP;GDP (MoM) (Aug)
2023.10.12 12:30;High;USD;CPI (MoM) (Sep)
2023.10.12 12:30;High;USD;CPI (YoY) (Sep)
2023.10.12 12:30;High;USD;Core CPI (MoM) (Sep)
2023.10.12 12:30;High;USD;Initial Jobless Claims
2023.10.12 15:00;High;USD;Crude Oil Inventories
2023.10.12 17:00;High;USD;30-Year Bond Auction
2023.10.17 12:30;High;USD;Core Retail Sales (MoM) (Sep)
2023.10.17 12:30;High;USD;Retail Sales (MoM) (Sep)
2023.10.18 06:00;High;GBP;CPI (YoY) (Sep)
2023.10.18 09:00;High;EUR;CPI (YoY) (Sep)
2023.10.18 14:30;High;USD;Crude Oil Inventories
2023.10.19 12:30;High;USD;Initial Jobless Claims
2023.10.19 12:30;High;USD;Philadelphia Fed Manufacturing Index (Oct)
2023.10.19 14:00;High;USD;Existing Home Sales (Sep)
2023.10.19 16:00;High;USD;Fed Chair Powell Speaks
2023.10.24 13:45;High;USD;SP Global Services PMI (Oct)
2023.10.24 13:45;High;USD;SP Global US Manufacturing PMI (Oct)
2023.10.25 14:00;High;CAD;BoC Interest Rate Decision
2023.10.25 14:00;High;USD;New Home Sales (Sep)
2023.10.25 14:30;High;USD;Crude Oil Inventories
2023.10.25 20:35;High;USD;Fed Chair Powell Speaks
2023.10.26 12:15;High;EUR;Deposit Facility Rate (Oct)
2023.10.26 12:15;High;EUR;ECB Interest Rate Decision (Oct)
2023.10.26 12:30;High;USD;Durable Goods Orders (MoM) (Sep)
2023.10.26 12:30;High;USD;GDP (QoQ) (Q3)
2023.10.26 12:30;High;USD;Initial Jobless Claims
2023.10.26 12:45;High;EUR;ECB Press Conference
2023.10.27 12:30;High;USD;Core PCE Price Index (MoM) (Sep)
2023.10.27 12:30;High;USD;Core PCE Price Index (YoY) (Sep)
2023.10.31 03:30;High;JPY;BoJ Interest Rate Decision
2023.10.31 10:00;High;EUR;CPI (YoY) (Oct)
2023.10.31 13:45;High;USD;Chicago PMI (Oct)
2023.10.31 14:00;High;USD;CB Consumer Confidence (Oct)
2023.11.01 12:15;High;USD;ADP Nonfarm Employment Change (Oct)
2023.11.01 13:45;High;USD;SP Global US Manufacturing PMI (Oct)
2023.11.01 14:00;High;USD;ISM Manufacturing PMI (Oct)
2023.11.01 14:00;High;USD;ISM Manufacturing Prices (Oct)
2023.11.01 14:00;High;USD;JOLTs Job Openings (Sep)
2023.11.01 14:30;High;USD;Crude Oil Inventories
2023.11.01 18:00;High;USD;FOMC Statement
2023.11.01 18:00;High;USD;Fed Interest Rate Decision
2023.11.01 18:30;High;USD;FOMC Press Conference
2023.11.02 12:00;High;GBP;BoE Interest Rate Decision (Nov)
2023.11.02 12:30;High;USD;Initial Jobless Claims
2023.11.03 12:30;High;USD;Average Hourly Earnings (MoM) (Oct)
2023.11.03 12:30;High;USD;Nonfarm Payrolls (Oct)
2023.11.03 12:30;High;USD;Unemployment Rate (Oct)
2023.11.03 13:45;High;USD;SP Global Services PMI (Oct)
2023.11.03 14:00;High;USD;ISM Non-Manufacturing PMI (Oct)
2023.11.03 14:00;High;USD;ISM Non-Manufacturing Prices (Oct)
2023.11.07 03:30;High;AUD;RBA Interest Rate Decision (Nov)
2023.11.08 14:15;High;USD;Fed Chair Powell Speaks
2023.11.08 18:00;High;USD;10-Year Note Auction
2023.11.09 13:30;High;USD;Initial Jobless Claims
2023.11.09 18:00;High;USD;30-Year Bond Auction
2023.11.09 19:00;High;USD;Fed Chair Powell Speaks
2023.11.10 07:00;High;GBP;GDP (MoM) (Sep)
2023.11.10 07:00;High;GBP;GDP (QoQ) (Q3)
2023.11.10 07:00;High;GBP;GDP (YoY) (Q3)
2023.11.14 13:30;High;USD;CPI (MoM) (Oct)
2023.11.14 13:30;High;USD;CPI (YoY) (Oct)
2023.11.14 13:30;High;USD;Core CPI (MoM) (Oct)
2023.11.14 23:50;High;JPY;GDP (QoQ) (Q3)
2023.11.15 07:00;High;GBP;CPI (YoY) (Oct)
2023.11.15 13:30;High;USD;Core Retail Sales (MoM) (Oct)
2023.11.15 13:30;High;USD;PPI (MoM) (Oct)
2023.11.15 13:30;High;USD;Retail Sales (MoM) (Oct)
2023.11.15 15:29;High;USD;Crude Oil Inventories
2023.11.15 15:30;High;USD;Crude Oil Inventories
2023.11.16 13:30;High;USD;Initial Jobless Claims
2023.11.16 13:30;High;USD;Philadelphia Fed Manufacturing Index (Nov)
2023.11.17 10:00;High;EUR;CPI (YoY) (Oct)
2023.11.21 15:00;High;USD;Existing Home Sales (Oct)
2023.11.21 19:00;High;USD;FOMC Meeting Minutes
2023.11.22 12:30;High;GBP;Autumn Forecast Statement
2023.11.22 13:30;High;USD;Durable Goods Orders (MoM) (Oct)
2023.11.22 13:30;High;USD;Initial Jobless Claims
2023.11.22 15:30;High;USD;Crude Oil Inventories
2023.11.24 14:45;High;USD;SP Global Services PMI (Nov)
2023.11.24 14:45;High;USD;SP Global US Manufacturing PMI (Nov)
2023.11.27 15:00;High;USD;New Home Sales (Oct)
2023.11.28 15:00;High;USD;CB Consumer Confidence (Nov)
2023.11.29 01:00;High;NZD;RBNZ Interest Rate Decision
2023.11.29 13:30;High;USD;GDP (QoQ) (Q3)
2023.11.29 15:30;High;USD;Crude Oil Inventories
2023.11.30 10:00;High;EUR;CPI (YoY) (Nov)
2023.11.30 13:30;High;USD;Core PCE Price Index (MoM) (Oct)
2023.11.30 13:30;High;USD;Core PCE Price Index (YoY) (Oct)
2023.11.30 13:30;High;USD;Initial Jobless Claims
2023.11.30 14:45;High;USD;Chicago PMI (Nov)
2023.12.01 14:45;High;USD;SP Global US Manufacturing PMI (Nov)
2023.12.01 15:00;High;USD;ISM Manufacturing PMI (Nov)
2023.12.01 15:00;High;USD;ISM Manufacturing Prices (Nov)
2023.12.01 16:00;High;USD;Fed Chair Powell Speaks
2023.12.01 19:00;High;USD;Fed Chair Powell Speaks
2023.12.05 03:30;High;AUD;RBA Interest Rate Decision (Dec)
2023.12.05 14:45;High;USD;SP Global Services PMI (Nov)
2023.12.05 15:00;High;USD;ISM Non-Manufacturing PMI (Nov)
2023.12.05 15:00;High;USD;ISM Non-Manufacturing Prices (Nov)
2023.12.05 15:00;High;USD;JOLTs Job Openings (Oct)
2023.12.06 13:15;High;USD;ADP Nonfarm Employment Change (Nov)
2023.12.06 15:00;High;CAD;BoC Interest Rate Decision
2023.12.06 15:30;High;USD;Crude Oil Inventories
2023.12.07 13:30;High;USD;Initial Jobless Claims
2023.12.07 23:50;High;JPY;GDP (QoQ) (Q3)
2023.12.08 13:30;High;USD;Average Hourly Earnings (MoM) (Nov)
2023.12.08 13:30;High;USD;Nonfarm Payrolls (Nov)
2023.12.08 13:30;High;USD;Unemployment Rate (Nov)
2023.12.11 18:00;High;USD;10-Year Note Auction
2023.12.12 13:30;High;USD;CPI (MoM) (Nov)
2023.12.12 13:30;High;USD;CPI (YoY) (Nov)
2023.12.12 13:30;High;USD;Core CPI (MoM) (Nov)
2023.12.12 18:00;High;USD;30-Year Bond Auction
2023.12.13 07:00;High;GBP;GDP (MoM) (Oct)
2023.12.13 13:30;High;USD;PPI (MoM) (Nov)
2023.12.13 15:30;High;USD;Crude Oil Inventories
2023.12.13 19:00;High;USD;FOMC Economic Projections
2023.12.13 19:00;High;USD;FOMC Statement
2023.12.13 19:00;High;USD;Fed Interest Rate Decision
2023.12.13 19:30;High;USD;FOMC Press Conference
2023.12.14 08:30;High;CHF;SNB Interest Rate Decision (Q4)
2023.12.14 12:00;High;GBP;BoE Interest Rate Decision (Dec)
2023.12.14 13:15;High;EUR;Deposit Facility Rate (Dec)
2023.12.14 13:15;High;EUR;ECB Interest Rate Decision (Dec)
2023.12.14 13:30;High;USD;Core Retail Sales (MoM) (Nov)
2023.12.14 13:30;High;USD;Initial Jobless Claims
2023.12.14 13:30;High;USD;Retail Sales (MoM) (Nov)
2023.12.14 13:45;High;EUR;ECB Press Conference
2023.12.15 14:45;High;USD;SP Global Services PMI (Dec)
2023.12.15 14:45;High;USD;SP Global US Manufacturing PMI (Dec)
2023.12.19 02:49;High;JPY;BoJ Interest Rate Decision
2023.12.19 10:00;High;EUR;CPI (YoY) (Nov)
2023.12.20 07:00;High;GBP;CPI (YoY) (Nov)
2023.12.20 15:00;High;USD;CB Consumer Confidence (Dec)
2023.12.20 15:00;High;USD;Existing Home Sales (Nov)
2023.12.20 15:30;High;USD;Crude Oil Inventories
2023.12.21 13:30;High;USD;GDP (QoQ) (Q3)
2023.12.21 13:30;High;USD;Initial Jobless Claims
2023.12.21 13:30;High;USD;Philadelphia Fed Manufacturing Index (Dec)
2023.12.22 07:00;High;GBP;GDP (QoQ) (Q3)
2023.12.22 07:00;High;GBP;GDP (YoY) (Q3)
2023.12.22 13:30;High;USD;Core PCE Price Index (MoM) (Nov)
2023.12.22 13:30;High;USD;Core PCE Price Index (YoY) (Nov)
2023.12.22 13:30;High;USD;Durable Goods Orders (MoM) (Nov)
2023.12.22 15:00;High;USD;New Home Sales (Nov)
2023.12.28 13:30;High;USD;Initial Jobless Claims
2023.12.28 16:00;High;USD;Crude Oil Inventories
2023.12.29 14:45;High;USD;Chicago PMI (Dec)
2024.01.02 14:45;High;USD;SP Global US Manufacturing PMI (Dec)
2024.01.03 15:00;High;USD;ISM Manufacturing PMI (Dec)
2024.01.03 15:00;High;USD;ISM Manufacturing Prices (Dec)
2024.01.03 15:00;High;USD;JOLTs Job Openings (Nov)
2024.01.03 19:00;High;USD;FOMC Meeting Minutes
2024.01.04 13:15;High;USD;ADP Nonfarm Employment Change (Dec)
2024.01.04 13:30;High;USD;Initial Jobless Claims
2024.01.04 14:45;High;USD;SP Global Services PMI (Dec)
2024.01.04 16:00;High;USD;Crude Oil Inventories
2024.01.05 10:00;High;EUR;CPI (YoY) (Dec)
2024.01.05 13:30;High;USD;Average Hourly Earnings (MoM) (Dec)
2024.01.05 13:30;High;USD;Nonfarm Payrolls (Dec)
2024.01.05 13:30;High;USD;Unemployment Rate (Dec)
2024.01.05 15:00;High;USD;ISM Non-Manufacturing PMI (Dec)
2024.01.05 15:00;High;USD;ISM Non-Manufacturing Prices (Dec)
2024.01.10 15:30;High;USD;Crude Oil Inventories
2024.01.10 18:00;High;USD;10-Year Note Auction
2024.01.11 13:30;High;USD;CPI (MoM) (Dec)
2024.01.11 13:30;High;USD;CPI (YoY) (Dec)
2024.01.11 13:30;High;USD;Core CPI (MoM) (Dec)
2024.01.11 13:30;High;USD;Initial Jobless Claims
2024.01.11 18:00;High;USD;30-Year Bond Auction
2024.01.12 07:00;High;GBP;GDP (MoM) (Nov)
2024.01.12 13:30;High;USD;PPI (MoM) (Dec)
2024.01.17 07:00;High;GBP;CPI (YoY) (Dec)
2024.01.17 10:00;High;EUR;CPI (YoY) (Dec)
2024.01.17 13:30;High;USD;Core Retail Sales (MoM) (Dec)
2024.01.17 13:30;High;USD;Retail Sales (MoM) (Dec)
2024.01.18 13:30;High;USD;Initial Jobless Claims
2024.01.18 13:30;High;USD;Philadelphia Fed Manufacturing Index (Jan)
2024.01.18 16:00;High;USD;Crude Oil Inventories
2024.01.19 15:00;High;USD;Existing Home Sales (Dec)
2024.01.23 03:00;High;JPY;BoJ Interest Rate Decision
2024.01.24 14:45;High;CAD;BoC Interest Rate Decision
2024.01.24 14:45;High;USD;SP Global Services PMI (Jan)
2024.01.24 14:45;High;USD;SP Global US Manufacturing PMI (Jan)
2024.01.24 15:30;High;USD;Crude Oil Inventories
2024.01.25 13:15;High;EUR;Deposit Facility Rate (Jan)
2024.01.25 13:15;High;EUR;ECB Interest Rate Decision (Jan)
2024.01.25 13:30;High;USD;Durable Goods Orders (MoM) (Dec)
2024.01.25 13:30;High;USD;GDP (QoQ) (Q4)
2024.01.25 13:30;High;USD;Initial Jobless Claims
2024.01.25 13:45;High;EUR;ECB Press Conference
2024.01.25 15:00;High;USD;New Home Sales (Dec)
2024.01.26 13:30;High;USD;Core PCE Price Index (MoM) (Dec)
2024.01.26 13:30;High;USD;Core PCE Price Index (YoY) (Dec)
2024.01.30 15:00;High;USD;CB Consumer Confidence (Jan)
2024.01.30 15:00;High;USD;JOLTs Job Openings (Dec)
2024.01.31 13:15;High;USD;ADP Nonfarm Employment Change (Jan)
2024.01.31 14:45;High;USD;Chicago PMI (Jan)
2024.01.31 15:30;High;USD;Crude Oil Inventories
2024.01.31 19:00;High;USD;FOMC Statement
2024.01.31 19:00;High;USD;Fed Interest Rate Decision
2024.01.31 19:30;High;USD;FOMC Press Conference
2024.02.01 10:00;High;EUR;CPI (YoY) (Jan)
2024.02.01 12:00;High;GBP;BoE Interest Rate Decision (Jan)
2024.02.01 13:30;High;USD;Initial Jobless Claims
2024.02.01 14:45;High;USD;SP Global US Manufacturing PMI (Jan)
2024.02.01 15:00;High;USD;ISM Manufacturing PMI (Jan)
2024.02.01 15:00;High;USD;ISM Manufacturing Prices (Jan)
2024.02.02 13:30;High;USD;Average Hourly Earnings (MoM) (Jan)
2024.02.02 13:30;High;USD;Nonfarm Payrolls (Jan)
2024.02.02 13:30;High;USD;Unemployment Rate (Jan)
2024.02.05 00:00;High;USD;Fed Chair Powell Speaks
2024.02.05 14:45;High;USD;SP Global Services PMI (Jan)
2024.02.05 15:00;High;USD;ISM Non-Manufacturing PMI (Jan)
2024.02.05 15:00;High;USD;ISM Non-Manufacturing Prices (Jan)
2024.02.06 03:30;High;AUD;RBA Interest Rate Decision (Feb)
2024.02.07 15:30;High;USD;Crude Oil Inventories
2024.02.07 18:00;High;USD;10-Year Note Auction
2024.02.08 13:30;High;USD;Initial Jobless Claims
2024.02.08 18:00;High;USD;30-Year Bond Auction
2024.02.13 13:30;High;USD;CPI (MoM) (Jan)
2024.02.13 13:30;High;USD;CPI (YoY) (Jan)
2024.02.13 13:30;High;USD;Core CPI (MoM) (Jan)
2024.02.14 07:00;High;GBP;CPI (YoY) (Jan)
2024.02.14 15:30;High;USD;Crude Oil Inventories
2024.02.14 23:50;High;JPY;GDP (QoQ) (Q4)
2024.02.15 07:00;High;GBP;GDP (MoM) (Dec)
2024.02.15 07:00;High;GBP;GDP (QoQ) (Q4)
2024.02.15 07:00;High;GBP;GDP (YoY) (Q4)
2024.02.15 13:30;High;USD;Core Retail Sales (MoM) (Jan)
2024.02.15 13:30;High;USD;Initial Jobless Claims
2024.02.15 13:30;High;USD;Philadelphia Fed Manufacturing Index (Feb)
2024.02.15 13:30;High;USD;Retail Sales (MoM) (Jan)
2024.02.16 13:30;High;USD;PPI (MoM) (Jan)
2024.02.21 19:00;High;USD;FOMC Meeting Minutes
2024.02.22 10:00;High;EUR;CPI (YoY) (Jan)
2024.02.22 13:30;High;USD;Initial Jobless Claims
2024.02.22 14:45;High;USD;SP Global Services PMI (Feb)
2024.02.22 14:45;High;USD;SP Global US Manufacturing PMI (Feb)
2024.02.22 15:00;High;USD;Existing Home Sales (Jan)
2024.02.22 16:00;High;USD;Crude Oil Inventories
2024.02.26 15:00;High;USD;New Home Sales (Jan)
2024.02.27 13:30;High;USD;Durable Goods Orders (MoM) (Jan)
2024.02.27 15:00;High;USD;CB Consumer Confidence (Feb)
2024.02.28 01:00;High;NZD;RBNZ Interest Rate Decision
2024.02.28 13:30;High;USD;GDP (QoQ) (Q4)
2024.02.28 15:30;High;USD;Crude Oil Inventories
2024.02.29 13:30;High;USD;Core PCE Price Index (MoM) (Jan)
2024.02.29 13:30;High;USD;Core PCE Price Index (YoY) (Jan)
2024.02.29 13:30;High;USD;Initial Jobless Claims
2024.02.29 14:45;High;USD;Chicago PMI (Feb)
2024.03.01 10:00;High;EUR;CPI (YoY) (Feb)
2024.03.01 14:45;High;USD;SP Global US Manufacturing PMI (Feb)
2024.03.01 15:00;High;USD;ISM Manufacturing PMI (Feb)
2024.03.01 15:00;High;USD;ISM Manufacturing Prices (Feb)
2024.03.05 14:45;High;USD;SP Global Services PMI (Feb)
2024.03.05 15:00;High;USD;ISM Non-Manufacturing PMI (Feb)
2024.03.05 15:00;High;USD;ISM Non-Manufacturing Prices (Feb)
2024.03.06 12:30;High;GBP;Spring Forecast Statement
2024.03.06 13:15;High;USD;ADP Nonfarm Employment Change (Feb)
2024.03.06 14:45;High;CAD;BoC Interest Rate Decision
2024.03.06 15:00;High;USD;Fed Chair Powell Testifies
2024.03.06 15:00;High;USD;JOLTs Job Openings (Jan)
2024.03.06 15:30;High;USD;Crude Oil Inventories
2024.03.07 13:15;High;EUR;Deposit Facility Rate (Mar)
2024.03.07 13:15;High;EUR;ECB Interest Rate Decision (Mar)
2024.03.07 13:30;High;USD;Initial Jobless Claims
2024.03.07 13:45;High;EUR;ECB Press Conference
2024.03.07 15:00;High;USD;Fed Chair Powell Testifies
2024.03.08 02:00;High;USD;U.S. President Biden Speaks
2024.03.08 13:30;High;USD;Average Hourly Earnings (MoM) (Feb)
2024.03.08 13:30;High;USD;Nonfarm Payrolls (Feb)
2024.03.08 13:30;High;USD;Unemployment Rate (Feb)
2024.03.10 23:50;High;JPY;GDP (QoQ) (Q4)
2024.03.12 12:30;High;USD;CPI (MoM) (Feb)
2024.03.12 12:30;High;USD;CPI (YoY) (Feb)
2024.03.12 12:30;High;USD;Core CPI (MoM) (Feb)
2024.03.12 17:00;High;USD;10-Year Note Auction
2024.03.13 07:00;High;GBP;GDP (MoM) (Jan)
2024.03.13 14:30;High;USD;Crude Oil Inventories
2024.03.13 17:00;High;USD;30-Year Bond Auction
2024.03.14 12:30;High;USD;Core Retail Sales (MoM) (Feb)
2024.03.14 12:30;High;USD;Initial Jobless Claims
2024.03.14 12:30;High;USD;PPI (MoM) (Feb)
2024.03.14 12:30;High;USD;Retail Sales (MoM) (Feb)
2024.03.18 10:00;High;EUR;CPI (YoY) (Feb)
2024.03.19 03:30;High;AUD;RBA Interest Rate Decision (Mar)
2024.03.19 03:35;High;JPY;BoJ Interest Rate Decision
2024.03.20 07:00;High;GBP;CPI (YoY) (Feb)
2024.03.20 14:30;High;USD;Crude Oil Inventories
2024.03.20 18:00;High;USD;FOMC Economic Projections
2024.03.20 18:00;High;USD;FOMC Statement
2024.03.20 18:00;High;USD;Fed Interest Rate Decision
2024.03.20 18:30;High;USD;FOMC Press Conference
2024.03.21 08:30;High;CHF;SNB Interest Rate Decision (Q1)
2024.03.21 12:00;High;GBP;BoE Interest Rate Decision (Mar)
2024.03.21 12:30;High;USD;Initial Jobless Claims
2024.03.21 12:30;High;USD;Philadelphia Fed Manufacturing Index (Mar)
2024.03.21 13:45;High;USD;SP Global Services PMI (Mar)
2024.03.21 13:45;High;USD;SP Global US Manufacturing PMI (Mar)
2024.03.21 14:00;High;USD;Existing Home Sales (Feb)
2024.03.22 13:00;High;USD;Fed Chair Powell Speaks
2024.03.25 14:00;High;USD;New Home Sales (Feb)
2024.03.26 12:30;High;USD;Durable Goods Orders (MoM) (Feb)
2024.03.26 14:00;High;USD;CB Consumer Confidence (Mar)
2024.03.27 14:30;High;USD;Crude Oil Inventories
2024.03.28 07:00;High;GBP;GDP (QoQ) (Q4)
2024.03.28 07:00;High;GBP;GDP (YoY) (Q4)
2024.03.28 12:30;High;USD;GDP (QoQ) (Q4)
2024.03.28 12:30;High;USD;Initial Jobless Claims
2024.03.28 13:45;High;USD;Chicago PMI (Mar)
2024.03.29 12:30;High;USD;Core PCE Price Index (MoM) (Feb)
2024.03.29 12:30;High;USD;Core PCE Price Index (YoY) (Feb)
2024.03.29 15:30;High;USD;Fed Chair Powell Speaks
2024.04.01 13:45;High;USD;SP Global US Manufacturing PMI (Mar)
2024.04.01 14:00;High;USD;ISM Manufacturing PMI (Mar)
2024.04.01 14:00;High;USD;ISM Manufacturing Prices (Mar)
2024.04.02 14:00;High;USD;JOLTs Job Openings (Feb)
2024.04.03 09:00;High;EUR;CPI (YoY) (Mar)
2024.04.03 12:15;High;USD;ADP Nonfarm Employment Change (Mar)
2024.04.03 13:45;High;USD;SP Global Services PMI (Mar)
2024.04.03 14:00;High;USD;ISM Non-Manufacturing PMI (Mar)
2024.04.03 14:00;High;USD;ISM Non-Manufacturing Prices (Mar)
2024.04.03 14:30;High;USD;Crude Oil Inventories
2024.04.03 16:10;High;USD;Fed Chair Powell Speaks
2024.04.04 12:30;High;USD;Initial Jobless Claims
2024.04.05 12:30;High;USD;Average Hourly Earnings (MoM) (Mar)
2024.04.05 12:30;High;USD;Nonfarm Payrolls (Mar)
2024.04.05 12:30;High;USD;Unemployment Rate (Mar)
2024.04.10 02:00;High;NZD;RBNZ Interest Rate Decision
2024.04.10 12:30;High;USD;CPI (MoM) (Mar)
2024.04.10 12:30;High;USD;CPI (YoY) (Mar)
2024.04.10 12:30;High;USD;Core CPI (MoM) (Mar)
2024.04.10 13:45;High;CAD;BoC Interest Rate Decision
2024.04.10 14:30;High;USD;Crude Oil Inventories
2024.04.10 17:00;High;USD;10-Year Note Auction
2024.04.10 18:00;High;USD;FOMC Meeting Minutes
2024.04.11 12:15;High;EUR;Deposit Facility Rate (Apr)
2024.04.11 12:15;High;EUR;ECB Interest Rate Decision (Apr)
2024.04.11 12:30;High;USD;Initial Jobless Claims
2024.04.11 12:30;High;USD;PPI (MoM) (Mar)
2024.04.11 12:45;High;EUR;ECB Press Conference
2024.04.11 17:00;High;USD;30-Year Bond Auction
2024.04.12 06:00;High;GBP;GDP (MoM) (Feb)
2024.04.15 12:30;High;USD;Core Retail Sales (MoM) (Mar)
2024.04.15 12:30;High;USD;Retail Sales (MoM) (Mar)
2024.04.16 17:15;High;USD;Fed Chair Powell Speaks
2024.04.17 06:00;High;GBP;CPI (YoY) (Mar)
2024.04.17 09:00;High;EUR;CPI (YoY) (Mar)
2024.04.17 14:30;High;USD;Crude Oil Inventories
2024.04.18 12:30;High;USD;Initial Jobless Claims
2024.04.18 12:30;High;USD;Philadelphia Fed Manufacturing Index (Apr)
2024.04.18 14:00;High;USD;Existing Home Sales (Mar)
2024.04.23 13:45;High;USD;SP Global Services PMI (Apr)
2024.04.23 13:45;High;USD;SP Global US Manufacturing PMI (Apr)
2024.04.23 14:00;High;USD;New Home Sales (Mar)
2024.04.24 12:30;High;USD;Durable Goods Orders (MoM) (Mar)
2024.04.24 14:30;High;USD;Crude Oil Inventories
2024.04.25 12:30;High;USD;GDP (QoQ) (Q1)
2024.04.25 12:30;High;USD;Initial Jobless Claims
2024.04.26 03:00;High;JPY;BoJ Interest Rate Decision
2024.04.26 12:30;High;USD;Core PCE Price Index (MoM) (Mar)
2024.04.26 12:30;High;USD;Core PCE Price Index (YoY) (Mar)
2024.04.30 09:00;High;EUR;CPI (YoY) (Apr)
2024.04.30 13:45;High;USD;Chicago PMI (Apr)
2024.04.30 14:00;High;USD;CB Consumer Confidence (Apr)
2024.05.01 12:15;High;USD;ADP Nonfarm Employment Change (Apr)
2024.05.01 13:45;High;USD;SP Global US Manufacturing PMI (Apr)
2024.05.01 14:00;High;USD;ISM Manufacturing PMI (Apr)
2024.05.01 14:00;High;USD;ISM Manufacturing Prices (Apr)
2024.05.01 14:00;High;USD;JOLTs Job Openings (Mar)
2024.05.01 14:30;High;USD;Crude Oil Inventories
2024.05.01 18:00;High;USD;FOMC Statement
2024.05.01 18:00;High;USD;Fed Interest Rate Decision
2024.05.01 18:30;High;USD;FOMC Press Conference
2024.05.02 12:30;High;USD;Initial Jobless Claims
2024.05.03 12:30;High;USD;Average Hourly Earnings (MoM) (Apr)
2024.05.03 12:30;High;USD;Nonfarm Payrolls (Apr)
2024.05.03 12:30;High;USD;Unemployment Rate (Apr)
2024.05.03 13:45;High;USD;SP Global Services PMI (Apr)
2024.05.03 14:00;High;USD;ISM Non-Manufacturing PMI (Apr)
2024.05.03 14:00;High;USD;ISM Non-Manufacturing Prices (Apr)
2024.05.07 04:30;High;AUD;RBA Interest Rate Decision (May)
2024.05.08 14:30;High;USD;Crude Oil Inventories
2024.05.08 17:00;High;USD;10-Year Note Auction
2024.05.09 11:00;High;GBP;BoE Interest Rate Decision (Apr)
2024.05.09 12:30;High;USD;Initial Jobless Claims
2024.05.09 17:00;High;USD;30-Year Bond Auction
2024.05.10 06:00;High;GBP;GDP (MoM) (Mar)
2024.05.10 06:00;High;GBP;GDP (QoQ) (Q1)
2024.05.10 06:00;High;GBP;GDP (YoY) (Q1)
2024.05.14 12:30;High;USD;PPI (MoM) (Apr)
2024.05.14 14:00;High;USD;Fed Chair Powell Speaks
2024.05.15 12:30;High;USD;CPI (MoM) (Apr)
2024.05.15 12:30;High;USD;CPI (YoY) (Apr)
2024.05.15 12:30;High;USD;Core CPI (MoM) (Apr)
2024.05.15 12:30;High;USD;Core Retail Sales (MoM) (Apr)
2024.05.15 12:30;High;USD;Retail Sales (MoM) (Apr)
2024.05.15 14:30;High;USD;Crude Oil Inventories
2024.05.15 23:50;High;JPY;GDP (QoQ) (Q1)
2024.05.16 12:30;High;USD;Initial Jobless Claims
2024.05.16 12:30;High;USD;Philadelphia Fed Manufacturing Index (May)
2024.05.17 09:00;High;EUR;CPI (YoY) (Apr)
2024.05.19 19:30;High;USD;Fed Chair Powell Speaks
2024.05.22 02:00;High;NZD;RBNZ Interest Rate Decision
2024.05.22 06:00;High;GBP;CPI (YoY) (Apr)
2024.05.22 14:00;High;USD;Existing Home Sales (Apr)
2024.05.22 14:30;High;USD;Crude Oil Inventories
2024.05.22 18:00;High;USD;FOMC Meeting Minutes
2024.05.23 12:30;High;USD;Initial Jobless Claims
2024.05.23 13:45;High;USD;SP Global Services PMI (May)
2024.05.23 13:45;High;USD;SP Global US Manufacturing PMI (May)
2024.05.23 14:00;High;USD;New Home Sales (Apr)
2024.05.24 12:30;High;USD;Durable Goods Orders (MoM) (Apr)
2024.05.28 14:00;High;USD;CB Consumer Confidence (May)
2024.05.30 12:30;High;USD;GDP (QoQ) (Q1)
2024.05.30 12:30;High;USD;Initial Jobless Claims
2024.05.30 15:00;High;USD;Crude Oil Inventories
2024.05.31 09:00;High;EUR;CPI (YoY) (May)
2024.05.31 12:30;High;USD;Core PCE Price Index (MoM) (Apr)
2024.05.31 12:30;High;USD;Core PCE Price Index (YoY) (Apr)
2024.05.31 13:45;High;USD;Chicago PMI (May)
2024.06.03 13:45;High;USD;SP Global US Manufacturing PMI (May)
2024.06.03 14:00;High;USD;ISM Manufacturing PMI (May)
2024.06.03 14:00;High;USD;ISM Manufacturing Prices (May)
2024.06.04 14:00;High;USD;JOLTs Job Openings (Apr)
2024.06.05 12:15;High;USD;ADP Nonfarm Employment Change (May)
2024.06.05 13:45;High;CAD;BoC Interest Rate Decision
2024.06.05 13:45;High;USD;SP Global Services PMI (May)
2024.06.05 14:00;High;USD;ISM Non-Manufacturing PMI (May)
2024.06.05 14:00;High;USD;ISM Non-Manufacturing Prices (May)
2024.06.05 14:30;High;USD;Crude Oil Inventories
2024.06.06 12:15;High;EUR;Deposit Facility Rate (Jun)
2024.06.06 12:15;High;EUR;ECB Interest Rate Decision (Jun)
2024.06.06 12:30;High;USD;Initial Jobless Claims
2024.06.06 12:45;High;EUR;ECB Press Conference
2024.06.07 12:30;High;USD;Average Hourly Earnings (MoM) (May)
2024.06.07 12:30;High;USD;Nonfarm Payrolls (May)
2024.06.07 12:30;High;USD;Unemployment Rate (May)
2024.06.09 23:50;High;JPY;GDP (QoQ) (Q1)
2024.06.11 17:00;High;USD;10-Year Note Auction
2024.06.12 06:00;High;GBP;GDP (MoM) (Apr)
2024.06.12 12:30;High;USD;CPI (MoM) (May)
2024.06.12 12:30;High;USD;CPI (YoY) (May)
2024.06.12 12:30;High;USD;Core CPI (MoM) (May)
2024.06.12 14:30;High;USD;Crude Oil Inventories
2024.06.12 18:00;High;USD;FOMC Economic Projections
2024.06.12 18:00;High;USD;FOMC Statement
2024.06.12 18:00;High;USD;Fed Interest Rate Decision
2024.06.12 18:30;High;USD;FOMC Press Conference
2024.06.13 12:30;High;USD;Initial Jobless Claims
2024.06.13 12:30;High;USD;PPI (MoM) (May)
2024.06.13 17:00;High;USD;30-Year Bond Auction
2024.06.14 03:25;High;JPY;BoJ Interest Rate Decision
2024.06.14 15:00;High;USD;Fed Monetary Policy Report
2024.06.18 04:30;High;AUD;RBA Interest Rate Decision (Jun)
2024.06.18 09:00;High;EUR;CPI (YoY) (May)
2024.06.18 12:30;High;USD;Core Retail Sales (MoM) (May)
2024.06.18 12:30;High;USD;Retail Sales (MoM) (May)
2024.06.19 06:00;High;GBP;CPI (YoY) (May)
2024.06.20 07:30;High;CHF;SNB Interest Rate Decision (Q2)
2024.06.20 11:00;High;GBP;BoE Interest Rate Decision (Jun)
2024.06.20 12:30;High;USD;Initial Jobless Claims
2024.06.20 12:30;High;USD;Philadelphia Fed Manufacturing Index (Jun)
2024.06.20 15:00;High;USD;Crude Oil Inventories
2024.06.21 13:45;High;USD;SP Global Services PMI (Jun)
2024.06.21 13:45;High;USD;SP Global US Manufacturing PMI (Jun)
2024.06.21 14:00;High;USD;Existing Home Sales (May)
2024.06.21 15:00;High;USD;Fed Monetary Policy Report
2024.06.25 14:00;High;USD;CB Consumer Confidence (Jun)
2024.06.26 14:00;High;USD;New Home Sales (May)
2024.06.26 14:30;High;USD;Crude Oil Inventories
2024.06.27 12:30;High;USD;Durable Goods Orders (MoM) (May)
2024.06.27 12:30;High;USD;GDP (QoQ) (Q1)
2024.06.27 12:30;High;USD;Initial Jobless Claims
2024.06.28 01:00;High;USD;U.S. President Biden Speaks
2024.06.28 06:00;High;GBP;GDP (QoQ) (Q1)
2024.06.28 06:00;High;GBP;GDP (YoY) (Q1)
2024.06.28 12:30;High;USD;Core PCE Price Index (MoM) (May)
2024.06.28 12:30;High;USD;Core PCE Price Index (YoY) (May)
2024.06.28 13:45;High;USD;Chicago PMI (Jun)
2024.07.01 13:45;High;USD;SP Global US Manufacturing PMI (Jun)
2024.07.01 14:00;High;USD;ISM Manufacturing PMI (Jun)
2024.07.01 14:00;High;USD;ISM Manufacturing Prices (Jun)
2024.07.02 09:00;High;EUR;CPI (YoY) (Jun)
2024.07.02 13:30;High;USD;Fed Chair Powell Speaks
2024.07.02 14:00;High;USD;JOLTs Job Openings (May)
2024.07.03 12:15;High;USD;ADP Nonfarm Employment Change (Jun)
2024.07.03 12:30;High;USD;Initial Jobless Claims
2024.07.03 13:45;High;USD;SP Global Services PMI (Jun)
2024.07.03 14:00;High;USD;ISM Non-Manufacturing PMI (Jun)
2024.07.03 14:00;High;USD;ISM Non-Manufacturing Prices (Jun)
2024.07.03 14:30;High;USD;Crude Oil Inventories
2024.07.03 18:00;High;USD;FOMC Meeting Minutes
2024.07.05 12:30;High;USD;Average Hourly Earnings (MoM) (Jun)
2024.07.05 12:30;High;USD;Nonfarm Payrolls (Jun)
2024.07.05 12:30;High;USD;Unemployment Rate (Jun)
2024.07.05 15:00;High;USD;Fed Monetary Policy Report
2024.07.09 14:00;High;USD;Fed Chair Powell Testifies
2024.07.10 02:00;High;NZD;RBNZ Interest Rate Decision
2024.07.10 14:00;High;USD;Fed Chair Powell Testifies
2024.07.10 14:30;High;USD;Crude Oil Inventories
2024.07.10 17:00;High;USD;10-Year Note Auction
2024.07.11 06:00;High;GBP;GDP (MoM) (May)
2024.07.11 12:30;High;USD;CPI (MoM) (Jun)
2024.07.11 12:30;High;USD;CPI (YoY) (Jun)
2024.07.11 12:30;High;USD;Core CPI (MoM) (Jun)
2024.07.11 12:30;High;USD;Initial Jobless Claims
2024.07.11 17:00;High;USD;30-Year Bond Auction
2024.07.12 12:30;High;USD;PPI (MoM) (Jun)
2024.07.15 16:30;High;USD;Fed Chair Powell Speaks
2024.07.16 12:30;High;USD;Core Retail Sales (MoM) (Jun)
2024.07.16 12:30;High;USD;Retail Sales (MoM) (Jun)
2024.07.17 06:00;High;GBP;CPI (YoY) (Jun)
2024.07.17 09:00;High;EUR;CPI (YoY) (Jun)
2024.07.17 14:30;High;USD;Crude Oil Inventories
2024.07.18 12:15;High;EUR;Deposit Facility Rate (Jul)
2024.07.18 12:15;High;EUR;ECB Interest Rate Decision (Jul)
2024.07.18 12:30;High;USD;Initial Jobless Claims
2024.07.18 12:30;High;USD;Philadelphia Fed Manufacturing Index (Jul)
2024.07.18 12:45;High;EUR;ECB Press Conference
2024.07.23 14:00;High;USD;Existing Home Sales (Jun)
2024.07.24 13:45;High;CAD;BoC Interest Rate Decision
2024.07.24 13:45;High;USD;SP Global Services PMI (Jul)
2024.07.24 13:45;High;USD;SP Global US Manufacturing PMI (Jul)
2024.07.24 14:00;High;USD;New Home Sales (Jun)
2024.07.24 14:30;High;USD;Crude Oil Inventories
2024.07.25 00:00;High;USD;U.S. President Biden Speaks
2024.07.25 12:30;High;USD;Durable Goods Orders (MoM) (Jun)
2024.07.25 12:30;High;USD;GDP (QoQ) (Q2)
2024.07.25 12:30;High;USD;Initial Jobless Claims
2024.07.26 12:30;High;USD;Core PCE Price Index (MoM) (Jun)
2024.07.26 12:30;High;USD;Core PCE Price Index (YoY) (Jun)
2024.07.30 14:00;High;USD;CB Consumer Confidence (Jul)
2024.07.30 14:00;High;USD;JOLTs Job Openings (Jun)
2024.07.31 04:00;High;JPY;BoJ Interest Rate Decision
2024.07.31 09:00;High;EUR;CPI (YoY) (Jul)
2024.07.31 12:15;High;USD;ADP Nonfarm Employment Change (Jul)
2024.07.31 13:45;High;USD;Chicago PMI (Jul)
2024.07.31 14:30;High;USD;Crude Oil Inventories
2024.07.31 18:00;High;USD;FOMC Statement
2024.07.31 18:00;High;USD;Fed Interest Rate Decision
2024.07.31 18:30;High;USD;FOMC Press Conference
2024.08.01 11:00;High;GBP;BoE Interest Rate Decision (Aug)
2024.08.01 12:30;High;USD;Initial Jobless Claims
2024.08.01 13:45;High;USD;SP Global US Manufacturing PMI (Jul)
2024.08.01 14:00;High;USD;ISM Manufacturing PMI (Jul)
2024.08.01 14:00;High;USD;ISM Manufacturing Prices (Jul)
2024.08.02 12:30;High;USD;Average Hourly Earnings (MoM) (Jul)
2024.08.02 12:30;High;USD;Nonfarm Payrolls (Jul)
2024.08.02 12:30;High;USD;Unemployment Rate (Jul)
2024.08.05 13:45;High;USD;SP Global Services PMI (Jul)
2024.08.05 14:00;High;USD;ISM Non-Manufacturing PMI (Jul)
2024.08.05 14:00;High;USD;ISM Non-Manufacturing Prices (Jul)
2024.08.06 04:30;High;AUD;RBA Interest Rate Decision (Aug)
2024.08.07 14:30;High;USD;Crude Oil Inventories
2024.08.07 17:00;High;USD;10-Year Note Auction
2024.08.08 12:30;High;USD;Initial Jobless Claims
2024.08.08 17:01;High;USD;30-Year Bond Auction
2024.08.13 12:30;High;USD;PPI (MoM) (Jul)
2024.08.14 02:00;High;NZD;RBNZ Interest Rate Decision
2024.08.14 06:00;High;GBP;CPI (YoY) (Jul)
2024.08.14 12:30;High;USD;CPI (MoM) (Jul)
2024.08.14 12:30;High;USD;CPI (YoY) (Jul)
2024.08.14 12:30;High;USD;Core CPI (MoM) (Jul)
2024.08.14 14:30;High;USD;Crude Oil Inventories
2024.08.14 23:50;High;JPY;GDP (QoQ) (Q2)
2024.08.15 06:00;High;GBP;GDP (MoM) (Jun)
2024.08.15 06:00;High;GBP;GDP (QoQ) (Q2)
2024.08.15 06:00;High;GBP;GDP (YoY) (Q2)
2024.08.15 12:30;High;USD;Core Retail Sales (MoM) (Jul)
2024.08.15 12:30;High;USD;Initial Jobless Claims
2024.08.15 12:30;High;USD;Philadelphia Fed Manufacturing Index (Aug)
2024.08.15 12:30;High;USD;Retail Sales (MoM) (Jul)
2024.08.20 09:00;High;EUR;CPI (YoY) (Jul)
2024.08.21 14:30;High;USD;Crude Oil Inventories
2024.08.21 18:00;High;USD;FOMC Meeting Minutes
2024.08.22 12:30;High;USD;Initial Jobless Claims
2024.08.22 13:45;High;USD;SP Global Services PMI (Aug)
2024.08.22 13:45;High;USD;SP Global US Manufacturing PMI (Aug)
2024.08.22 14:00;High;USD;Existing Home Sales (Jul)
2024.08.23 14:00;High;USD;Fed Chair Powell Speaks
2024.08.23 14:00;High;USD;New Home Sales (Jul)
2024.08.26 12:30;High;USD;Durable Goods Orders (MoM) (Jul)
2024.08.27 14:00;High;USD;CB Consumer Confidence (Aug)
2024.08.28 14:30;High;USD;Crude Oil Inventories
2024.08.29 12:30;High;USD;GDP (QoQ) (Q2)
2024.08.29 12:30;High;USD;Initial Jobless Claims
2024.08.30 09:00;High;EUR;CPI (YoY) (Aug)
2024.08.30 12:30;High;USD;Core PCE Price Index (MoM) (Jul)
2024.08.30 12:30;High;USD;Core PCE Price Index (YoY) (Jul)
2024.08.30 13:45;High;USD;Chicago PMI (Aug)
2024.09.03 13:45;High;USD;SP Global US Manufacturing PMI (Aug)
2024.09.03 14:00;High;USD;ISM Manufacturing PMI (Aug)
2024.09.03 14:00;High;USD;ISM Manufacturing Prices (Aug)
2024.09.04 13:45;High;CAD;BoC Interest Rate Decision
2024.09.04 14:00;High;USD;JOLTs Job Openings (Jul)
2024.09.05 12:15;High;USD;ADP Nonfarm Employment Change (Aug)
2024.09.05 12:30;High;USD;Initial Jobless Claims
2024.09.05 13:45;High;USD;SP Global Services PMI (Aug)
2024.09.05 14:00;High;USD;ISM Non-Manufacturing PMI (Aug)
2024.09.05 14:00;High;USD;ISM Non-Manufacturing Prices (Aug)
2024.09.05 15:00;High;USD;Crude Oil Inventories
2024.09.06 12:30;High;USD;Average Hourly Earnings (MoM) (Aug)
2024.09.06 12:30;High;USD;Nonfarm Payrolls (Aug)
2024.09.06 12:30;High;USD;Unemployment Rate (Aug)
2024.09.08 23:50;High;JPY;GDP (QoQ) (Q2)
2024.09.11 06:00;High;GBP;GDP (MoM) (Jul)
2024.09.11 12:30;High;USD;CPI (MoM) (Aug)
2024.09.11 12:30;High;USD;CPI (YoY) (Aug)
2024.09.11 12:30;High;USD;Core CPI (MoM) (Aug)
2024.09.11 14:30;High;USD;Crude Oil Inventories
2024.09.11 17:00;High;USD;10-Year Note Auction
2024.09.12 12:15;High;EUR;Deposit Facility Rate (Sep)
2024.09.12 12:15;High;EUR;ECB Interest Rate Decision (Sep)
2024.09.12 12:30;High;USD;Initial Jobless Claims
2024.09.12 12:30;High;USD;PPI (MoM) (Aug)
2024.09.12 12:45;High;EUR;ECB Press Conference
2024.09.12 17:00;High;USD;30-Year Bond Auction
2024.09.17 12:30;High;USD;Core Retail Sales (MoM) (Aug)
2024.09.17 12:30;High;USD;Retail Sales (MoM) (Aug)
2024.09.18 06:00;High;GBP;CPI (YoY) (Aug)
2024.09.18 09:00;High;EUR;CPI (YoY) (Aug)
2024.09.18 14:30;High;USD;Crude Oil Inventories
2024.09.18 18:00;High;USD;FOMC Economic Projections
2024.09.18 18:00;High;USD;FOMC Statement
2024.09.18 18:00;High;USD;Fed Interest Rate Decision
2024.09.18 18:30;High;USD;FOMC Press Conference
2024.09.19 11:00;High;GBP;BoE Interest Rate Decision (Sep)
2024.09.19 12:30;High;USD;Initial Jobless Claims
2024.09.19 12:30;High;USD;Philadelphia Fed Manufacturing Index (Sep)
2024.09.19 14:00;High;USD;Existing Home Sales (Aug)
2024.09.20 03:00;High;JPY;BoJ Interest Rate Decision
2024.09.23 13:45;High;USD;SP Global Services PMI (Sep)
2024.09.23 13:45;High;USD;SP Global US Manufacturing PMI (Sep)
2024.09.24 04:30;High;AUD;RBA Interest Rate Decision (Sep)
2024.09.24 14:00;High;USD;CB Consumer Confidence (Sep)
2024.09.25 14:00;High;USD;New Home Sales (Aug)
2024.09.25 14:30;High;USD;Crude Oil Inventories
2024.09.26 12:30;High;USD;Durable Goods Orders (MoM) (Aug)
2024.09.26 12:30;High;USD;GDP (QoQ) (Q2)
2024.09.26 12:30;High;USD;Initial Jobless Claims
2024.09.26 13:20;High;USD;Fed Chair Powell Speaks
2024.09.27 12:30;High;USD;Core PCE Price Index (MoM) (Aug)
2024.09.27 12:30;High;USD;Core PCE Price Index (YoY) (Aug)
2024.09.30 06:00;High;GBP;GDP (QoQ) (Q2)
2024.09.30 06:00;High;GBP;GDP (YoY) (Q2)
2024.09.30 13:45;High;USD;Chicago PMI (Sep)
2024.09.30 17:55;High;USD;Fed Chair Powell Speaks
2024.10.01 09:00;High;EUR;CPI (YoY) (Sep)
2024.10.01 13:45;High;USD;SP Global US Manufacturing PMI (Sep)
2024.10.01 14:00;High;USD;ISM Manufacturing PMI (Sep)
2024.10.01 14:00;High;USD;ISM Manufacturing Prices (Sep)
2024.10.01 14:00;High;USD;JOLTs Job Openings (Aug)
2024.10.02 12:15;High;USD;ADP Nonfarm Employment Change (Sep)
2024.10.02 14:30;High;USD;Crude Oil Inventories
2024.10.03 12:30;High;USD;Initial Jobless Claims
2024.10.03 13:45;High;USD;SP Global Services PMI (Sep)
2024.10.03 14:00;High;USD;ISM Non-Manufacturing PMI (Sep)
2024.10.03 14:00;High;USD;ISM Non-Manufacturing Prices (Sep)
2024.10.04 12:30;High;USD;Average Hourly Earnings (MoM) (Sep)
2024.10.04 12:30;High;USD;Nonfarm Payrolls (Sep)
2024.10.04 12:30;High;USD;Unemployment Rate (Sep)
2024.10.09 01:00;High;NZD;RBNZ Interest Rate Decision
2024.10.09 14:30;High;USD;Crude Oil Inventories
2024.10.09 17:00;High;USD;10-Year Note Auction
2024.10.09 18:00;High;USD;FOMC Meeting Minutes
2024.10.10 12:30;High;USD;CPI (MoM) (Sep)
2024.10.10 12:30;High;USD;CPI (YoY) (Sep)
2024.10.10 12:30;High;USD;Core CPI (MoM) (Sep)
2024.10.10 12:30;High;USD;Initial Jobless Claims
2024.10.10 17:00;High;USD;30-Year Bond Auction
2024.10.11 06:00;High;GBP;GDP (MoM) (Aug)
2024.10.11 12:30;High;USD;PPI (MoM) (Sep)
2024.10.16 06:00;High;GBP;CPI (YoY) (Sep)
2024.10.17 09:00;High;EUR;CPI (YoY) (Sep)
2024.10.17 12:15;High;EUR;Deposit Facility Rate (Oct)
2024.10.17 12:15;High;EUR;ECB Interest Rate Decision (Oct)
2024.10.17 12:30;High;USD;Core Retail Sales (MoM) (Sep)
2024.10.17 12:30;High;USD;Initial Jobless Claims
2024.10.17 12:30;High;USD;Philadelphia Fed Manufacturing Index (Oct)
2024.10.17 12:30;High;USD;Retail Sales (MoM) (Sep)
2024.10.17 12:45;High;EUR;ECB Press Conference
2024.10.17 15:00;High;USD;Crude Oil Inventories
2024.10.23 13:45;High;CAD;BoC Interest Rate Decision
2024.10.23 14:00;High;USD;Existing Home Sales (Sep)
2024.10.23 14:30;High;USD;Crude Oil Inventories
2024.10.24 12:30;High;USD;Initial Jobless Claims
2024.10.24 13:45;High;USD;SP Global Services PMI (Oct)
2024.10.24 13:45;High;USD;SP Global US Manufacturing PMI (Oct)
2024.10.24 14:00;High;USD;New Home Sales (Sep)
2024.10.25 12:30;High;USD;Durable Goods Orders (MoM) (Sep)
2024.10.29 14:00;High;USD;CB Consumer Confidence (Oct)
2024.10.29 14:00;High;USD;JOLTS Job Openings (Sep)
2024.10.30 09:00;High;EUR;German GDP (QoQ) (Q3)
2024.10.30 10:00;High;GBP;Autumn Forecast Statement
2024.10.30 12:15;High;USD;ADP Nonfarm Employment Change (Oct)
2024.10.30 12:30;High;USD;GDP (QoQ) (Q3)
2024.10.30 13:00;High;EUR;German CPI (MoM) (Oct)
2024.10.30 14:30;High;USD;Crude Oil Inventories
2024.10.31 03:00;High;JPY;BoJ Interest Rate Decision
2024.10.31 10:00;High;EUR;CPI (YoY) (Oct)
2024.10.31 12:30;High;USD;Core PCE Price Index (MoM) (Sep)
2024.10.31 12:30;High;USD;Core PCE Price Index (YoY) (Sep)
2024.10.31 12:30;High;USD;Initial Jobless Claims
2024.10.31 13:45;High;USD;Chicago PMI (Oct)
2024.11.01 12:30;High;USD;Average Hourly Earnings (MoM) (Oct)
2024.11.01 12:30;High;USD;Nonfarm Payrolls (Oct)
2024.11.01 12:30;High;USD;Unemployment Rate (Oct)
2024.11.01 13:45;High;USD;SP Global US Manufacturing PMI (Oct)
2024.11.01 14:00;High;USD;ISM Manufacturing PMI (Oct)
2024.11.01 14:00;High;USD;ISM Manufacturing Prices (Oct)
2024.11.05 03:30;High;AUD;RBA Interest Rate Decision (Nov)
2024.11.05 10:00;High;USD;U.S. Presidential Election
2024.11.05 14:45;High;USD;SP Global Services PMI (Oct)
2024.11.05 15:00;High;USD;ISM Non-Manufacturing PMI (Oct)
2024.11.05 15:00;High;USD;ISM Non-Manufacturing Prices (Oct)
2024.11.05 18:00;High;USD;10-Year Note Auction
2024.11.06 14:45;High;USD;SP Global Services PMI (Oct)
2024.11.06 18:00;High;USD;30-Year Bond Auction
2024.11.07 12:00;High;GBP;BoE Interest Rate Decision (Nov)
2024.11.07 13:30;High;USD;Initial Jobless Claims
2024.11.07 18:00;High;USD;Fed Interest Rate Decision
2024.11.07 19:30;High;USD;FOMC Press Conference
2024.11.12 07:00;High;EUR;German CPI (MoM) (Oct)
2024.11.13 13:30;High;USD;CPI (MoM) (Oct)
2024.11.13 13:30;High;USD;CPI (YoY) (Oct)
2024.11.13 13:30;High;USD;Core CPI (MoM) (Oct)
2024.11.14 13:30;High;USD;PPI (MoM) (Oct)
2024.11.14 23:50;High;JPY;GDP (QoQ) (Q3)
2024.11.15 07:00;High;GBP;GDP (MoM) (Sep)
2024.11.15 07:00;High;GBP;GDP (QoQ) (Q3)
2024.11.15 07:00;High;GBP;GDP (YoY) (Q3)
2024.11.15 13:30;High;USD;Core Retail Sales (MoM) (Oct)
2024.11.15 13:30;High;USD;Retail Sales (MoM) (Oct)
2024.11.19 10:00;High;EUR;CPI (YoY) (Oct)
2024.11.20 07:00;High;GBP;CPI (YoY) (Oct)
2024.11.27 01:00;High;NZD;RBNZ Interest Rate Decision
2024.12.10 03:30;High;AUD;RBA Interest Rate Decision
2024.12.11 14:45;High;CAD;BoC Interest Rate Decision
2024.12.12 08:30;High;CHF;SNB Interest Rate Decision
2024.12.12 13:15;High;EUR;ECB Interest Rate Decision
2024.12.18 19:00;High;USD;Fed Interest Rate Decision
2024.12.19 03:00;High;JPY;BoJ Interest Rate Decision
2024.12.19 12:00;High;GBP;BoE Interest Rate Decision
2025.01.02 13:30;High;USD;Initial Jobless Claims
2025.01.02 16:00;High;USD;Crude Oil Inventories
2025.01.03 15:00;High;USD;ISM Manufacturing PMI (Dec)
2025.01.03 15:00;High;USD;ISM Manufacturing Prices (Dec)
2025.01.07 10:00;High;EUR;CPI (YoY) (Dec)
2025.01.07 15:00;High;USD;ISM Non-Manufacturing PMI (Dec)
2025.01.07 15:00;High;USD;ISM Non-Manufacturing Prices (Dec)
2025.01.07 15:00;High;USD;JOLTS Job Openings (Nov)
2025.01.07 18:00;High;USD;10-Year Note Auction
2025.01.08 13:15;High;USD;ADP Nonfarm Employment Change (Dec)
2025.01.08 13:30;High;USD;Initial Jobless Claims
2025.01.08 15:30;High;USD;Crude Oil Inventories
2025.01.08 18:00;High;USD;30-Year Bond Auction
2025.01.08 19:00;High;USD;FOMC Meeting Minutes
2025.01.10 13:30;High;USD;Average Hourly Earnings (MoM) (Dec)
2025.01.10 13:30;High;USD;Nonfarm Payrolls (Dec)
2025.01.10 13:30;High;USD;Unemployment Rate (Dec)
2025.01.14 13:30;High;USD;PPI (MoM) (Dec)
2025.01.15 07:00;High;GBP;CPI (YoY) (Dec)
2025.01.15 13:30;High;USD;CPI (MoM) (Dec)
2025.01.15 13:30;High;USD;CPI (YoY) (Dec)
2025.01.15 13:30;High;USD;Core CPI (MoM) (Dec)
2025.01.15 15:30;High;USD;Crude Oil Inventories
2025.01.16 07:00;High;GBP;GDP (MoM) (Nov)
2025.01.16 13:30;High;USD;Core Retail Sales (MoM) (Dec)
2025.01.16 13:30;High;USD;Initial Jobless Claims
2025.01.16 13:30;High;USD;Philadelphia Fed Manufacturing Index (Jan)
2025.01.16 13:30;High;USD;Retail Sales (MoM) (Dec)
2025.01.17 10:00;High;EUR;CPI (YoY) (Dec)
2025.01.20 17:00;High;USD;U.S. President Trump Speaks
2025.01.23 13:30;High;USD;Initial Jobless Claims
2025.01.23 16:00;High;USD;U.S. President Trump Speaks
2025.01.23 17:00;High;USD;Crude Oil Inventories
2025.01.24 03:20;High;JPY;BoJ Interest Rate Decision
2025.01.24 15:00;High;USD;Existing Home Sales (Dec)
2025.01.27 15:00;High;USD;New Home Sales (Dec)
2025.01.28 13:30;High;USD;Durable Goods Orders (MoM) (Dec)
2025.01.28 15:00;High;USD;CB Consumer Confidence (Jan)
2025.01.29 14:45;High;CAD;BoC Interest Rate Decision
2025.01.29 15:30;High;USD;Crude Oil Inventories
2025.01.29 19:00;High;USD;FOMC Statement
2025.01.29 19:00;High;USD;Fed Interest Rate Decision
2025.01.29 19:30;High;USD;FOMC Press Conference
2025.01.30 13:15;High;EUR;Deposit Facility Rate (Jan)
2025.01.30 13:15;High;EUR;ECB Interest Rate Decision (Jan)
2025.01.30 13:30;High;USD;GDP (QoQ) (Q4)
2025.01.30 13:30;High;USD;Initial Jobless Claims
2025.01.30 13:45;High;EUR;ECB Press Conference
2025.01.31 13:30;High;USD;Core PCE Price Index (MoM) (Dec)
2025.01.31 13:30;High;USD;Core PCE Price Index (YoY) (Dec)
2025.01.31 14:45;High;USD;Chicago PMI (Jan)
2025.02.03 10:00;High;EUR;CPI (YoY) (Jan)
2025.02.03 15:00;High;USD;ISM Manufacturing PMI (Jan)
2025.02.03 15:00;High;USD;ISM Manufacturing Prices (Jan)
2025.02.04 15:00;High;USD;JOLTS Job Openings (Dec)
2025.02.05 13:15;High;USD;ADP Nonfarm Employment Change (Jan)
2025.02.05 15:00;High;USD;ISM Non-Manufacturing PMI (Jan)
2025.02.05 15:00;High;USD;ISM Non-Manufacturing Prices (Jan)
2025.02.05 15:30;High;USD;Crude Oil Inventories
2025.02.06 12:00;High;GBP;BoE Interest Rate Decision (Feb)
2025.02.06 13:30;High;USD;Initial Jobless Claims
2025.02.07 13:30;High;USD;Average Hourly Earnings (MoM) (Jan)
2025.02.07 13:30;High;USD;Nonfarm Payrolls (Jan)
2025.02.07 13:30;High;USD;Unemployment Rate (Jan)
2025.02.07 15:00;High;USD;Fed Monetary Policy Report
2025.02.11 15:00;High;USD;Fed Chair Powell Testifies
2025.02.12 13:30;High;USD;CPI (MoM) (Jan)
2025.02.12 13:30;High;USD;CPI (YoY) (Jan)
2025.02.12 13:30;High;USD;Core CPI (MoM) (Jan)
2025.02.12 15:00;High;USD;Fed Chair Powell Testifies
2025.02.12 15:30;High;USD;Crude Oil Inventories
2025.02.12 18:00;High;USD;10-Year Note Auction
2025.02.13 07:00;High;GBP;GDP (MoM) (Dec)
2025.02.13 07:00;High;GBP;GDP (QoQ) (Q4)
2025.02.13 07:00;High;GBP;GDP (YoY) (Q4)
2025.02.13 13:30;High;USD;Initial Jobless Claims
2025.02.13 13:30;High;USD;PPI (MoM) (Jan)
2025.02.13 18:00;High;USD;30-Year Bond Auction
2025.02.14 13:30;High;USD;Core Retail Sales (MoM) (Jan)
2025.02.14 13:30;High;USD;Retail Sales (MoM) (Jan)
2025.02.16 23:50;High;JPY;GDP (QoQ) (Q4)
2025.02.18 03:30;High;AUD;RBA Interest Rate Decision (Feb)
2025.02.19 01:00;High;NZD;RBNZ Interest Rate Decision
2025.02.19 02:00;High;USD;U.S. President Trump Speaks
2025.02.19 07:00;High;GBP;CPI (YoY) (Jan)
2025.02.19 19:00;High;USD;FOMC Meeting Minutes
2025.02.20 13:30;High;USD;Initial Jobless Claims
2025.02.20 13:30;High;USD;Philadelphia Fed Manufacturing Index (Feb)
2025.02.20 17:00;High;USD;Crude Oil Inventories
2025.02.21 15:00;High;USD;Existing Home Sales (Jan)
2025.02.24 10:00;High;EUR;CPI (YoY) (Jan)
2025.02.25 15:00;High;USD;CB Consumer Confidence (Feb)
2025.02.26 15:00;High;USD;Crude Oil Inventories
2025.02.26 15:00;High;USD;New Home Sales (Jan)
2025.02.27 13:30;High;USD;Durable Goods Orders (MoM) (Jan)
2025.02.27 13:30;High;USD;GDP (QoQ) (Q4)
2025.02.27 13:30;High;USD;Initial Jobless Claims
2025.02.28 13:30;High;USD;Core PCE Price Index (MoM) (Jan)
2025.02.28 13:30;High;USD;Core PCE Price Index (YoY) (Jan)
2025.02.28 14:45;High;USD;Chicago PMI (Feb)
2025.03.03 10:00;High;EUR;CPI (YoY) (Feb)
2025.03.03 15:00;High;USD;ISM Manufacturing PMI (Feb)
2025.03.03 15:00;High;USD;ISM Manufacturing Prices (Feb)
2025.03.05 02:10;High;USD;U.S. President Trump Speaks
2025.03.05 13:15;High;USD;ADP Nonfarm Employment Change (Feb)
2025.03.05 15:00;High;USD;ISM Non-Manufacturing PMI (Feb)
2025.03.05 15:00;High;USD;ISM Non-Manufacturing Prices (Feb)
2025.03.05 15:30;High;USD;Crude Oil Inventories
2025.03.06 13:15;High;EUR;Deposit Facility Rate (Mar)
2025.03.06 13:15;High;EUR;ECB Interest Rate Decision (Mar)
2025.03.06 13:30;High;USD;Initial Jobless Claims
2025.03.06 13:45;High;EUR;ECB Press Conference
2025.03.07 13:30;High;USD;Average Hourly Earnings (MoM) (Feb)
2025.03.07 13:30;High;USD;Nonfarm Payrolls (Feb)
2025.03.07 13:30;High;USD;Unemployment Rate (Feb)
2025.03.07 17:30;High;USD;Fed Chair Powell Speaks
2025.03.07 18:30;High;USD;U.S. President Trump Speaks
2025.03.10 23:50;High;JPY;GDP (QoQ) (Q4)
2025.03.11 14:00;High;USD;JOLTS Job Openings (Jan)
2025.03.12 12:30;High;USD;CPI (MoM) (Feb)
2025.03.12 12:30;High;USD;CPI (YoY) (Feb)
2025.03.12 12:30;High;USD;Core CPI (MoM) (Feb)
2025.03.12 13:30;High;USD;Crude Oil Inventories
2025.03.12 13:45;High;CAD;BoC Interest Rate Decision
2025.03.12 17:00;High;USD;10-Year Note Auction
2025.03.13 12:30;High;USD;Initial Jobless Claims
2025.03.13 12:30;High;USD;PPI (MoM) (Feb)
2025.03.13 17:00;High;USD;30-Year Bond Auction
2025.03.14 07:00;High;GBP;GDP (MoM) (Jan)
2025.03.17 12:30;High;USD;Core Retail Sales (MoM) (Feb)
2025.03.17 12:30;High;USD;Retail Sales (MoM) (Feb)
2025.03.19 02:30;High;JPY;BoJ Interest Rate Decision
2025.03.19 10:00;High;EUR;CPI (YoY) (Feb)
2025.03.19 13:30;High;USD;Crude Oil Inventories
2025.03.19 18:00;High;USD;FOMC Economic Projections
2025.03.19 18:00;High;USD;FOMC Statement
2025.03.19 18:00;High;USD;Fed Interest Rate Decision
2025.03.19 18:30;High;USD;FOMC Press Conference
2025.03.20 08:30;High;CHF;SNB Interest Rate Decision (Q1)
2025.03.20 12:00;High;GBP;BoE Interest Rate Decision (Mar)
2025.03.20 12:30;High;USD;Initial Jobless Claims
2025.03.20 12:30;High;USD;Philadelphia Fed Manufacturing Index (Mar)
2025.03.20 14:00;High;USD;Existing Home Sales (Feb)
2025.03.25 14:00;High;USD;CB Consumer Confidence (Mar)
2025.03.25 14:00;High;USD;New Home Sales (Feb)
2025.03.26 07:00;High;GBP;CPI (YoY) (Feb)
2025.03.26 10:00;High;GBP;Spring Forecast Statement
2025.03.26 12:30;High;USD;Durable Goods Orders (MoM) (Feb)
2025.03.26 14:30;High;USD;Crude Oil Inventories
2025.03.27 01:00;High;USD;U.S. President Trump Speaks
2025.03.27 12:30;High;USD;GDP (QoQ) (Q4)
2025.03.27 12:30;High;USD;Initial Jobless Claims
2025.03.28 07:00;High;GBP;GDP (QoQ) (Q4)
2025.03.28 07:00;High;GBP;GDP (YoY) (Q4)
2025.03.28 12:30;High;USD;Core PCE Price Index (MoM) (Feb)
2025.03.28 12:30;High;USD;Core PCE Price Index (YoY) (Feb)
2025.03.31 12:45;High;USD;Chicago PMI (Mar)
2025.04.01 02:30;High;AUD;RBA Interest Rate Decision (Apr)
2025.04.01 08:00;High;EUR;CPI (YoY) (Mar)
2025.04.01 13:00;High;USD;ISM Manufacturing PMI (Mar)
2025.04.01 13:00;High;USD;ISM Manufacturing Prices (Mar)
2025.04.01 13:00;High;USD;JOLTS Job Openings (Feb)
2025.04.02 11:15;High;USD;ADP Nonfarm Employment Change (Mar)
2025.04.02 13:30;High;USD;Crude Oil Inventories
2025.04.02 19:00;High;USD;U.S. President Trump Speaks
2025.04.03 11:30;High;USD;Initial Jobless Claims
2025.04.03 13:00;High;USD;ISM Non-Manufacturing PMI (Mar)
2025.04.03 13:00;High;USD;ISM Non-Manufacturing Prices (Mar)
2025.04.04 11:30;High;USD;Average Hourly Earnings (MoM) (Mar)
2025.04.04 11:30;High;USD;Nonfarm Payrolls (Mar)
2025.04.04 11:30;High;USD;Unemployment Rate (Mar)
2025.04.04 14:25;High;USD;Fed Chair Powell Speaks
2025.04.09 01:00;High;NZD;RBNZ Interest Rate Decision
2025.04.09 13:30;High;USD;Crude Oil Inventories
2025.04.09 16:00;High;USD;10-Year Note Auction
2025.04.09 17:00;High;USD;FOMC Meeting Minutes
2025.04.10 11:30;High;USD;CPI (MoM) (Mar)
2025.04.10 11:30;High;USD;CPI (YoY) (Mar)
2025.04.10 11:30;High;USD;Core CPI (MoM) (Mar)
2025.04.10 11:30;High;USD;Initial Jobless Claims
2025.04.10 16:00;High;USD;30-Year Bond Auction
2025.04.11 05:00;High;GBP;GDP (MoM) (Feb)
2025.04.11 11:30;High;USD;PPI (MoM) (Mar)
2025.04.16 05:00;High;GBP;CPI (YoY) (Mar)
2025.04.16 08:00;High;EUR;CPI (YoY) (Mar)
2025.04.16 11:30;High;USD;Core Retail Sales (MoM) (Mar)
2025.04.16 11:30;High;USD;Retail Sales (MoM) (Mar)
2025.04.16 12:45;High;CAD;BoC Interest Rate Decision
2025.04.16 13:30;High;USD;Crude Oil Inventories
2025.04.16 16:30;High;USD;Fed Chair Powell Speaks
2025.04.17 11:15;High;EUR;Deposit Facility Rate (Apr)
2025.04.17 11:15;High;EUR;ECB Interest Rate Decision (Apr)
2025.04.17 11:30;High;USD;Initial Jobless Claims
2025.04.17 11:30;High;USD;Philadelphia Fed Manufacturing Index (Apr)
2025.04.17 11:45;High;EUR;ECB Press Conference
2025.04.23 13:00;High;USD;New Home Sales (Mar)
2025.04.23 13:30;High;USD;Crude Oil Inventories
2025.04.24 11:30;High;USD;Durable Goods Orders (MoM) (Mar)
2025.04.24 11:30;High;USD;Initial Jobless Claims
2025.04.24 13:00;High;USD;Existing Home Sales (Mar)
2025.04.29 13:00;High;USD;CB Consumer Confidence (Apr)
2025.04.29 13:00;High;USD;JOLTS Job Openings (Mar)
2025.04.30 11:15;High;USD;ADP Nonfarm Employment Change (Apr)
2025.04.30 11:30;High;USD;GDP (QoQ) (Q1)
2025.04.30 12:45;High;USD;Chicago PMI (Apr)
2025.04.30 13:00;High;USD;Core PCE Price Index (MoM) (Mar)
2025.04.30 13:00;High;USD;Core PCE Price Index (YoY) (Mar)
2025.04.30 13:30;High;USD;Crude Oil Inventories
2025.04.30 23:00;High;USD;U.S. President Trump Speaks
2025.05.01 02:00;High;JPY;BoJ Interest Rate Decision
2025.05.01 11:30;High;USD;Initial Jobless Claims
2025.05.01 13:00;High;USD;ISM Manufacturing PMI (Apr)
2025.05.01 13:00;High;USD;ISM Manufacturing Prices (Apr)
2025.05.02 08:00;High;EUR;CPI (YoY) (Apr)
2025.05.02 11:30;High;USD;Average Hourly Earnings (MoM) (Apr)
2025.05.02 11:30;High;USD;Nonfarm Payrolls (Apr)
2025.05.02 11:30;High;USD;Unemployment Rate (Apr)
2025.05.05 13:00;High;USD;ISM Non-Manufacturing PMI (Apr)
2025.05.05 13:00;High;USD;ISM Non-Manufacturing Prices (Apr)
2025.05.06 16:00;High;USD;10-Year Note Auction
2025.05.07 13:30;High;USD;Crude Oil Inventories
2025.05.07 17:00;High;USD;FOMC Statement
2025.05.07 17:00;High;USD;Fed Interest Rate Decision
2025.05.07 17:30;High;USD;FOMC Press Conference
2025.05.08 10:02;High;GBP;BoE Interest Rate Decision (May)
2025.05.08 11:30;High;USD;Initial Jobless Claims
2025.05.08 16:00;High;USD;30-Year Bond Auction
2025.05.13 11:30;High;USD;CPI (MoM) (Apr)
2025.05.13 11:30;High;USD;CPI (YoY) (Apr)
2025.05.13 11:30;High;USD;Core CPI (MoM) (Apr)
2025.05.13 14:30;High;USD;U.S. President Trump Speaks
2025.05.14 13:30;High;USD;Crude Oil Inventories
2025.05.15 05:00;High;GBP;GDP (MoM) (Mar)
2025.05.15 05:00;High;GBP;GDP (QoQ) (Q1)
2025.05.15 05:00;High;GBP;GDP (YoY) (Q1)
2025.05.15 11:30;High;USD;Core Retail Sales (MoM) (Apr)
2025.05.15 11:30;High;USD;Initial Jobless Claims
2025.05.15 11:30;High;USD;PPI (MoM) (Apr)
2025.05.15 11:30;High;USD;Philadelphia Fed Manufacturing Index (May)
2025.05.15 11:30;High;USD;Retail Sales (MoM) (Apr)
2025.05.15 11:40;High;USD;Fed Chair Powell Speaks
2025.05.15 22:50;High;JPY;GDP (QoQ) (Q1)
2025.05.19 08:00;High;EUR;CPI (YoY) (Apr)
2025.05.20 03:30;High;AUD;RBA Interest Rate Decision (May)
2025.05.21 05:00;High;GBP;CPI (YoY) (Apr)
2025.05.21 13:30;High;USD;Crude Oil Inventories
2025.05.22 11:30;High;USD;Initial Jobless Claims
2025.05.22 12:45;High;USD;SP Global Manufacturing PMI (May)
2025.05.22 12:45;High;USD;SP Global Services PMI (May)
2025.05.22 13:00;High;USD;Existing Home Sales (Apr)
2025.05.23 13:00;High;USD;New Home Sales (Apr)
2025.05.25 17:40;High;USD;Fed Chair Powell Speaks
2025.05.27 11:30;High;USD;Durable Goods Orders (MoM) (Apr)
2025.05.27 13:00;High;USD;CB Consumer Confidence (May)
2025.05.28 01:00;High;NZD;RBNZ Interest Rate Decision
2025.05.28 17:00;High;USD;FOMC Meeting Minutes
2025.05.29 11:30;High;USD;GDP (QoQ) (Q1)
2025.05.29 11:30;High;USD;Initial Jobless Claims
2025.05.29 15:00;High;USD;Crude Oil Inventories
2025.05.30 11:30;High;USD;Core PCE Price Index (MoM) (Apr)
2025.05.30 11:30;High;USD;Core PCE Price Index (YoY) (Apr)
2025.05.30 12:45;High;USD;Chicago PMI (May)
2025.06.02 12:45;High;USD;SP Global Manufacturing PMI (May)
2025.06.02 13:00;High;USD;ISM Manufacturing PMI (May)
2025.06.02 13:00;High;USD;ISM Manufacturing Prices (May)
2025.06.02 16:00;High;USD;Fed Chair Powell Speaks
2025.06.03 08:00;High;EUR;CPI (YoY) (May)
2025.06.03 13:00;High;USD;JOLTS Job Openings (Apr)
2025.06.04 11:15;High;USD;ADP Nonfarm Employment Change (May)
2025.06.04 12:45;High;CAD;BoC Interest Rate Decision
2025.06.04 12:45;High;USD;SP Global Services PMI (May)
2025.06.04 13:00;High;USD;ISM Non-Manufacturing PMI (May)
2025.06.04 13:00;High;USD;ISM Non-Manufacturing Prices (May)
2025.06.04 13:30;High;USD;Crude Oil Inventories
2025.06.05 11:15;High;EUR;Deposit Facility Rate (Jun)
2025.06.05 11:15;High;EUR;ECB Interest Rate Decision (Jun)
2025.06.05 11:30;High;USD;Initial Jobless Claims
2025.06.05 11:45;High;EUR;ECB Press Conference
2025.06.06 11:30;High;USD;Average Hourly Earnings (MoM) (May)
2025.06.06 11:30;High;USD;Nonfarm Payrolls (May)
2025.06.06 11:30;High;USD;Unemployment Rate (May)
2025.06.08 22:50;High;JPY;GDP (QoQ) (Q1)
2025.06.10 19:00;High;USD;U.S. President Trump Speaks
2025.06.11 11:30;High;USD;CPI (MoM) (May)
2025.06.11 11:30;High;USD;CPI (YoY) (May)
2025.06.11 11:30;High;USD;Core CPI (MoM) (May)
2025.06.11 13:30;High;USD;Crude Oil Inventories
2025.06.11 17:00;High;USD;10-Year Note Auction
2025.06.12 05:00;High;GBP;GDP (MoM) (Apr)
2025.06.12 11:30;High;USD;Initial Jobless Claims
2025.06.12 11:30;High;USD;PPI (MoM) (May)
2025.06.12 16:00;High;USD;30-Year Bond Auction
2025.06.17 02:00;High;JPY;BoJ Interest Rate Decision
2025.06.17 11:30;High;USD;Core Retail Sales (MoM) (May)
2025.06.17 11:30;High;USD;Retail Sales (MoM) (May)
2025.06.18 05:00;High;GBP;CPI (YoY) (May)
2025.06.18 08:00;High;EUR;CPI (YoY) (May)
2025.06.18 13:30;High;USD;Crude Oil Inventories
2025.06.18 17:00;High;USD;FOMC Economic Projections
2025.06.18 17:00;High;USD;FOMC Statement
2025.06.18 17:00;High;USD;Fed Interest Rate Decision
2025.06.18 17:30;High;USD;FOMC Press Conference
2025.06.19 06:30;High;CHF;SNB Interest Rate Decision (Q2)
2025.06.19 10:00;High;GBP;BoE Interest Rate Decision (Jun)
2025.06.19 11:30;High;USD;Initial Jobless Claims
2025.06.20 11:30;High;USD;Philadelphia Fed Manufacturing Index (Jun)
2025.06.23 13:00;High;USD;Existing Home Sales (May)
2025.06.24 13:00;High;USD;CB Consumer Confidence (Jun)
2025.06.25 13:00;High;USD;New Home Sales (May)
2025.06.26 11:30;High;USD;Durable Goods Orders (MoM) (May)
2025.06.26 11:30;High;USD;GDP (QoQ) (Q1)
2025.06.27 05:00;High;GBP;GDP (QoQ) (Q1)
2025.06.27 05:00;High;GBP;GDP (YoY) (Q1)
2025.06.27 11:30;High;USD;Core PCE Price Index (MoM) (May)
2025.06.27 11:30;High;USD;Core PCE Price Index (YoY) (May)
2025.06.30 12:45;High;USD;Chicago PMI (Jun)
2025.07.01 08:00;High;EUR;CPI (YoY) (Jun)
2025.07.01 13:00;High;USD;ISM Manufacturing PMI (Jun)
2025.07.01 13:00;High;USD;ISM Manufacturing Prices (Jun)
2025.07.01 13:00;High;USD;JOLTS Job Openings (May)
2025.07.02 11:15;High;USD;ADP Nonfarm Employment Change (Jun)
2025.07.03 11:30;High;USD;Average Hourly Earnings (MoM) (Jun)
2025.07.03 11:30;High;USD;Nonfarm Payrolls (Jun)
2025.07.03 11:30;High;USD;Unemployment Rate (Jun)
2025.07.03 13:00;High;USD;ISM Non-Manufacturing PMI (Jun)
2025.07.03 13:00;High;USD;ISM Non-Manufacturing Prices (Jun)
2025.07.30 02:00;High;JPY;BoJ Interest Rate Decision
2025.07.30 17:00;High;USD;Fed Interest Rate Decision
2025.09.17 17:00;High;USD;Fed Interest Rate Decision
2025.09.19 02:00;High;JPY;BoJ Interest Rate Decision
2025.10.29 18:00;High;USD;Fed Interest Rate Decision
2025.10.30 03:00;High;JPY;BoJ Interest Rate Decision
2025.12.10 19:00;High;USD;Fed Interest Rate Decision
2025.12.19 03:00;High;JPY;BoJ Interest Rate Decision
